"order_id";"order_date";"region";"city";"product_name";"category";"quantity";"unit_price";"total_revenue";"customer_id";"sales_channel"
"UK-2026-100285";"2026-01-20";"North";"Gurugram";"Cricket Bat English Willow";"Sports";2;9383;"18766";"CUST-95592";"Website"
"UK-2026-104717";"2026-06-02";"West";"Ahmedabad";"Foldable Treadmill T2";"Sports";1;24379;"24379";"CUST-54204";"App"
"UK-2026-102016";"2026-03-01";"Central";"Nagpur";"Mixer Grinder 750W";"Home & Kitchen";1;3258;"3258";"CUST-84935";"App"
"UK-2026-101080";"2026-02-11";"East";"Patna";"Mixer Grinder 750W";"Home & Kitchen";2;3321;"6642";"CUST-45654";"App"
"UK-2026-101085";"2026-02-11";"South";"Hyderabad";"Running Sneakers";"Fashion";1;2718;"2718";"CUST-89016";"Marketplace"
"UK-2026-100021";"2026-01-25";"West";"Pune";"Cotton Kurta Set";"Fashion";1;1319;"1319";"CUST-57583";"App"
"UK-2026-101512";"2026-03-10";"North";"Gurugram";"Wireless Earbuds Pro";"Electronics";1;3004;"3004";"CUST-33335";"Marketplace"
"UK-2026-104837";"2026-06-29";"South";"Chennai";"Power Bank 20000mAh";"Electronics";2;1873;"3746";"CUST-47646";"App"
"UK-2026-100356";"2026-01-28";"Central";"Nagpur";"Mirrorless Camera Lite";"Electronics";1;30409;"30409";"CUST-25865";"App"
"UK-2026-102475";"2026-04-24";"East";"Patna";"Formal Shirt";"Fashion";2;1055;"2110";"CUST-23808";"Website"
"UK-2026-100195";"2026-01-01";"North";"Noida";"Ethnic Dupatta";"Fashion";1;495;"495";"CUST-26150";"App"
"UK-2026-102901";"2026-04-20";"Central";"Indore";"Formal Shirt";"Fashion";3;1123;"3369";"CUST-35550";"App"
"UK-2026-101455";"2026-03-17";"Central";"Indore";"Robot Vacuum R7";"Home & Kitchen";2;19922;"39844";"CUST-49714";"Marketplace"
"UK-2026-102560";"2026-04-16";"West";"Bombay";"Sunscreen SPF50";"Beauty";1;526;"526";"CUST-66474";"App"
"UK-2026-103917";"2026-05-06";"Central";"Raipur";"Makeup Brush Set";"Beauty";2;1271;"2542";"CUST-74831";"Marketplace"
"UK-2026-102448";"2026-04-22";"North";"Gurugram";"Noise-Cancelling Headphones";"Electronics";1;9281;"9281";"CUST-29640";"Marketplace"
"UK-2026-102756";"2026-04-23";"North";"Gurugram";"Cycling Helmet";"Sports";1;1602;"1602";"CUST-62130";"App"
"UK-2026-101814";"2026-03-14";"West";"Pune";"Eau de Parfum 100ml";"Beauty";1;1931;"1931";"CUST-44633";"Marketplace"
"UK-2026-102891";"2026-04-19";"East";"Bhubaneswar";"Gym Gloves";"Sports";1;515;"515";"CUST-95249";"Website"
"UK-2026-100091";"2026-01-29";"Central";"Raipur";"Adjustable Dumbbells 15kg";"Sports";1;4773;"4773";"CUST-19257";"App"
"UK-2026-104981";"2026-06-02";"North";"Delhi";"Noise-Cancelling Headphones";"Electronics";1;8699;"8699";"CUST-66247";"App"
"UK-2026-101967";"2026-03-10";"North";"Chandigarh";"Foldable Treadmill T2";"Sports";2;25333;"50666";"CUST-45324";"Marketplace"
"UK-2026-104751";"2026-06-17";"South";"Hyderabad";"Ethnic Dupatta";"Fashion";1;516;"516";"CUST-39914";"Marketplace"
"UK-2026-101390";"2026-02-01";"South";"Chennai";"Beard Grooming Kit";"Beauty";1;1022;"1022";"CUST-58238";"App"
"UK-2026-101250";"2026-02-16";"North";"Gurugram";"Smart Watch X2";"Electronics";4;4312;"17248";"CUST-79467";"App"
"UK-2026-102078";"2026-03-22";"North";"Chandigarh";"Gym Gloves";"Sports";2;476;"952";"CUST-39244";"Website"
"UK-2026-104182";"2026-06-28";"Central";"Indore";"Ultrabook Air 14";"Electronics";2;28850;"57700";"CUST-82887";"Marketplace"
"UK-2026-102970";"2026-04-08";"North";"Chandigarh";"Cycling Helmet";"Sports";1;1597;"1597";"CUST-31101";"App"
"UK-2026-103421";"2026-05-03";"North";"Noida";"Smart Watch X2";"Electronics";1;4448;"4448";"CUST-67423";"Website"
"UK-2026-103520";"2026-05-06";"North";"Delhi";"Air Fryer 5L";"Home & Kitchen";2;5594;"11188";"CUST-67447";"Website"
"UK-2026-102134";"2026-03-03";"South";"Chennai";"Bluetooth Speaker Mini";"Electronics";2;1571;"3142";"CUST-85367";"App"
"UK-2026-100684";"2026-01-07";"South";"Bengaluru";"Modern Wall Clock";"Home & Kitchen";4;783;"3132";"CUST-50671";"App"
"UK-2026-100059";"2026-01-12";"West";"Ahmedabad";"Cotton Bedsheet Set";"Home & Kitchen";2;1382;"2764";"CUST-84213";"App"
"UK-2026-101555";"2026-03-05";"South";"Hyderabad";"Noise-Cancelling Headphones";"Electronics";2;9401;"18802";"CUST-13360";"Marketplace"
"UK-2026-103607";"2026-05-03";"South";"Bengaluru";"Noise-Cancelling Headphones";"Electronics";1;9129;"9129";"CUST-92650";"Marketplace"
"UK-2026-100617";"2026-01-09";"Central";"Nagpur";"Cotton Kurta Set";"Fashion";1;1351;"1351";"CUST-15429";"App"
"UK-2026-101860";"2026-03-23";"West";"Mumbai";"Electric Kettle 1.5L";"Home & Kitchen";2;1070;"2140";"CUST-97236";"Marketplace"
"UK-2026-104041";"2026-06-19";"North";"Delhi";"Noise-Cancelling Headphones";"Electronics";1;8570;"8570";"CUST-87457";"Marketplace"
"UK-2026-102223";"2026-03-16";"South";"Bengaluru";"Robot Vacuum R7";"Home & Kitchen";1;19935;"19935";"CUST-86626";"Website"
"UK-2026-101978";"2026-03-15";"South";"Bengaluru";"Formal Shirt";"Fashion";1;1088;"1088";"CUST-66191";"App"
"UK-2026-100163";"2026-01-22";"West";"Pune";"Adjustable Dumbbells 15kg";"Sports";4;4861;"19444";"CUST-62130";"App"
"UK-2026-102204";"2026-03-14";"South";"Hyderabad";"Yoga Mat Pro";"Sports";1;1216;"1216";"CUST-45170";"App"
"UK-2026-101423";"2026-02-09";"North";"Delhi";"Dinner Set 24pc";"Home & Kitchen";3;2553;"7659";"CUST-57852";"Website"
"UK-2026-103694";"2026-05-31";"Central";"Indore";"Mixer Grinder 750W";"Home & Kitchen";2;3396;"6792";"CUST-89469";"Website"
"UK-2026-100390";"2026-01-16";"South";"Hyderabad";"Non-Stick Cookware Set";"Home & Kitchen";3;2996;"8988";"CUST-62111";"App"
"UK-2026-103414";"2026-05-21";"West";"Mumbai";"Bluetooth Speaker Mini";"Electronics";1;1482;"1482";"CUST-93417";"Marketplace"
"UK-2026-101548";"2026-03-13";"West";"Surat";"Mixer Grinder 750W";"Home & Kitchen";1;3462;"3462";"CUST-73615";"App"
"UK-2026-104501";"2026-06-26";"Central";"Nagpur";"Vitamin C Serum";"Beauty";1;687;"687";"CUST-36399";"App"
"UK-2026-102601";"2026-04-14";"West";"Mumbai";"Leather Wallet";"Fashion";2;862;"1724";"CUST-71188";"Website"
"UK-2026-104718";"2026-06-18";"South";"Kochi";"Silk Saree";"Fashion";4;3437;"13748";"CUST-71235";"Website"
"UK-2026-102905";"2026-04-30";"West";"Pune";"Mixer Grinder 750W";"Home & Kitchen";3;3209;"9627.00";"CUST-40091";"App"
"UK-2026-102782";"2026-04-23";"North";"Delhi";"Ethnic Dupatta";"Fashion";3;523;"1569";"CUST-20355";"Website"
"UK-2026-103470";"2026-05-01";"South";"Hyderabad";"Yoga Mat Pro";"Sports";1;1251;"1251";"CUST-76773";"App"
"UK-2026-103002";"2026-04-30";"Central";"Indore";"Modern Wall Clock";"Home & Kitchen";1;803;"803";"CUST-41920";"App"
"UK-2026-102307";"2026-04-06";"West";"Pune";"Cotton Kurta Set";"Fashion";1;1243;"1243";"CUST-49105";"Website"
"UK-2026-104989";"2026-06-06";"East";"Patna";"Mirrorless Camera Lite";"Electronics";1;29634;"29634";"CUST-49206";"Website"
"UK-2026-104454";"2026-06-14";"East";"Kolkata";"43-inch Smart TV";"Electronics";2;26416;"52832";"CUST-75277";"Website"
"UK-2026-102664";"2026-04-02";"East";"Guwahati";"Denim Jacket";"Fashion";2;2224;"4448";"CUST-49103";"App"
"UK-2026-102813";"2026-04-08";"South";"Hyderabad";"Ultrabook Air 14";"Electronics";1;30061;"30061";"CUST-74432";"App"
"UK-2026-101791";"2026-03-05";"West";"Surat";"Smart Watch X2";"Electronics";2;4408;"8816";"CUST-92390";"Marketplace"
"UK-2026-104622";"2026-06-19";"South";"Bangalore";"Makeup Brush Set";"Beauty";1;1238;"1238";"CUST-43653";"App"
"UK-2026-104597";"2026-06-03";"North";"Chandigarh";"Mirrorless Camera Lite";"Electronics";1;29750;"29750";"CUST-95214";"Marketplace"
"UK-2026-102276";"2026-04-15";"North";"Noida";"Robot Vacuum R7";"Home & Kitchen";1;19060;"19060";"CUST-76415";"Website"
"UK-2026-103476";"2026-05-07";"North";"Delhi";"Silk Saree";"Fashion";1;3509;"3509";"CUST-91028";"App"
"UK-2026-102255";"2026-04-26";"South";"Kochi";"Face Wash Combo";"Beauty";1;461;"461";"CUST-35945";"Website"
"UK-2026-103433";"2026-05-22";"North";"Gurugram";"Dinner Set 24pc";"Home & Kitchen";1;2539;"2539";"CUST-90990";"App"
"UK-2026-100328";"2026-01-15";"South";"Hyderabad";"Badminton Racket Set";"Sports";1;2386;"2386";"CUST-55912";"App"
"UK-2026-101561";"2026-03-27";"South";"Kochi";"Gym Gloves";"Sports";4;491;"1964";"CUST-47003";"App"
"UK-2026-101451";"2026-03-17";"North";"Delhi";"Ethnic Dupatta";"Fashion";1;518;"518";"CUST-49143";"Marketplace"
"UK-2026-101988";"2026-03-03";"West";"Surat";"Power Bank 20000mAh";"Electronics";1;1866;"1866";"CUST-92856";"Website"
"UK-2026-103617";"2026-05-08";"West";"Pune";"Running Sneakers";"Fashion";1;2746;"2746";"CUST-39808";"Website"
"UK-2026-103084";"2026-04-25";"North";"Noida";"Electric Kettle 1.5L";"Home & Kitchen";1;1050;"1050";"CUST-92859";"App"
"UK-2026-103532";"2026-05-30";"North";"Noida";"Mirrorless Camera Lite";"Electronics";1;28820;"28820";"CUST-64437";"App"
"UK-2026-102410";"2026-04-10";"North";"Gurugram";"Football Size 5";"Sports";2;936;"1872";"CUST-38963";"App"
"UK-2026-100730";"2026-02-19";"South";"Kochi";"Yoga Mat Pro";"Sports";2;1220;"2440";"CUST-45925";"Website"
"UK-2026-100092";"2026-01-26";"West";"Surat";"Slim Fit Jeans";"Fashion";1;1586;"1586";"CUST-24182";"App"
"UK-2026-104784";"2026-06-21";"South";"Hyderabad";"Makeup Brush Set";"Beauty";1;1252;"1252";"CUST-76446";"Marketplace"
"UK-2026-100407";"2026-01-10";"Central";"Indore";"Vitamin C Serum";"Beauty";1;693;"693";"CUST-86446";"Website"
"UK-2026-103548";"2026-05-19";"North";"Gurugram";"Running Sneakers";"Fashion";1;2920;"2920";"CUST-34072";"App"
"UK-2026-104149";"2026-06-25";"South";"Bengaluru";"Noise-Cancelling Headphones";"Electronics";1;8886;"8886";"CUST-58984";"Marketplace"
"UK-2026-101163";"2026-02-26";"West";"Surat";"Eau de Parfum 100ml";"Beauty";1;2085;"2085";"CUST-36815";"Marketplace"
"UK-2026-100160";"2026-01-10";"West";"Surat";"Cotton Bedsheet Set";"Home & Kitchen";1;1465;"1465";"CUST-71244";"Website"
"UK-2026-103737";"2026-05-23";"West";"Pune";"Beard Grooming Kit";"Beauty";2;1048;"2096";"CUST-89873";"Website"
"UK-2026-103765";"2026-05-02";"North";"Noida";"Beard Grooming Kit";"Beauty";1;1040;"1040";"CUST-25530";"App"
"UK-2026-100888";"2026-02-23";"West";"Surat";"Dinner Set 24pc";"Home & Kitchen";1;2558;"2558";"CUST-71227";"App"
"UK-2026-104158";"2026-06-09";"North";"Delhi";"Bluetooth Speaker Mini";"Electronics";1;1563;"1563";"CUST-22250";"Website"
"UK-2026-102805";"2026-04-07";"East";"Kolkata";"Smart Watch X2";"Electronics";1;4444;"4444";"CUST-54393";"Website"
"UK-2026-101139";"2026-02-15";"Central";"Nagpur";"Foldable Treadmill T2";"Sports";1;23871;"23871";"CUST-68168";"App"
"UK-2026-101992";"2026-03-09";"South";"Hyderabad";"Silk Saree";"Fashion";2;3668;"7336";"CUST-40273";"App"
"UK-2026-101953";"2026-03-25";"Central";"Bhopal";"Dinner Set 24pc";"Home & Kitchen";2;2621;"5242";"CUST-55457";"Website"
"UK-2026-100073";"2026-01-22";"Central";"Nagpur";"Non-Stick Cookware Set";"Home & Kitchen";3;2808;"8424";"CUST-88102";"Website"
"UK-2026-101437";"2026-02-14";"North";"Delhi";"Slim Fit Jeans";"Fashion";1;1625;"1625";"CUST-11384";"Website"
"UK-2026-104113";"2026-06-30";"South";"Hyderabad";"Denim Jacket";"Fashion";1;2093;"2093";"CUST-84486";"App"
"UK-2026-102546";"2026-04-17";"North";"Gurugram";"Modern Wall Clock";"Home & Kitchen";1;794;"794";"CUST-46892";"App"
"UK-2026-100196";"2026-01-25";"Central";"Bhopal";"Mirrorless Camera Lite";"Electronics";1;29538;"29538";"CUST-26905";"Marketplace"
"UK-2026-101676";"2026-03-08";"West";"Ahmedabad";"Denim Jacket";"Fashion";2;2172;"4344";"CUST-15239";"App"
"UK-2026-103991";"2026-05-19";"South";"Bengaluru";"Mirrorless Camera Lite";"Electronics";1;30357;"30357";"CUST-21856";"Website"
"UK-2026-101157";"2026-02-20";"Central";"Raipur";"43-inch Smart TV";"Electronics";1;26446;"26446";"CUST-38961";"App"
"UK-2026-100141";"2026-01-20";"North";"Chandigarh";"Smart Watch X2";"Electronics";1;4472;"4472";"CUST-76106";"Marketplace"
"UK-2026-104141";"2026-06-28";"South";"Hyderabad";"Non-Stick Cookware Set";"Home & Kitchen";2;2985;"5970";"CUST-78503";"Website"
"UK-2026-103106";"2026-05-09";"South";"Chennai";"43-inch Smart TV";"Electronics";2;26547;"53094";"CUST-11384";"Marketplace"
"UK-2026-102192";"2026-03-24";"North";"Chandigarh";"Bluetooth Speaker Mini";"Electronics";1;1489;"1489";"CUST-30073";"App"
"UK-2026-101849";"2026-03-18";"North";"Chandigarh";"Football Size 5";"Sports";1;920;"920";"CUST-92685";"Website"
"UK-2026-102533";"2026-04-02";"North";"Chandigarh";"Beard Grooming Kit";"Beauty";1;1040;"1040";"CUST-57937";"App"
"UK-2026-100688";"2026-01-05";"East";"Bhubaneswar";"Bluetooth Speaker Mini";"Electronics";1;1520;"1520";"CUST-50671";"App"
"UK-2026-103451";"2026-05-23";"North";"Gurugram";"Bluetooth Speaker Mini";"Electronics";3;1487;"4461";"CUST-93992";"Marketplace"
"UK-2026-100098";"2026-01-30";"North";"Chandigarh";"Cotton Kurta Set";"Fashion";1;1354;"1354";"CUST-66585";"Marketplace"
"UK-2026-103139";"2026-05-23";"Central";"Nagpur";"Denim Jacket";"Fashion";4;2261;"9044";"CUST-67288";"App"
"UK-2026-103153";"2026-05-03";"North";"Gurugram";"Ethnic Dupatta";"Fashion";1;478;"478";"CUST-15646";"Marketplace"
"UK-2026-103092";"2026-05-11";"North";"Delhi";"Eau de Parfum 100ml";"Beauty";1;2046;"2046";"CUST-65550";"App"
"UK-2026-103058";"2026-04-09";"West";"Ahmedabad";"Denim Jacket";"Fashion";1;2291;"2291";"CUST-31551";"Website"
"UK-2026-104769";"2026-06-15";"West";"Surat";"Mixer Grinder 750W";"Home & Kitchen";1;3235;"3235";"CUST-47202";"App"
"UK-2026-100230";"2026-01-23";"West";"Pune";"Electric Kettle 1.5L";"Home & Kitchen";1;1066;"1066";"CUST-99008";"App"
"UK-2026-103683";"2026-05-21";"East";"Bhubaneswar";"Cotton Kurta Set";"Fashion";1;1333;"1333";"CUST-67482";"App"
"UK-2026-103103";"2026-05-26";"North";"Chandigarh";"Noise-Cancelling Headphones";"Electronics";4;9421;"37684";"CUST-66102";"Website"
"UK-2026-100960";"2026-02-23";"West";"Surat";"Modern Wall Clock";"Home & Kitchen";4;785;"3140";"CUST-11634";"App"
"UK-2026-100207";"2026-01-12";"North";"Delhi";"Football Size 5";"Sports";1;937;"937";"CUST-19676";"Marketplace"
"UK-2026-104142";"2026-06-30";"East";"Guwahati";"Cotton Kurta Set";"Fashion";1;1332;"1332";"CUST-43270";"App"
"UK-2026-102317";"2026-04-16";"Central";"Nagpur";"Running Sneakers";"Fashion";1;2685;"2685";"CUST-83593";"App"
"UK-2026-100240";"2026-01-20";"West";"Ahmedabad";"Makeup Brush Set";"Beauty";1;1313;"1313";"CUST-16381";"App"
"UK-2026-101706";"2026-03-06";"North";"Chandigarh";"Air Fryer 5L";"Home & Kitchen";1;5650;"5650";"CUST-34193";"Website"
"UK-2026-104682";"2026-06-24";"South";"Kochi";"Ultrabook Air 14";"Electronics";1;30891;"30891";"CUST-65201";"Marketplace"
"UK-2026-103952";"2026-05-22";"East";"Guwahati";"Yoga Mat Pro";"Sports";2;1232;"2464";"CUST-67423";"Website"
"UK-2026-102344";"2026-04-23";"Central";"Raipur";"Matte Lipstick Set";"Beauty";3;923;"2769";"CUST-28892";"App"
"UK-2026-101470";"2026-03-15";"South";"Chennai";"Cotton Kurta Set";"Fashion";2;1250;"2500";"CUST-11501";"App"
"UK-2026-101640";"2026-03-20";"South";"Madras";"Gym Gloves";"Sports";1;491;"491";"CUST-11548";"Marketplace"
"UK-2026-100350";"2026-01-27";"East";"Kolkata";"Noise-Cancelling Headphones";"Electronics";1;8620;"8620";"CUST-57262";"App"
"UK-2026-104138";"2026-06-01";"East";"Kolkata";"Slim Fit Jeans";"Fashion";2;1667;"3334";"CUST-93733";"Website"
"UK-2026-102749";"2026-04-29";"North";"Delhi";"Power Bank 20000mAh";"Electronics";1;1795;"1795";"CUST-11548";"Marketplace"
"UK-2026-101889";"2026-03-21";"West";"Mumbai";"Silk Saree";"Fashion";1;3402;"3402";"CUST-84872";"Website"
"UK-2026-102081";"2026-03-27";"South";"Kochi";"Robot Vacuum R7";"Home & Kitchen";1;19183;"19183";"CUST-56216";"App"
"UK-2026-102250";"2026-04-24";"West";"Pune";"Mirrorless Camera Lite";"Electronics";1;30083;"30083";"CUST-16732";"Marketplace"
"UK-2026-102248";"2026-04-26";"North";"Gurugram";"Formal Shirt";"Fashion";1;1089;"1089";"CUST-34193";"App"
"UK-2026-102310";"2026-04-21";"South";"Hyderabad";"Dinner Set 24pc";"Home & Kitchen";2;2389;"4778";"CUST-61412";"App"
"UK-2026-104170";"2026-06-29";"North";"Chandigarh";"Air Fryer 5L";"Home & Kitchen";2;5699;"11398";"CUST-80680";"Website"
"UK-2026-100728";"2026-02-16";"East";"Guwahati";"Slim Fit Jeans";"Fashion";1;1607;"1607";"CUST-50348";"Website"
"UK-2026-101179";"2026-02-23";"South";"Madras";"Modern Wall Clock";"Home & Kitchen";1;782;"782";"CUST-24659";"Website"
"UK-2026-102744";"2026-04-26";"West";"Ahmedabad";"Smart Watch X2";"Electronics";1;4428;"4428";"CUST-25530";"Marketplace"
"UK-2026-103708";"2026-05-06";"South";"Bengaluru";"Modern Wall Clock";"Home & Kitchen";1;759;"759";"CUST-39935";"Marketplace"
"UK-2026-104181";"2026-06-27";"North";"Delhi";"Non-Stick Cookware Set";"Home & Kitchen";1;2784;"2784";"CUST-91028";"App"
"UK-2026-102539";"2026-04-23";"South";"Hyderabad";"Ethnic Dupatta";"Fashion";2;522;"1044";"CUST-93025";"App"
"UK-2026-103766";"2026-05-12";"South";"Kochi";"Wireless Earbuds Pro";"Electronics";1;2949;"2949";"CUST-55091";"App"
"UK-2026-100553";"2026-01-12";"West";"Mumbai";"Cycling Helmet";"Sports";4;1611;"6444";"CUST-53341";"App"
"UK-2026-100338";"2026-01-12";"South";"Chennai";"Foldable Treadmill T2";"Sports";1;25789;"25789";"CUST-88131";"App"
"UK-2026-100355";"2026-01-18";"West";"Surat";"Ionic Hair Dryer";"Beauty";2;1845;"3690";"CUST-62845";"Website"
"UK-2026-101068";"2026-02-11";"South";"Kochi";"Dinner Set 24pc";"Home & Kitchen";1;2606;"2606";"CUST-45654";"App"
"UK-2026-104703";"2026-06-25";"West";"Mumbai";"Cycling Helmet";"Sports";1;1555;"1555";"CUST-32864";"App"
"UK-2026-101329";"2026-02-26";"East";"Patna";"Air Fryer 5L";"Home & Kitchen";1;5488;"5488";"CUST-51037";"Website"
"UK-2026-104940";"2026-06-10";"Central";"Nagpur";"Ethnic Dupatta";"Fashion";1;483;"483";"CUST-46035";"App"
"UK-2026-101751";"2026-03-15";"Central";"Bhopal";"Adjustable Dumbbells 15kg";"Sports";3;5018;"15054";"CUST-70166";"App"
"UK-2026-100179";"2026-01-10";"North";"Noida";"Wireless Earbuds Pro";"Electronics";1;3049;"3049";"CUST-55343";"Marketplace"
"UK-2026-104049";"2026-06-04";"East";"Bhubaneswar";"Yoga Mat Pro";"Sports";1;1171;"1171";"CUST-13522";"App"
"UK-2026-100980";"2026-02-27";"Central";"Bhopal";"Slim Fit Jeans";"Fashion";1;1613;"1613";"CUST-96086";"Website"
"UK-2026-104779";"2026-06-22";"North";"Chandigarh";"Badminton Racket Set";"Sports";1;2568;"2568";"CUST-81546";"App"
"UK-2026-102648";"2026-04-29";"North";"Noida";"43-inch Smart TV";"Electronics";2;25977;"51954";"CUST-63881";"Marketplace"
"UK-2026-101774";"2026-03-27";"South";"Bengaluru";"Modern Wall Clock";"Home & Kitchen";1;789;"789";"CUST-24182";"Marketplace"
"UK-2026-100144";"2026-01-04";"South";"Hyderabad";"Badminton Racket Set";"Sports";1;2570;"2570";"CUST-10309";"App"
"UK-2026-102925";"2026-04-08";"East";"Guwahati";"Ethnic Dupatta";"Fashion";2;504;"1008";"CUST-91848";"App"
"UK-2026-101283";"2026-02-23";"East";"Patna";"Matte Lipstick Set";"Beauty";2;904;"1808";"CUST-62111";"App"
"UK-2026-100215";"2026-01-28";"South";"Hyderabad";"Ionic Hair Dryer";"Beauty";3;1821;"5463";"CUST-85192";"Website"
"UK-2026-103643";"2026-05-24";"West";"Ahmedabad";"Cricket Bat English Willow";"Sports";2;9189;"18378";"CUST-25692";"Website"
"UK-2026-102870";"2026-04-11";"North";"Delhi";"Running Sneakers";"Fashion";1;2694;"2694";"CUST-84379";"App"
"UK-2026-102474";"2026-04-18";"South";"Chennai";"Ultrabook Air 14";"Electronics";1;28962;"28962";"CUST-10079";"App"
"UK-2026-103848";"2026-05-07";"West";"Surat";"Electric Kettle 1.5L";"Home & Kitchen";1;1073;"1073";"CUST-25358";"App"
"UK-2026-104628";"2026-06-01";"North";"Noida";"43-inch Smart TV";"Electronics";1;26730;"26730";"CUST-65634";"Marketplace"
"UK-2026-103383";"2026-05-14";"South";"Chennai";"Mirrorless Camera Lite";"Electronics";1;28204;"28204";"CUST-18006";"Marketplace"
"UK-2026-102666";"2026-04-09";"East";"Patna";"Running Sneakers";"Fashion";4;2750;"11000";"CUST-45654";"App"
"UK-2026-100914";"2026-02-16";"West";"Bombay";"Dinner Set 24pc";"Home & Kitchen";3;2495;"7485";"CUST-39330";"Marketplace"
"UK-2026-104108";"2026-06-24";"East";"Kolkata";"Mixer Grinder 750W";"Home & Kitchen";1;3330;"3330";"CUST-90539";"App"
"UK-2026-100184";"2026-01-29";"North";"Noida";"Matte Lipstick Set";"Beauty";1;923;"923";"CUST-65228";"Website"
"UK-2026-103436";"2026-05-06";"South";"Bengaluru";"Wireless Earbuds Pro";"Electronics";2;3012;"6024";"CUST-60710";"App"
"UK-2026-104756";"2026-06-15";"West";"Mumbai";"Dinner Set 24pc";"Home & Kitchen";1;2452;"2452";"CUST-49636";"App"
"UK-2026-101599";"2026-03-01";"South";"Kochi";"Adjustable Dumbbells 15kg";"Sports";1;5186;"5186";"CUST-74562";"Website"
"UK-2026-104360";"2026-06-11";"North";"New Delhi";"Cotton Kurta Set";"Fashion";1;1266;"1266";"CUST-45903";"Marketplace"
"UK-2026-102912";"2026-04-01";"North";"Gurugram";"Bluetooth Speaker Mini";"Electronics";1;1501;"1501";"CUST-46496";"App"
"UK-2026-100921";"2026-02-25";"South";"Hyderabad";"Bluetooth Speaker Mini";"Electronics";1;1502;"1502";"CUST-49143";"Marketplace"
"UK-2026-101516";"2026-03-22";"North";"Noida";"Adjustable Dumbbells 15kg";"Sports";2;4999;"9998";"CUST-73325";"Website"
"UK-2026-104639";"2026-06-06";"North";"Delhi";"Ethnic Dupatta";"Fashion";1;475;"475";"CUST-69547";"Marketplace"
"UK-2026-101500";"2026-03-12";"Central";"Nagpur";"Silk Saree";"Fashion";1;3472;"3472";"CUST-89442";"App"
"UK-2026-102068";"2026-03-24";"West";"Surat";"Ultrabook Air 14";"Electronics";1;29397;"29397";"CUST-33166";"Website"
"UK-2026-101893";"2026-03-29";"Central";"Bhopal";"Denim Jacket";"Fashion";1;2102;"2102";"CUST-36083";"App"
"UK-2026-103218";"2026-05-28";"Central";"Indore";"Cotton Bedsheet Set";"Home & Kitchen";1;1378;"1378";"CUST-12384";"Marketplace"
"UK-2026-102252";"2026-04-10";"East";"Kolkata";"Cotton Bedsheet Set";"Home & Kitchen";1;1463;"1463";"CUST-57213";"Website"
"UK-2026-101721";"2026-03-01";"East";"Bhubaneswar";"Leather Wallet";"Fashion";2;943;"1886";"CUST-26236";"App"
"UK-2026-102266";"2026-04-27";"East";"Guwahati";"Bluetooth Speaker Mini";"Electronics";1;1510;"1510";"CUST-45152";"Marketplace"
"UK-2026-103646";"2026-05-13";"South";"Bengaluru";"Vitamin C Serum";"Beauty";1;720;"720";"CUST-54534";"App"
"UK-2026-101241";"2026-02-18";"North";"Gurugram";"Wireless Earbuds Pro";"Electronics";1;2995;"2995";"CUST-65092";"Marketplace"
"UK-2026-100282";"2026-01-24";"South";"Madras";"Cotton Bedsheet Set";"Home & Kitchen";3;1341;"4023";"CUST-10175";"Website"
"UK-2026-100296";"2026-01-13";"North";"Noida";"43-inch Smart TV";"Electronics";1;26878;"26878";"CUST-99752";"Marketplace"
"UK-2026-104053";"2026-06-14";"West";"Pune";"Adjustable Dumbbells 15kg";"Sports";1;4822;"4822";"CUST-95965";"Marketplace"
"UK-2026-102416";"2026-04-21";"South";"Chennai";"Dinner Set 24pc";"Home & Kitchen";2;2608;"5216";"CUST-89129";"Marketplace"
"UK-2026-103152";"2026-05-19";"West";"Surat";"Formal Shirt";"Fashion";1;1082;"1082";"CUST-15731";"Website"
"UK-2026-101341";"2026-02-10";"West";"Surat";"Foldable Treadmill T2";"Sports";1;25136;"25136";"CUST-80507";"Website"
"UK-2026-104258";"2026-06-27";"Central";"Indore";"Ethnic Dupatta";"Fashion";2;478;"956";"CUST-29527";"Website"
"UK-2026-101438";"2026-02-01";"North";"Noida";"Smart Watch X2";"Electronics";1;4343;"4343";"CUST-67809";"Marketplace"
"UK-2026-103083";"2026-04-30";"East";"Kolkata";"Noise-Cancelling Headphones";"Electronics";1;8628;"8628";"CUST-96628";"Marketplace"
"UK-2026-103283";"2026-05-25";"South";"Bengaluru";"Ionic Hair Dryer";"Beauty";1;1857;"1857";"CUST-16076";"App"
"UK-2026-102096";"2026-03-09";"South";"Kochi";"Foldable Treadmill T2";"Sports";1;25399;"25399";"CUST-19738";"Website"
"UK-2026-102740";"2026-04-08";"West";"Mumbai";"Running Sneakers";"Fashion";1;2842;"2842";"CUST-12064";"Website"
"UK-2026-104979";"2026-06-07";"West";"Mumbai";"Non-Stick Cookware Set";"Home & Kitchen";1;2952;"2952";"CUST-39363";"Website"
"UK-2026-102566";"2026-04-19";"South";"Chennai";"Smart Watch X2";"Electronics";1;4661;"4661";"CUST-88513";"App"
"UK-2026-101576";"2026-03-13";"South";"Hyderabad";"Running Sneakers";"Fashion";2;2755;"5510";"CUST-42366";"Website"
"UK-2026-102402";"2026-04-07";"West";"Mumbai";"Silk Saree";"Fashion";1;3405;"3405";"CUST-80334";"App"
"UK-2026-104809";"2026-06-16";"South";"Bengaluru";"Silk Saree";"Fashion";2;3506;"7012";"CUST-90360";"Marketplace"
"UK-2026-104557";"2026-06-05";"South";"Kochi";"Formal Shirt";"Fashion";1;1141;"1141";"CUST-24749";"App"
"UK-2026-102788";"2026-04-20";"South";"Kochi";"Ionic Hair Dryer";"Beauty";1;1926;"1926";"CUST-55772";"Website"
"UK-2026-102116";"2026-03-03";"Central";"Raipur";"Running Sneakers";"Fashion";1;2692;"2692";"CUST-96973";"App"
"UK-2026-101773";"2026-03-20";"South";"Bengaluru";"Vitamin C Serum";"Beauty";2;733;"1466";"CUST-85861";"App"
"UK-2026-102942";"2026-04-25";"South";"Bengaluru";"Slim Fit Jeans";"Fashion";2;1621;"3242";"CUST-88079";"App"
"UK-2026-101254";"2026-02-18";"South";"Chennai";"Sunscreen SPF50";"Beauty";2;539;"1078";"CUST-10175";"App"
"UK-2026-101354";"2026-02-18";"East";"Patna";"Sunscreen SPF50";"Beauty";1;560;"560";"CUST-24236";"App"
"UK-2026-102318";"2026-04-11";"North";"Chandigarh";"Cotton Kurta Set";"Fashion";2;1292;"2584";"CUST-45790";"Marketplace"
"UK-2026-103439";"2026-05-07";"North";"Chandigarh";"Noise-Cancelling Headphones";"Electronics";1;9205;"9205";"CUST-71227";"Website"
"UK-2026-100368";"2026-01-21";"West";"Ahmedabad";"Matte Lipstick Set";"Beauty";1;857;"857";"CUST-24043";"Website"
"UK-2026-100696";"2026-01-18";"East";"Bhubaneswar";"Cricket Bat English Willow";"Sports";1;9240;"9240";"CUST-56037";"Marketplace"
"UK-2026-101038";"2026-02-06";"South";"Hyderabad";"Matte Lipstick Set";"Beauty";1;868;"868";"CUST-97441";"App"
"UK-2026-104876";"2026-06-23";"North";"Gurugram";"Eau de Parfum 100ml";"Beauty";2;2024;"4048";"CUST-76139";"Website"
"UK-2026-101338";"2026-02-21";"South";"Hyderabad";"Smart Watch X2";"Electronics";1;4379;"4379";"CUST-46892";"Website"
"UK-2026-104316";"2026-06-04";"North";"Noida";"Smart Watch X2";"Electronics";1;4660;"4660";"CUST-93025";"App"
"UK-2026-103797";"2026-05-02";"North";"Gurugram";"Denim Jacket";"Fashion";1;2302;"2302";"CUST-79817";"App"
"UK-2026-103143";"2026-05-02";"North";"Chandigarh";"Football Size 5";"Sports";1;886;"886";"CUST-82174";"Marketplace"
"UK-2026-104763";"2026-06-01";"North";"Noida";"Smart Watch X2";"Electronics";1;4282;"4282";"CUST-65145";"Website"
"UK-2026-103750";"2026-05-15";"North";"Delhi";"Mirrorless Camera Lite";"Electronics";1;30272;"30272";"CUST-67840";"App"
"UK-2026-101165";"2026-02-04";"West";"Ahmedabad";"Air Fryer 5L";"Home & Kitchen";2;5758;"11516";"CUST-20824";"App"
"UK-2026-104273";"2026-06-14";"South";"Kochi";"Mixer Grinder 750W";"Home & Kitchen";1;3185;"3185";"CUST-95597";"Website"
"UK-2026-104743";"2026-06-26";"South";"Hyderabad";"Mixer Grinder 750W";"Home & Kitchen";2;3308;"6616";"CUST-95347";"Marketplace"
"UK-2026-100734";"2026-02-14";"East";"Patna";"Cotton Bedsheet Set";"Home & Kitchen";2;1401;"2802";"CUST-35544";"Website"
"UK-2026-100830";"2026-02-24";"West";"Mumbai";"Formal Shirt";"Fashion";2;1071;"2142";"CUST-15253";"Marketplace"
"UK-2026-104328";"2026-06-17";"South";"Hyderabad";"Mirrorless Camera Lite";"Electronics";3;28340;"85020";"CUST-34178";"App"
"UK-2026-100332";"2026-01-16";"South";"Hyderabad";"Wireless Earbuds Pro";"Electronics";1;2881;"2881";"CUST-37004";"App"
"UK-2026-104932";"2026-06-26";"North";"Chandigarh";"Ionic Hair Dryer";"Beauty";1;1842;"1842";"CUST-19502";"App"
"UK-2026-103145";"2026-05-04";"South";"Chennai";"Cycling Helmet";"Sports";3;1578;"4734";"CUST-85887";"Marketplace"
"UK-2026-100096";"2026-01-01";"North";"Gurgaon";"Foldable Treadmill T2";"Sports";1;24165;"24165";"CUST-89433";"App"
"UK-2026-101533";"2026-03-08";"South";"Bengaluru";"Running Sneakers";"Fashion";1;2803;"2803";"CUST-41106";"Website"
"UK-2026-102140";"2026-03-23";"Central";"Raipur";"Ethnic Dupatta";"Fashion";2;503;"1006";"CUST-79230";"App"
"UK-2026-103189";"2026-05-12";"West";"Mumbai";"Cotton Bedsheet Set";"Home & Kitchen";2;1333;"2666";"CUST-34042";"Website"
"UK-2026-103291";"2026-05-03";"South";"Bengaluru";"Gym Gloves";"Sports";1;500;"500";"CUST-51486";"Website"
"UK-2026-104072";"2026-06-04";"South";"Kochi";"Denim Jacket";"Fashion";1;2261;"2261";"CUST-21536";"Website"
"UK-2026-102500";"2026-04-09";"Central";"Nagpur";"Running Sneakers";"Fashion";1;2666;"2666";"CUST-58718";"App"
"UK-2026-100514";"2026-01-25";"East";"Patna";"Denim Jacket";"Fashion";4;2197;"8788";"CUST-52474";"Website"
"UK-2026-102652";"2026-04-29";"North";"Noida";"Yoga Mat Pro";"Sports";3;1195;"3585";"CUST-68580";"App"
"UK-2026-101387";"2026-02-22";"East";"Bhubaneswar";"Gym Gloves";"Sports";1;488;"488";"CUST-29136";"Website"
"UK-2026-100493";"2026-01-06";"South";"Chennai";"Ultrabook Air 14";"Electronics";2;29781;"59562";"CUST-71066";"Website"
"UK-2026-101158";"2026-02-17";"West";"Pune";"Noise-Cancelling Headphones";"Electronics";2;9288;"18576";"CUST-96973";"App"
"UK-2026-103285";"2026-05-10";"South";"Hyderabad";"Mirrorless Camera Lite";"Electronics";1;30435;"30435";"CUST-67937";"Website"
"UK-2026-101727";"2026-03-25";"South";"Kochi";"Yoga Mat Pro";"Sports";1;1229;"1229";"CUST-65379";"Marketplace"
"UK-2026-101160";"2026-02-12";"West";"Mumbai";"Leather Wallet";"Fashion";1;878;"878";"CUST-46035";"Website"
"UK-2026-100405";"2026-01-22";"North";"Chandigarh";"Silk Saree";"Fashion";1;3466;"3466";"CUST-13109";"App"
"UK-2026-104765";"2026-06-29";"East";"Patna";"Mixer Grinder 750W";"Home & Kitchen";1;3252;"3252";"CUST-62734";"App"
"UK-2026-103808";"2026-05-19";"North";"Gurugram";"Wireless Earbuds Pro";"Electronics";1;3025;"3025";"CUST-50207";"Website"
"UK-2026-102817";"2026-04-07";"East";"Bhubaneswar";"Wireless Earbuds Pro";"Electronics";1;2988;"2988";"CUST-93733";"Marketplace"
"UK-2026-104341";"2026-06-04";"North";"Gurugram";"Gym Gloves";"Sports";2;510;"1020";"CUST-52474";"App"
"UK-2026-104292";"2026-06-15";"Central";"Bhopal";"Bluetooth Speaker Mini";"Electronics";1;1493;"1493";"CUST-88102";"App"
"UK-2026-102530";"2026-04-23";"North";"Noida";"Face Wash Combo";"Beauty";1;465;"465";"CUST-24182";"App"
"UK-2026-101680";"2026-03-01";"North";"Gurugram";"Ethnic Dupatta";"Fashion";1;504;"504";"CUST-45665";"App"
"UK-2026-103814";"2026-05-22";"Central";"Bhopal";"Electric Kettle 1.5L";"Home & Kitchen";1;1080;"1080";"CUST-14967";"Marketplace"
"UK-2026-101996";"2026-03-24";"North";"Gurugram";"Ultrabook Air 14";"Electronics";2;29689;"59378";"CUST-85887";"Marketplace"
"UK-2026-100666";"2026-01-18";"South";"Kochi";"Air Fryer 5L";"Home & Kitchen";1;5428;"5428";"CUST-88371";"App"
"UK-2026-102181";"2026-03-17";"East";"Patna";"Sunscreen SPF50";"Beauty";1;529;"529";"CUST-95739";"Website"
"UK-2026-103487";"2026-05-31";"North";"Gurugram";"Power Bank 20000mAh";"Electronics";2;1769;"3538";"CUST-89783";"App"
"UK-2026-100097";"2026-01-21";"Central";"Nagpur";"Electric Kettle 1.5L";"Home & Kitchen";2;1110;"2220";"CUST-97730";"App"
"UK-2026-102520";"2026-04-21";"West";"Mumbai";"Smart Watch X2";"Electronics";1;4447;"4447";"CUST-36448";"App"
"UK-2026-102244";"2026-04-10";"West";"Mumbai";"Electric Kettle 1.5L";"Home & Kitchen";1;1102;"1102";"CUST-45036";"Marketplace"
"UK-2026-102890";"2026-04-21";"Central";"Nagpur";"Cotton Kurta Set";"Fashion";2;1329;"2658";"CUST-18006";"Website"
"UK-2026-102814";"2026-04-23";"South";"Bengaluru";"Cricket Bat English Willow";"Sports";1;8673;"8673";"CUST-20572";"Marketplace"
"UK-2026-104020";"2026-05-16";"North";"Gurugram";"Air Fryer 5L";"Home & Kitchen";4;5736;"22944";"CUST-16645";"Marketplace"
"UK-2026-104488";"2026-06-04";"North";"Delhi";"Beard Grooming Kit";"Beauty";1;1011;"1011";"CUST-24805";"Marketplace"
"UK-2026-100527";"2026-01-22";"West";"Ahmedabad";"Non-Stick Cookware Set";"Home & Kitchen";1;2920;"2920";"CUST-52226";"App"
"UK-2026-103022";"2026-04-16";"South";"Kochi";"Bluetooth Speaker Mini";"Electronics";1;1431;"1431";"CUST-67840";"App"
"UK-2026-103316";"2026-05-13";"Central";"Indore";"Running Sneakers";"Fashion";1;2682;"2682";"CUST-60831";"App"
"UK-2026-101600";"2026-03-29";"North";"Noida";"Electric Kettle 1.5L";"Home & Kitchen";1;1120;"1120";"CUST-70921";"App"
"UK-2026-100042";"2026-01-20";"East";"Kolkata";"Smart Watch X2";"Electronics";1;4281;"4281";"CUST-37749";"Website"
"UK-2026-102763";"2026-04-03";"Central";"Raipur";"Cycling Helmet";"Sports";1;1598;"1598";"CUST-71609";"Website"
"UK-2026-103468";"2026-05-29";"South";"Hyderabad";"Mirrorless Camera Lite";"Electronics";1;28600;"28600";"CUST-47841";"App"
"UK-2026-100205";"2026-01-28";"Central";"Nagpur";"Dinner Set 24pc";"Home & Kitchen";1;2416;"2416";"CUST-97109";"App"
"UK-2026-101453";"2026-03-22";"South";"Chennai";"Smart Watch X2";"Electronics";1;4577;"4577";"CUST-89042";"Website"
"UK-2026-101633";"2026-03-30";"South";"Kochi";"Silk Saree";"Fashion";2;3569;"7138";"CUST-71566";"App"
"UK-2026-100500";"2026-01-04";"West";"Ahmedabad";"Power Bank 20000mAh";"Electronics";1;1713;"1713";"CUST-78079";"Marketplace"
"UK-2026-103478";"2026-05-21";"Central";"Indore";"Power Bank 20000mAh";"Electronics";1;1871;"1871";"CUST-35831";"Website"
"UK-2026-103327";"2026-05-10";"South";"Bengaluru";"Badminton Racket Set";"Sports";1;2405;"2405";"CUST-51353";"Marketplace"
"UK-2026-101252";"2026-02-15";"South";"Bengaluru";"Denim Jacket";"Fashion";1;2202;"2202";"CUST-84379";"Website"
"UK-2026-103269";"2026-05-29";"North";"Delhi";"Mixer Grinder 750W";"Home & Kitchen";2;3175;"6350";"CUST-46448";"Marketplace"
"UK-2026-104282";"2026-06-21";"North";"Delhi";"Denim Jacket";"Fashion";1;2275;"2275";"CUST-32711";"App"
"UK-2026-101357";"2026-02-28";"South";"Hyderabad";"Formal Shirt";"Fashion";1;1121;"1121";"CUST-54301";"Website"
"UK-2026-104858";"2026-06-06";"South";"Hyderabad";"Slim Fit Jeans";"Fashion";1;1640;"1640";"CUST-65575";"Website"
"UK-2026-103846";"2026-05-26";"North";"Gurugram";"Slim Fit Jeans";"Fashion";1;1653;"1653";"CUST-69409";"Website"
"UK-2026-100223";"2026-01-11";"North";"Gurugram";"Beard Grooming Kit";"Beauty";1;1016;"1016";"CUST-91389";"Website"
"UK-2026-104026";"2026-06-07";"West";"Ahmedabad";"Cycling Helmet";"Sports";1;1559;"1559";"CUST-87848";"App"
"UK-2026-103796";"2026-05-16";"North";"Gurugram";"Makeup Brush Set";"Beauty";2;1342;"2684";"CUST-78618";"Website"
"UK-2026-104904";"2026-06-01";"North";"Chandigarh";"Electric Kettle 1.5L";"Home & Kitchen";1;1099;"1099";"CUST-17533";"Website"
"UK-2026-102628";"2026-04-16";"South";"Bengaluru";"Leather Wallet";"Fashion";2;894;"1788";"CUST-34744";"Website"
"UK-2026-101316";"2026-02-21";"East";"Patna";"Wireless Earbuds Pro";"Electronics";1;2982;"2982";"CUST-15029";"App"
"UK-2026-102875";"2026-04-15";"East";"Bhubaneswar";"Leather Wallet";"Fashion";1;888;"888";"CUST-33793";"App"
"UK-2026-103044";"2026-04-10";"South";"Chennai";"Power Bank 20000mAh";"Electronics";1;1878;"1878";"CUST-33545";"Marketplace"
"UK-2026-101935";"2026-03-05";"North";"Chandigarh";"Leather Wallet";"Fashion";2;870;"1740";"CUST-23151";"Marketplace"
"UK-2026-103864";"2026-05-06";"West";"Ahmedabad";"Electric Kettle 1.5L";"Home & Kitchen";1;1083;"1083";"CUST-32322";"Marketplace"
"UK-2026-100630";"2026-01-30";"South";"Bengaluru";"Makeup Brush Set";"Beauty";1;1346;"1346";"CUST-61909";"App"
"UK-2026-104683";"2026-06-11";"Central";"Bhopal";"Wireless Earbuds Pro";"Electronics";2;2989;"5978";"CUST-78571";"Marketplace"
"UK-2026-100267";"2026-01-11";"East";"Patna";"Cotton Bedsheet Set";"Home & Kitchen";1;1408;"1408";"CUST-31874";"App"
"UK-2026-101415";"2026-02-03";"West";"Pune";"Air Fryer 5L";"Home & Kitchen";1;5271;"5271";"CUST-82174";"Website"
"UK-2026-103609";"2026-05-02";"North";"Chandigarh";"43-inch Smart TV";"Electronics";4;27292;"109168";"CUST-55074";"App"
"UK-2026-100468";"2026-01-27";"South";"Bengaluru";"Bluetooth Speaker Mini";"Electronics";3;1538;"4614";"CUST-98330";"Website"
"UK-2026-101273";"2026-02-03";"South";"Bengaluru";"Football Size 5";"Sports";1;912;"912";"CUST-98462";"Marketplace"
"UK-2026-101022";"2026-02-04";"West";"Surat";"Cotton Bedsheet Set";"Home & Kitchen";1;1390;"1390";"CUST-21140";"Website"
"UK-2026-100675";"2026-01-09";"South";"Chennai";"Adjustable Dumbbells 15kg";"Sports";2;4930;"9860";"CUST-44086";"Marketplace"
"UK-2026-101731";"2026-03-16";"West";"Ahmedabad";"Cycling Helmet";"Sports";1;1532;"1532";"CUST-63481";"Marketplace"
"UK-2026-101712";"2026-03-13";"North";"Gurugram";"Running Sneakers";"Fashion";3;2917;"8751";"CUST-90958";"Website"
"UK-2026-100865";"2026-02-24";"East";"Patna";"Football Size 5";"Sports";3;937;"2811";"CUST-27286";"Website"
"UK-2026-104183";"2026-06-16";"South";"Hyderabad";"Silk Saree";"Fashion";1;3470;"3470";"CUST-36906";"App"
"UK-2026-102760";"2026-04-04";"North";"Chandigarh";"Smart Watch X2";"Electronics";2;4604;"9208";"CUST-58718";"App"
"UK-2026-103881";"2026-05-08";"East";"Guwahati";"Denim Jacket";"Fashion";1;2290;"2290";"CUST-74086";"Website"
"UK-2026-104110";"2026-06-07";"South";"Hyderabad";"Matte Lipstick Set";"Beauty";1;892;"892";"CUST-63156";"App"
"UK-2026-101458";"2026-03-01";"North";"Chandigarh";"Dinner Set 24pc";"Home & Kitchen";1;2508;"2508";"CUST-86137";"Website"
"UK-2026-103412";"2026-05-16";"North";"Delhi";"43-inch Smart TV";"Electronics";2;27260;"54520";"CUST-67841";"Marketplace"
"UK-2026-102486";"2026-04-17";"North";"Noida";"Dinner Set 24pc";"Home & Kitchen";1;2609;"2609";"CUST-45291";"App"
"UK-2026-102301";"2026-04-17";"South";"Bengaluru";"Mirrorless Camera Lite";"Electronics";3;29620;"88860";"CUST-80614";"Marketplace"
"UK-2026-102605";"2026-04-19";"South";"Bengaluru";"Power Bank 20000mAh";"Electronics";3;1773;"5319";"CUST-85436";"Marketplace"
"UK-2026-103160";"2026-05-06";"North";"Gurugram";"Ultrabook Air 14";"Electronics";1;30044;"30044";"CUST-99752";"Marketplace"
"UK-2026-101416";"2026-02-11";"South";"Kochi";"Leather Wallet";"Fashion";2;889;"1778";"CUST-13180";"App"
"UK-2026-100370";"2026-01-31";"North";"Chandigarh";"Cricket Bat English Willow";"Sports";1;9362;"9362";"CUST-84465";"App"
"UK-2026-104887";"2026-06-18";"Central";"Bhopal";"Denim Jacket";"Fashion";2;2233;"4466";"CUST-48539";"Website"
"UK-2026-101596";"2026-03-25";"Central";"Bhopal";"Robot Vacuum R7";"Home & Kitchen";2;19024;"38048";"CUST-89949";"App"
"UK-2026-102731";"2026-04-01";"East";"Guwahati";"Noise-Cancelling Headphones";"Electronics";1;9210;"9210";"CUST-52397";"Website"
"UK-2026-100085";"2026-01-27";"South";"Chennai";"Eau de Parfum 100ml";"Beauty";2;2057;"4114";"CUST-56939";"Marketplace"
"UK-2026-101697";"2026-03-07";"West";"Surat";"Air Fryer 5L";"Home & Kitchen";1;5442;"5442";"CUST-39914";"App"
"UK-2026-100491";"2026-01-04";"West";"Surat";"43-inch Smart TV";"Electronics";1;26330;"26330";"CUST-45221";"Website"
"UK-2026-101549";"2026-03-24";"West";"Pune";"Noise-Cancelling Headphones";"Electronics";1;8799;"8799";"CUST-67959";"Website"
"UK-2026-103215";"2026-05-10";"Central";"Raipur";"Cotton Kurta Set";"Fashion";1;1310;"1310";"CUST-39330";"App"
"UK-2026-104607";"2026-06-24";"West";"Ahmedabad";"Cotton Kurta Set";"Fashion";1;1241;"1241";"CUST-69095";"App"
"UK-2026-104838";"2026-06-18";"West";"Surat";"Makeup Brush Set";"Beauty";1;1300;"1300";"CUST-13667";"App"
"UK-2026-102689";"2026-04-12";"South";"Bengaluru";"Adjustable Dumbbells 15kg";"Sports";1;4884;"4884";"CUST-62731";"App"
"UK-2026-103070";"2026-04-10";"South";"Hyderabad";"Ultrabook Air 14";"Electronics";1;30667;"30667";"CUST-68641";"Marketplace"
"UK-2026-103264";"2026-05-24";"West";"Surat";"Slim Fit Jeans";"Fashion";2;1671;"3342";"CUST-54393";"Website"
"UK-2026-103828";"2026-05-02";"South";"Kochi";"Formal Shirt";"Fashion";1;1147;"1147";"CUST-25865";"App"
"UK-2026-100711";"2026-01-18";"North";"Delhi";"Cycling Helmet";"Sports";1;1665;"1665";"CUST-37390";"App"
"UK-2026-104505";"2026-06-16";"West";"Pune";"Ionic Hair Dryer";"Beauty";1;1871;"1871";"CUST-38471";"App"
"UK-2026-102985";"2026-04-19";"South";"Chennai";"Silk Saree";"Fashion";2;3449;"6898";"CUST-36776";"App"
"UK-2026-102682";"2026-04-10";"Central";"Indore";"Power Bank 20000mAh";"Electronics";1;1853;"1853";"CUST-66803";"Website"
"UK-2026-103472";"2026-05-29";"North";"Gurugram";"Smart Watch X2";"Electronics";1;4697;"4697";"CUST-79467";"Marketplace"
"UK-2026-104346";"2026-06-25";"South";"Chennai";"Ethnic Dupatta";"Fashion";1;491;"491";"CUST-56671";"Website"
"UK-2026-104747";"2026-06-12";"South";"Kochi";"Cycling Helmet";"Sports";2;1666;"3332";"CUST-20680";"Marketplace"
"UK-2026-102449";"2026-04-03";"West";"Surat";"Wireless Earbuds Pro";"Electronics";1;2940;"2940";"CUST-55500";"Marketplace"
"UK-2026-100255";"2026-01-31";"East";"Bhubaneswar";"Smart Watch X2";"Electronics";2;4516;"9032";"CUST-40454";"App"
"UK-2026-104225";"2026-06-11";"West";"Mumbai";"43-inch Smart TV";"Electronics";1;24959;"24959";"CUST-52034";"Marketplace"
"UK-2026-104672";"2026-06-14";"East";"Bhubaneswar";"Vitamin C Serum";"Beauty";1;717;"717";"CUST-88562";"Website"
"UK-2026-103943";"2026-05-04";"Central";"Indore";"Slim Fit Jeans";"Fashion";1;1549;"1549";"CUST-24805";"App"
"UK-2026-101018";"2026-02-19";"North";"Delhi";"Robot Vacuum R7";"Home & Kitchen";1;18618;"18618";"CUST-21140";"Website"
"UK-2026-104485";"2026-06-04";"North";"Gurugram";"Yoga Mat Pro";"Sports";2;1249;"2498";"CUST-84260";"Marketplace"
"UK-2026-102029";"2026-03-12";"South";"Kochi";"Wireless Earbuds Pro";"Electronics";1;3076;"3076";"CUST-94612";"App"
"UK-2026-101728";"2026-03-07";"North";"Chandigarh";"Power Bank 20000mAh";"Electronics";1;1821;"1821";"CUST-75360";"App"
"UK-2026-101095";"2026-02-27";"West";"Ahmedabad";"Face Wash Combo";"Beauty";1;438;"438";"CUST-24166";"Website"
"UK-2026-104962";"2026-06-05";"Central";"Raipur";"Cycling Helmet";"Sports";1;1560;"1560";"CUST-19015";"Website"
"UK-2026-102863";"2026-04-08";"West";"Mumbai";"Wireless Earbuds Pro";"Electronics";2;3135;"6270";"CUST-38569";"Marketplace"
"UK-2026-103225";"2026-05-07";"South";"Chennai";"Noise-Cancelling Headphones";"Electronics";3;8619;"25857";"CUST-54927";"App"
"UK-2026-101556";"2026-03-18";"East";"Kolkata";"Silk Saree";"Fashion";2;3467;"6934";"CUST-79291";"App"
"UK-2026-101529";"2026-03-10";"South";"Kochi";"Bluetooth Speaker Mini";"Electronics";1;1507;"1507";"CUST-95347";"App"
"UK-2026-101554";"2026-03-03";"West";"Ahmedabad";"Noise-Cancelling Headphones";"Electronics";1;9057;"9057";"CUST-85723";"App"
"UK-2026-104173";"2026-06-22";"South";"Bengaluru";"Dinner Set 24pc";"Home & Kitchen";1;2509;"2509";"CUST-46396";"Marketplace"
"UK-2026-101852";"2026-03-07";"South";"Bengaluru";"Football Size 5";"Sports";1;905;"905";"CUST-25821";"App"
"UK-2026-101148";"2026-02-13";"South";"Kochi";"Ultrabook Air 14";"Electronics";2;30668;"61336";"CUST-66400";"App"
"UK-2026-104736";"2026-06-30";"West";"Ahmedabad";"Electric Kettle 1.5L";"Home & Kitchen";1;1130;"1130";"CUST-86714";"Website"
"UK-2026-102857";"2026-04-25";"North";"Noida";"Sunscreen SPF50";"Beauty";4;531;"2124";"CUST-51486";"Marketplace"
"UK-2026-103692";"2026-05-08";"West";"Pune";"Sunscreen SPF50";"Beauty";1;571;"571";"CUST-89649";"App"
"UK-2026-100601";"2026-01-23";"South";"Bengaluru";"Face Wash Combo";"Beauty";1;460;"460";"CUST-68449";"App"
"UK-2026-100890";"2026-02-12";"South";"Hyderabad";"Ethnic Dupatta";"Fashion";1;502;"502";"CUST-23395";"App"
"UK-2026-101876";"2026-03-19";"East";"Bhubaneswar";"Adjustable Dumbbells 15kg";"Sports";1;5147;"5147";"CUST-32864";"Website"
"UK-2026-104376";"2026-06-11";"West";"Mumbai";"Eau de Parfum 100ml";"Beauty";1;2020;"2020";"CUST-92633";"App"
"UK-2026-104569";"2026-06-15";"South";"Chennai";"Mixer Grinder 750W";"Home & Kitchen";1;3371;"3371";"CUST-28987";"Marketplace"
"UK-2026-103171";"2026-05-09";"East";"Kolkata";"Cotton Bedsheet Set";"Home & Kitchen";2;1375;"2750";"CUST-67689";"App"
"UK-2026-102524";"2026-04-17";"South";"Hyderabad";"Electric Kettle 1.5L";"Home & Kitchen";1;1081;"1081";"CUST-68595";"Website"
"UK-2026-101732";"2026-03-18";"North";"Chandigarh";"Beard Grooming Kit";"Beauty";2;985;"1970";"CUST-99557";"Website"
"UK-2026-101274";"2026-02-19";"South";"Hyderabad";"Ultrabook Air 14";"Electronics";1;29780;"29780";"CUST-17635";"Marketplace"
"UK-2026-103891";"2026-05-01";"South";"Chennai";"Power Bank 20000mAh";"Electronics";1;1858;"1858";"CUST-67840";"App"
"UK-2026-100679";"2026-01-26";"North";"Gurugram";"Denim Jacket";"Fashion";1;2229;"2229";"CUST-36146";"Website"
"UK-2026-100274";"2026-01-19";"South";"Bengaluru";"Noise-Cancelling Headphones";"Electronics";1;9399;"9399";"CUST-53352";"Marketplace"
"UK-2026-102650";"2026-04-07";"South";"Chennai";"Adjustable Dumbbells 15kg";"Sports";1;5000;"5000";"CUST-76471";"Marketplace"
"UK-2026-104436";"2026-06-30";"South";"Kochi";"Silk Saree";"Fashion";1;3484;"3484";"CUST-69685";"Website"
"UK-2026-104936";"2026-06-12";"South";"Bengaluru";"Vitamin C Serum";"Beauty";2;686;"1372";"CUST-45324";"App"
"UK-2026-100964";"2026-02-16";"South";"Hyderabad";"Badminton Racket Set";"Sports";4;2523;"10092";"CUST-86231";"Website"
"UK-2026-102661";"2026-04-11";"West";"Mumbai";"Face Wash Combo";"Beauty";1;447;"447";"CUST-73387";"App"
"UK-2026-100729";"2026-02-27";"Central";"RAIPUR";"Matte Lipstick Set";"Beauty";1;933;"933";"CUST-79291";"App"
"UK-2026-101879";"2026-03-10";"West";"Ahmedabad";"Gym Gloves";"Sports";1;498;"498";"CUST-21207";"Website"
"UK-2026-104467";"2026-06-05";"North";"Chandigarh";"Ethnic Dupatta";"Fashion";1;477;"477";"CUST-16210";"Website"
"UK-2026-100381";"2026-01-16";"West";"Pune";"Cricket Bat English Willow";"Sports";1;9053;"9053";"CUST-25647";"Website"
"UK-2026-100251";"2026-01-12";"West";"Surat";"Matte Lipstick Set";"Beauty";1;930;"930";"CUST-82184";"App"
"UK-2026-102401";"2026-04-01";"North";"Gurugram";"Formal Shirt";"Fashion";1;1119;"1119";"CUST-55316";"Marketplace"
"UK-2026-101839";"2026-03-04";"East";"Patna";"Badminton Racket Set";"Sports";1;2609;"2609";"CUST-72931";"App"
"UK-2026-100861";"2026-02-22";"West";"Surat";"Eau de Parfum 100ml";"Beauty";1;1953;"1953";"CUST-11284";"Website"
"UK-2026-104327";"2026-06-30";"Central";"Nagpur";"Air Fryer 5L";"Home & Kitchen";1;5639;"5639";"CUST-10901";"Website"
"UK-2026-101708";"2026-03-27";"West";"Surat";"Dinner Set 24pc";"Home & Kitchen";2;2530;"5060";"CUST-51179";"Website"
"UK-2026-104823";"2026-06-11";"South";"Chennai";"Mirrorless Camera Lite";"Electronics";2;27738;"55476";"CUST-38287";"App"
"UK-2026-104938";"2026-06-27";"East";"Kolkata";"Adjustable Dumbbells 15kg";"Sports";2;4802;"9604";"CUST-23521";"App"
"UK-2026-103184";"2026-05-05";"Central";"Nagpur";"Noise-Cancelling Headphones";"Electronics";1;9379;"9379";"CUST-56216";"Marketplace"
"UK-2026-102712";"2026-04-13";"West";"Ahmedabad";"Non-Stick Cookware Set";"Home & Kitchen";1;2980;"2980";"CUST-95215";"App"
"UK-2026-104310";"2026-06-03";"South";"Chennai";"Power Bank 20000mAh";"Electronics";2;1720;"3440";"CUST-58238";"Marketplace"
"UK-2026-104699";"2026-06-02";"East";"Kolkata";"Vitamin C Serum";"Beauty";2;697;"1394";"CUST-43444";"Website"
"UK-2026-104048";"2026-06-04";"East";"Patna";"Robot Vacuum R7";"Home & Kitchen";1;19384;"19384";"CUST-69417";"Marketplace"
"UK-2026-100420";"2026-01-24";"South";"Bengaluru";"Slim Fit Jeans";"Fashion";1;1521;"1521";"CUST-47239";"App"
"UK-2026-104136";"2026-06-09";"East";"Patna";"Cycling Helmet";"Sports";3;1559;"4677";"CUST-72523";"App"
"UK-2026-104013";"2026-05-08";"North";"Delhi";"Bluetooth Speaker Mini";"Electronics";1;1428;"1428";"CUST-37404";"App"
"UK-2026-104903";"2026-06-22";"South";"Hyderabad";"Matte Lipstick Set";"Beauty";1;944;"944";"CUST-90767";"Website"
"UK-2026-100948";"2026-02-15";"North";"Noida";"Face Wash Combo";"Beauty";1;455;"455";"CUST-14932";"App"
"UK-2026-100287";"2026-01-18";"West";"Ahmedabad";"Vitamin C Serum";"Beauty";2;710;"1420";"CUST-34000";"Website"
"UK-2026-101964";"2026-03-18";"West";"Ahmedabad";"Non-Stick Cookware Set";"Home & Kitchen";1;2775;"2775";"CUST-96187";"App"
"UK-2026-104348";"2026-06-08";"South";"Kochi";"Power Bank 20000mAh";"Electronics";1;1871;"1871";"CUST-10452";"App"
"UK-2026-101226";"2026-02-25";"South";"Chennai";"Ultrabook Air 14";"Electronics";4;30790;"123160";"CUST-97648";"App"
"UK-2026-102945";"2026-04-07";"West";"Mumbai";"Leather Wallet";"Fashion";4;872;"3488";"CUST-29303";"App"
"UK-2026-102168";"2026-03-09";"Central";"Raipur";"Denim Jacket";"Fashion";2;2303;"4606";"CUST-87630";"Website"
"UK-2026-102960";"2026-04-13";"West";"Ahmedabad";"Yoga Mat Pro";"Sports";1;1181;"1181";"CUST-55497";"Website"
"UK-2026-102523";"2026-04-29";"Central";"Raipur";"Ultrabook Air 14";"Electronics";2;28737;"57474";"CUST-76106";"Website"
"UK-2026-103292";"2026-05-25";"East";"Guwahati";"Beard Grooming Kit";"Beauty";2;992;"1984";"CUST-73621";"Website"
"UK-2026-104847";"2026-06-23";"South";"Chennai";"Cycling Helmet";"Sports";1;1575;"1575";"CUST-14109";"App"
"UK-2026-100974";"2026-02-23";"North";"Delhi";"Formal Shirt";"Fashion";1;1140;"1140";"CUST-62377";"App"
"UK-2026-104326";"2026-06-03";"North";"Gurugram";"Bluetooth Speaker Mini";"Electronics";2;1435;"2870";"CUST-62319";"Website"
"UK-2026-101487";"2026-03-06";"West";"Surat";"Cricket Bat English Willow";"Sports";1;8978;"8978";"CUST-76693";"App"
"UK-2026-102896";"2026-04-22";"North";"Gurugram";"Running Sneakers";"Fashion";1;2694;"2694";"CUST-67447";"App"
"UK-2026-101742";"2026-03-09";"West";"Mumbai";"Running Sneakers";"Fashion";3;2667;"8001";"CUST-99157";"App"
"UK-2026-100891";"2026-02-02";"South";"Bengaluru";"Cycling Helmet";"Sports";2;1582;"3164";"CUST-23151";"App"
"UK-2026-104541";"2026-06-24";"South";"Hyderabad";"Beard Grooming Kit";"Beauty";1;1025;"1025";"CUST-82184";"App"
"UK-2026-101216";"2026-02-17";"West";"Surat";"Eau de Parfum 100ml";"Beauty";1;2063;"2063";"CUST-67562";"Marketplace"
"UK-2026-104043";"2026-06-05";"North";"Chandigarh";"Yoga Mat Pro";"Sports";1;1196;"1196";"CUST-96086";"App"
"UK-2026-103752";"2026-05-12";"West";"Surat";"Silk Saree";"Fashion";2;3489;"6978";"CUST-98099";"Website"
"UK-2026-100014";"2026-01-03";"East";"Kolkata";"Cotton Kurta Set";"Fashion";1;1297;"1297";"CUST-99161";"Website"
"UK-2026-102588";"2026-04-28";"West";"Ahmedabad";"Beard Grooming Kit";"Beauty";1;955;"955";"CUST-85916";"App"
"UK-2026-101948";"2026-03-28";"South";"Kochi";"Ultrabook Air 14";"Electronics";2;30532;"61064";"CUST-19109";"App"
"UK-2026-100334";"2026-01-25";"West";"Mumbai";"Vitamin C Serum";"Beauty";1;700;"700";"CUST-68052";"Website"
"UK-2026-102305";"2026-04-25";"West";"Ahmedabad";"Smart Watch X2";"Electronics";2;4481;"8962";"CUST-47640";"App"
"UK-2026-104787";"2026-06-12";"East";"Guwahati";"Eau de Parfum 100ml";"Beauty";1;2078;"2078";"CUST-16147";"App"
"UK-2026-104827";"2026-06-14";"East";"Guwahati";"Mirrorless Camera Lite";"Electronics";2;29373;"58746";"CUST-75340";"Marketplace"
"UK-2026-100203";"2026-01-08";"West";"Surat";"Makeup Brush Set";"Beauty";4;1345;"5380";"CUST-83156";"Website"
"UK-2026-102995";"2026-04-19";"South";"Hyderabad";"Silk Saree";"Fashion";1;3619;"3619";"CUST-13520";"App"
"UK-2026-101340";"2026-02-08";"North";"Noida";"Mirrorless Camera Lite";"Electronics";1;30290;"30290";"CUST-49225";"App"
"UK-2026-103623";"2026-05-06";"West";"Surat";"Cotton Bedsheet Set";"Home & Kitchen";1;1342;"1342";"CUST-67697";"Website"
"UK-2026-104429";"2026-06-17";"West";"Bombay";"Silk Saree";"Fashion";2;3448;"6896";"CUST-25508";"Marketplace"
"UK-2026-102691";"2026-04-26";"West";"Surat";"Running Sneakers";"Fashion";1;2812;"2812";"CUST-14109";"Website"
"UK-2026-102384";"2026-04-02";"South";"Kochi";"Mixer Grinder 750W";"Home & Kitchen";1;3316;"3316";"CUST-42366";"App"
"UK-2026-100641";"2026-01-02";"West";"Pune";"Dinner Set 24pc";"Home & Kitchen";1;2456;"2456";"CUST-29551";"Website"
"UK-2026-104595";"2026-06-21";"South";"Chennai";"Ethnic Dupatta";"Fashion";1;523;"523";"CUST-40083";"App"
"UK-2026-103438";"2026-05-13";"Central";"Indore";"Non-Stick Cookware Set";"Home & Kitchen";1;2764;"2764";"CUST-14948";"Website"
"UK-2026-101836";"2026-03-01";"West";"Mumbai";"Cotton Kurta Set";"Fashion";1;1238;"1238";"CUST-49887";"App"
"UK-2026-103135";"2026-05-08";"South";"Hyderabad";"Cycling Helmet";"Sports";1;1533;"1533";"CUST-71299";"Marketplace"
"UK-2026-101222";"2026-02-09";"Central";"Indore";"Robot Vacuum R7";"Home & Kitchen";1;18801;"18801";"CUST-26860";"Marketplace"
"UK-2026-103621";"2026-05-14";"Central";"Raipur";"Football Size 5";"Sports";2;918;"1836";"CUST-84260";"Marketplace"
"UK-2026-102759";"2026-04-17";"North";"Chandigarh";"Running Sneakers";"Fashion";4;2818;"11272";"CUST-65092";"Marketplace"
"UK-2026-101811";"2026-03-09";"South";"Chennai";"Ultrabook Air 14";"Electronics";1;29520;"29520";"CUST-15239";"Marketplace"
"UK-2026-104120";"2026-06-27";"West";"Ahmedabad";"Running Sneakers";"Fashion";1;2766;"2766";"CUST-67734";"App"
"UK-2026-101309";"2026-02-20";"West";"Mumbai";"Mirrorless Camera Lite";"Electronics";2;28896;"57792";"CUST-39410";"Marketplace"
"UK-2026-102619";"2026-04-14";"South";"Bengaluru";"Air Fryer 5L";"Home & Kitchen";2;5256;"10512";"CUST-47523";"Website"
"UK-2026-100555";"2026-01-28";"West";"Mumbai";"Bluetooth Speaker Mini";"Electronics";2;1469;"2938";"CUST-78039";"Marketplace"
"UK-2026-100747";"2026-02-04";"South";"Kochi";"Cricket Bat English Willow";"Sports";1;9014;"9014";"CUST-20211";"Website"
"UK-2026-103853";"2026-05-01";"North";"Chandigarh";"Denim Jacket";"Fashion";1;2140;"2140";"CUST-81021";"App"
"UK-2026-102620";"2026-04-14";"East";"Guwahati";"Denim Jacket";"Fashion";1;2241;"2241";"CUST-90385";"App"
"UK-2026-100232";"2026-01-04";"West";"Ahmedabad";"Cotton Kurta Set";"Fashion";1;1240;"1240";"CUST-59019";"App"
"UK-2026-103587";"2026-05-30";"South";"Hyderabad";"Makeup Brush Set";"Beauty";1;1244;"1244";"CUST-46257";"Website"
"UK-2026-101827";"2026-03-23";"South";"Bengaluru";"Adjustable Dumbbells 15kg";"Sports";1;4919;"4919";"CUST-42390";"App"
"UK-2026-103203";"2026-05-20";"West";"Ahmedabad";"Power Bank 20000mAh";"Electronics";1;1783;"1783";"CUST-30772";"Website"
"UK-2026-103318";"2026-05-02";"North";"Delhi";"Ultrabook Air 14";"Electronics";1;28819;"28819";"CUST-71610";"Marketplace"
"UK-2026-102473";"2026-04-13";"Central";"Nagpur";"Slim Fit Jeans";"Fashion";1;1535;"1535";"CUST-41455";"App"
"UK-2026-100990";"2026-02-16";"North";"Delhi";"Denim Jacket";"Fashion";2;2154;"4308";"CUST-10452";"Marketplace"
"UK-2026-102242";"2026-04-29";"South";"Bengaluru";"Silk Saree";"Fashion";1;3506;"3506";"CUST-48113";"App"
"UK-2026-100488";"2026-01-27";"West";"Surat";"Cotton Bedsheet Set";"Home & Kitchen";1;1389;"1389";"CUST-88970";"App"
"UK-2026-100988";"2026-02-03";"West";"Pune";"Modern Wall Clock";"Home & Kitchen";2;790;"1580";"CUST-38688";"App"
"UK-2026-103085";"2026-04-24";"West";"Pune";"Formal Shirt";"Fashion";2;1136;"2272";"CUST-41106";"Website"
"UK-2026-103069";"2026-04-24";"North";"Noida";"Sunscreen SPF50";"Beauty";1;567;"567";"CUST-34774";"Website"
"UK-2026-100322";"2026-01-04";"North";"Delhi";"Cycling Helmet";"Sports";4;1590;"6360";"CUST-94435";"App"
"UK-2026-101239";"2026-02-02";"West";"Surat";"Bluetooth Speaker Mini";"Electronics";1;1474;"1474";"CUST-70096";"App"
"UK-2026-103893";"2026-05-10";"North";"Noida";"Vitamin C Serum";"Beauty";1;670;"670";"CUST-73807";"App"
"UK-2026-104844";"2026-06-15";"West";"Pune";"Mixer Grinder 750W";"Home & Kitchen";1;3378;"3378";"CUST-56655";"Website"
"UK-2026-103742";"2026-05-10";"West";"Mumbai";"Air Fryer 5L";"Home & Kitchen";1;5429;"5429";"CUST-12373";"App"
"UK-2026-102567";"2026-04-22";"East";"Guwahati";"Ultrabook Air 14";"Electronics";1;28558;"28558";"CUST-38137";"Marketplace"
"UK-2026-104564";"2026-06-21";"West";"Pune";"Sunscreen SPF50";"Beauty";2;568;"1136";"CUST-90396";"Marketplace"
"UK-2026-104377";"2026-06-12";"East";"Kolkata";"Power Bank 20000mAh";"Electronics";1;1888;"1888";"CUST-74290";"Website"
"UK-2026-104518";"2026-06-15";"North";"Chandigarh";"Wireless Earbuds Pro";"Electronics";1;2888;"2888";"CUST-31093";"Website"
"UK-2026-100754";"2026-02-17";"West";"Ahmedabad";"Slim Fit Jeans";"Fashion";1;1565;"1565";"CUST-99114";"Marketplace"
"UK-2026-104808";"2026-06-19";"East";"Guwahati";"Denim Jacket";"Fashion";1;2283;"2283";"CUST-59207";"Website"
"UK-2026-102273";"2026-04-03";"East";"Bhubaneswar";"Bluetooth Speaker Mini";"Electronics";2;1510;"3020";"CUST-73685";"Website"
"UK-2026-101504";"2026-03-09";"East";"Patna";"Smart Watch X2";"Electronics";2;4538;"9076";"CUST-41986";"Marketplace"
"UK-2026-101905";"2026-03-24";"East";"Patna";"Power Bank 20000mAh";"Electronics";2;1814;"3628";"CUST-97421";"Website"
"UK-2026-100156";"2026-01-01";"Central";"Indore";"Silk Saree";"Fashion";1;3469;"3469";"CUST-95636";"Website"
"UK-2026-102656";"2026-04-23";"East";"Kolkata";"Dinner Set 24pc";"Home & Kitchen";1;2444;"2444";"CUST-85856";"App"
"UK-2026-102734";"2026-04-30";"South";"Kochi";"Modern Wall Clock";"Home & Kitchen";1;769;"769";"CUST-15086";"App"
"UK-2026-104739";"2026-06-06";"South";"Kochi";"Robot Vacuum R7";"Home & Kitchen";2;19936;"39872";"CUST-94605";"Website"
"UK-2026-100154";"2026-01-18";"North";"Delhi";"Leather Wallet";"Fashion";2;940;"1880";"CUST-34958";"App"
"UK-2026-103603";"2026-05-09";"Central";"Raipur";"Badminton Racket Set";"Sports";1;2557;"2557";"CUST-66841";"Marketplace"
"UK-2026-100212";"2026-01-26";"South";"Hyderabad";"Cotton Kurta Set";"Fashion";2;1349;"2698";"CUST-61144";"App"
"UK-2026-102641";"2026-04-15";"South";"Chennai";"Sunscreen SPF50";"Beauty";1;548;"548";"CUST-50824";"App"
"UK-2026-101039";"2026-02-08";"North";"Chandigarh";"Power Bank 20000mAh";"Electronics";1;1711;"1711";"CUST-30443";"Marketplace"
"UK-2026-101048";"2026-02-07";"East";"Bhubaneswar";"Bluetooth Speaker Mini";"Electronics";1;1438;"1438";"CUST-70536";"Website"
"UK-2026-104309";"2026-06-19";"East";"Bhubaneswar";"Noise-Cancelling Headphones";"Electronics";1;9352;"9352";"CUST-16716";"Website"
"UK-2026-104189";"2026-06-03";"East";"Guwahati";"Smart Watch X2";"Electronics";2;4534;"9068";"CUST-31101";"Website"
"UK-2026-101980";"2026-03-14";"West";"Ahmedabad";"Gym Gloves";"Sports";1;516;"516";"CUST-32884";"App"
"UK-2026-103379";"2026-05-31";"West";"Surat";"43-inch Smart TV";"Electronics";1;26838;"26838";"CUST-74153";"App"
"UK-2026-102821";"2026-04-02";"East";"Guwahati";"Power Bank 20000mAh";"Electronics";1;1837;"1837";"CUST-44633";"Marketplace"
"UK-2026-102444";"2026-04-06";"South";"Kochi";"Slim Fit Jeans";"Fashion";4;1623;"6492";"CUST-53387";"App"
"UK-2026-104688";"2026-06-02";"South";"Bengaluru";"Dinner Set 24pc";"Home & Kitchen";1;2572;"2572";"CUST-47392";"Marketplace"
"UK-2026-102012";"2026-03-05";"North";"Chandigarh";"Leather Wallet";"Fashion";1;890;"890";"CUST-76739";"Website"
"UK-2026-100126";"2026-01-06";"North";"Gurugram";"Electric Kettle 1.5L";"Home & Kitchen";1;1113;"1113";"CUST-12486";"Website"
"UK-2026-101374";"2026-02-10";"West";"Ahmedabad";"Face Wash Combo";"Beauty";1;471;"471";"CUST-24141";"App"
"UK-2026-104443";"2026-06-08";"North";"Noida";"43-inch Smart TV";"Electronics";2;26502;"53004";"CUST-61531";"Website"
"UK-2026-100886";"2026-02-21";"South";"BLR";"Smart Watch X2";"Electronics";2;4346;"8692";"CUST-80680";"Website"
"UK-2026-100396";"2026-01-26";"South";"Chennai";"Ultrabook Air 14";"Electronics";1;29291;"29291";"CUST-79817";"App"
"UK-2026-102479";"2026-04-29";"Central";"Raipur";"Football Size 5";"Sports";1;899;"899";"CUST-86253";"App"
"UK-2026-104426";"2026-06-09";"South";"Bengaluru";"Football Size 5";"Sports";1;904;"904";"CUST-65415";"Website"
"UK-2026-104746";"2026-06-22";"South";"Hyderabad";"Ionic Hair Dryer";"Beauty";1;1969;"1969";"CUST-52002";"App"
"UK-2026-104135";"2026-06-15";"South";"Kochi";"Matte Lipstick Set";"Beauty";2;908;"1816";"CUST-98648";"App"
"UK-2026-104011";"2026-05-03";"North";"Gurugram";"Electric Kettle 1.5L";"Home & Kitchen";1;1059;"1059";"CUST-30552";"Marketplace"
"UK-2026-100973";"2026-02-27";"West";"Pune";"Cotton Kurta Set";"Fashion";1;1311;"1311";"CUST-53807";"App"
"UK-2026-104604";"2026-06-27";"West";"Ahmedabad";"Ultrabook Air 14";"Electronics";1;29432;"29432";"CUST-76499";"App"
"UK-2026-104280";"2026-06-26";"South";"Kochi";"Formal Shirt";"Fashion";1;1107;"1107";"CUST-55039";"Website"
"UK-2026-104466";"2026-06-13";"East";"Patna";"Non-Stick Cookware Set";"Home & Kitchen";1;2788;"2788";"CUST-54286";"App"
"UK-2026-102997";"2026-04-26";"South";"Kochi";"Ultrabook Air 14";"Electronics";1;30679;"30679";"CUST-96187";"Website"
"UK-2026-104977";"2026-06-14";"North";"Gurugram";"Football Size 5";"Sports";3;879;"2637";"CUST-45291";"App"
"UK-2026-103648";"2026-05-27";"West";"Surat";"Robot Vacuum R7";"Home & Kitchen";1;19627;"19627";"CUST-42689";"App"
"UK-2026-104517";"2026-06-03";"North";"Chandigarh";"Non-Stick Cookware Set";"Home & Kitchen";2;2768;"5536";"CUST-91848";"App"
"UK-2026-101574";"2026-03-13";"North";"Noida";"Non-Stick Cookware Set";"Home & Kitchen";2;2925;"5850";"CUST-22530";"App"
"UK-2026-103418";"2026-05-20";"South";"Bengaluru";"Cotton Bedsheet Set";"Home & Kitchen";1;1405;"1405";"CUST-92512";"App"
"UK-2026-101290";"2026-02-06";"South";"Chennai";"Adjustable Dumbbells 15kg";"Sports";1;5135;"5135";"CUST-57712";"App"
"UK-2026-104931";"2026-06-03";"West";"Surat";"Denim Jacket";"Fashion";2;2260;"4520";"CUST-84042";"Marketplace"
"UK-2026-104846";"2026-06-21";"West";"Surat";"Matte Lipstick Set";"Beauty";1;898;"898";"CUST-36146";"App"
"UK-2026-101386";"2026-02-17";"South";"Chennai";"Denim Jacket";"Fashion";1;2224;"2224";"CUST-93025";"App"
"UK-2026-104973";"2026-06-27";"Central";"Indore";"Noise-Cancelling Headphones";"Electronics";2;9229;"18458";"CUST-36373";"Marketplace"
"UK-2026-102494";"2026-04-20";"West";"Ahmedabad";"Wireless Earbuds Pro";"Electronics";1;2915;"2915";"CUST-87421";"App"
"UK-2026-101292";"2026-02-21";"East";"Guwahati";"Football Size 5";"Sports";1;874;"874";"CUST-33931";"Website"
"UK-2026-102169";"2026-03-09";"South";"Hyderabad";"Gym Gloves";"Sports";4;494;"1976";"CUST-37760";"Marketplace"
"UK-2026-100177";"2026-01-05";"South";"Chennai";"Electric Kettle 1.5L";"Home & Kitchen";2;1103;"2206";"CUST-40432";"App"
"UK-2026-101753";"2026-03-04";"West";"Pune";"Cotton Kurta Set";"Fashion";4;1361;"5444";"CUST-25835";"Website"
"UK-2026-101486";"2026-03-16";"North";"Chandigarh";"Power Bank 20000mAh";"Electronics";1;1869;"1869";"CUST-72559";"Marketplace"
"UK-2026-101383";"2026-02-19";"South";"Hyderabad";"Mixer Grinder 750W";"Home & Kitchen";1;3183;"3183";"CUST-57054";"App"
"UK-2026-104619";"2026-06-30";"East";"Bhubaneswar";"Leather Wallet";"Fashion";1;915;"915.00";"CUST-50609";"Website"
"UK-2026-100905";"2026-02-04";"South";"Hyderabad";"Robot Vacuum R7";"Home & Kitchen";1;18926;"18926";"CUST-94774";"App"
"UK-2026-104635";"2026-06-15";"West";"Ahmedabad";"Adjustable Dumbbells 15kg";"Sports";1;4979;"4979";"CUST-44658";"Website"
"UK-2026-101263";"2026-02-23";"North";"Gurgaon";"Silk Saree";"Fashion";1;3544;"3544";"CUST-58860";"App"
"UK-2026-101400";"2026-02-18";"North";"Gurugram";"Denim Jacket";"Fashion";3;2180;"6540";"CUST-17832";"App"
"UK-2026-103261";"2026-05-21";"Central";"Bhopal";"Formal Shirt";"Fashion";1;1092;"1092";"CUST-55549";"Website"
"UK-2026-100043";"2026-01-13";"Central";"Indore";"Smart Watch X2";"Electronics";1;4435;"4435";"CUST-48410";"Marketplace"
"UK-2026-100341";"2026-01-31";"West";"Mumbai";"Power Bank 20000mAh";"Electronics";1;1860;"1860";"CUST-31101";"Marketplace"
"UK-2026-102180";"2026-03-25";"North";"Delhi";"Electric Kettle 1.5L";"Home & Kitchen";1;1121;"1121";"CUST-89045";"Website"
"UK-2026-103270";"2026-05-28";"Central";"Raipur";"Dinner Set 24pc";"Home & Kitchen";1;2443;"2443";"CUST-32940";"Website"
"UK-2026-101208";"2026-02-02";"Central";"Nagpur";"Foldable Treadmill T2";"Sports";1;25459;"25459";"CUST-79303";"App"
"UK-2026-101441";"2026-02-22";"North";"Noida";"Wireless Earbuds Pro";"Electronics";1;3146;"3146";"CUST-95927";"Marketplace"
"UK-2026-103705";"2026-05-09";"North";"Noida";"Makeup Brush Set";"Beauty";1;1340;"1340";"CUST-48510";"Website"
"UK-2026-101689";"2026-03-13";"East";"Calcutta";"Electric Kettle 1.5L";"Home & Kitchen";1;1107;"1107";"CUST-44517";"App"
"UK-2026-103525";"2026-05-20";"South";"Bengaluru";"Electric Kettle 1.5L";"Home & Kitchen";1;1072;"1072";"CUST-73948";"App"
"UK-2026-102499";"2026-04-18";"South";"Hyderabad";"Cotton Bedsheet Set";"Home & Kitchen";1;1373;"1373";"CUST-25419";"App"
"UK-2026-103381";"2026-05-20";"South";"Bengaluru";"Formal Shirt";"Fashion";1;1045;"1045";"CUST-54678";"Website"
"UK-2026-104704";"2026-06-26";"North";"Gurugram";"Ionic Hair Dryer";"Beauty";1;1960;"1960";"CUST-83235";"Website"
"UK-2026-103014";"2026-04-24";"North";"Chandigarh";"Wireless Earbuds Pro";"Electronics";2;3054;"6108";"CUST-13967";"Marketplace"
"UK-2026-104716";"2026-06-19";"East";"Bhubaneswar";"Modern Wall Clock";"Home & Kitchen";1;773;"773";"CUST-19257";"Website"
"UK-2026-104806";"2026-06-27";"West";"Pune";"Noise-Cancelling Headphones";"Electronics";1;9134;"9134";"CUST-57183";"App"
"UK-2026-102511";"2026-04-18";"East";"Kolkata";"Silk Saree";"Fashion";1;3634;"3634";"CUST-81709";"Marketplace"
"UK-2026-101942";"2026-03-14";"South";"Kochi";"Noise-Cancelling Headphones";"Electronics";2;8565;"17130";"CUST-56216";"App"
"UK-2026-103536";"2026-05-03";"South";"Chennai";"Cycling Helmet";"Sports";1;1614;"1614";"CUST-15731";"Website"
"UK-2026-103605";"2026-05-21";"West";"Pune";"Denim Jacket";"Fashion";4;2148;"8592";"CUST-97648";"App"
"UK-2026-103178";"2026-05-23";"West";"Pune";"Non-Stick Cookware Set";"Home & Kitchen";1;2871;"2871";"CUST-59519";"Website"
"UK-2026-101797";"2026-03-05";"North";"Delhi";"Foldable Treadmill T2";"Sports";3;25056;"75168";"CUST-84872";"App"
"UK-2026-103445";"2026-05-23";"South";"Hyderabad";"Denim Jacket";"Fashion";1;2253;"2253";"CUST-47482";"Marketplace"
"UK-2026-101995";"2026-03-04";"South";"Hyderabad";"Vitamin C Serum";"Beauty";1;674;"674";"CUST-57176";"App"
"UK-2026-103297";"2026-05-13";"West";"Pune";"Leather Wallet";"Fashion";1;895;"895";"CUST-18730";"Website"
"UK-2026-104040";"2026-06-22";"East";"Patna";"Sunscreen SPF50";"Beauty";1;564;"564";"CUST-97421";"App"
"UK-2026-103353";"2026-05-15";"North";"Gurugram";"Air Fryer 5L";"Home & Kitchen";2;5396;"10792";"CUST-69818";"Marketplace"
"UK-2026-101023";"2026-02-06";"South";"Cochin";"Cycling Helmet";"Sports";1;1649;"1649";"CUST-46496";"Marketplace"
"UK-2026-103875";"2026-05-21";"East";"Bhubaneswar";"Smart Watch X2";"Electronics";1;4360;"4360";"CUST-55575";"App"
"UK-2026-101164";"2026-02-17";"South";"Hyderabad";"Sunscreen SPF50";"Beauty";1;558;"558";"CUST-29924";"Marketplace"
"UK-2026-102982";"2026-04-25";"West";"Ahmedabad";"Mirrorless Camera Lite";"Electronics";1;28693;"28693";"CUST-89195";"App"
"UK-2026-101848";"2026-03-14";"North";"Gurugram";"Smart Watch X2";"Electronics";1;4693;"4693";"CUST-36990";"Website"
"UK-2026-103912";"2026-05-01";"West";"Pune";"Leather Wallet";"Fashion";1;921;"921";"CUST-44391";"App"
"UK-2026-101392";"2026-02-27";"East";"Bhubaneswar";"Modern Wall Clock";"Home & Kitchen";2;785;"1570";"CUST-68309";"App"
"UK-2026-102309";"2026-04-05";"Central";"Raipur";"Slim Fit Jeans";"Fashion";1;1636;"1636";"CUST-46748";"App"
"UK-2026-101240";"2026-02-13";"West";"Pune";"SLIM FIT JEANS";"Fashion";1;1536;"1536";"CUST-73190";"Marketplace"
"UK-2026-102048";"2026-03-01";"North";"New Delhi";"Face Wash Combo";"Beauty";3;440;"1320";"CUST-70719";"App"
"UK-2026-101073";"2026-02-27";"North";"Noida";"Non-Stick Cookware Set";"Home & Kitchen";4;2929;"11716";"CUST-40344";"App"
"UK-2026-104785";"2026-06-04";"East";"Guwahati";"Badminton Racket Set";"Sports";1;2543;"2543";"CUST-88545";"Marketplace"
"UK-2026-102450";"2026-04-23";"North";"Gurugram";"Running Sneakers";"Fashion";4;2786;"11144";"CUST-78503";"Website"
"UK-2026-103334";"2026-05-16";"West";"Mumbai";"Makeup Brush Set";"Beauty";1;1348;"1348";"CUST-88915";"App"
"UK-2026-101446";"2026-02-06";"North";"Delhi";"Ethnic Dupatta";"Fashion";3;506;"1518";"CUST-38577";"App"
"UK-2026-100753";"2026-02-02";"South";"Bengaluru";"Makeup Brush Set";"Beauty";1;1271;"1271";"CUST-67579";"App"
"UK-2026-103035";"2026-04-21";"West";"Mumbai";"Leather Wallet";"Fashion";1;878;"878";"CUST-71217";"Website"
"UK-2026-102476";"2026-04-20";"Central";"Nagpur";"Cricket Bat English Willow";"Sports";1;8582;"8582";"CUST-45577";"App"
"UK-2026-100469";"2026-01-30";"South";"Kochi";"Leather Wallet";"Fashion";1;909;"909";"CUST-82887";"App"
"UK-2026-101029";"2026-02-06";"North";"Chandigarh";"Noise-Cancelling Headphones";"Electronics";1;9095;"9095";"CUST-80507";"Website"
"UK-2026-104668";"2026-06-04";"East";"Kolkata";"Modern Wall Clock";"Home & Kitchen";1;786;"786";"CUST-78416";"Website"
"UK-2026-100142";"2026-01-04";"North";"Gurugram";"Denim Jacket";"Fashion";1;2263;"2263";"CUST-18701";"App"
"UK-2026-102413";"2026-04-17";"North";"Gurugram";"Non-Stick Cookware Set";"Home & Kitchen";2;2908;"5816";"CUST-72931";"Website"
"UK-2026-100768";"2026-02-23";"East";"Guwahati";"Ionic Hair Dryer";"Beauty";1;1820;"1820";"CUST-16451";"Website"
"UK-2026-102127";"2026-03-21";"East";"Calcutta";"Denim Jacket";"Fashion";1;2242;"2242";"CUST-49143";"App"
"UK-2026-101403";"2026-02-16";"West";"Mumbai";"Electric Kettle 1.5L";"Home & Kitchen";1;1098;"1098";"CUST-31833";"Website"
"UK-2026-104820";"2026-06-22";"Central";"Nagpur";"Cotton Kurta Set";"Fashion";2;1282;"2564";"CUST-46892";"Website"
"UK-2026-101075";"2026-02-24";"North";"Delhi";"Leather Wallet";"Fashion";1;886;"886";"CUST-50824";"App"
"UK-2026-104452";"2026-06-04";"West";"Ahmedabad";"Badminton Racket Set";"Sports";2;2550;"5100";"CUST-98462";"Marketplace"
"UK-2026-104042";"2026-06-11";"South";"Bengaluru";"Gym Gloves";"Sports";2;522;"1044";"CUST-56566";"App"
"UK-2026-102443";"2026-04-29";"East";"Bhubaneswar";"Formal Shirt";"Fashion";1;1146;"1146";"CUST-99114";"Website"
"UK-2026-100801";"2026-02-10";"South";"Chennai";"Beard Grooming Kit";"Beauty";1;1023;"1023";"CUST-53394";"Website"
"UK-2026-102159";"2026-03-31";"East";"Calcutta";"Wireless Earbuds Pro";"Electronics";2;2922;"5844";"CUST-32543";"Marketplace"
"UK-2026-104813";"2026-06-03";"West";"Surat";"Adjustable Dumbbells 15kg";"Sports";1;4786;"4786";"CUST-21489";"Marketplace"
"UK-2026-102453";"2026-04-27";"West";"Mumbai";"Noise-Cancelling Headphones";"Electronics";2;8864;"17728";"CUST-82015";"Website"
"UK-2026-100433";"2026-01-13";"South";"Hyderabad";"Slim Fit Jeans";"Fashion";1;1579;"1579";"CUST-89195";"Website"
"UK-2026-102800";"2026-04-17";"North";"Noida";"Wireless Earbuds Pro";"Electronics";2;2911;"5822";"CUST-57549";"App"
"UK-2026-104039";"2026-06-10";"Central";"Nagpur";"Silk Saree";"Fashion";1;3550;"3550";"CUST-40091";"Website"
"UK-2026-101766";"2026-03-13";"South";"Chennai";"Modern Wall Clock";"Home & Kitchen";2;810;"1620";"CUST-32314";"App"
"UK-2026-104287";"2026-06-20";"East";"Patna";"Modern Wall Clock";"Home & Kitchen";1;760;"760";"CUST-79145";"Website"
"UK-2026-104928";"2026-06-12";"North";"Noida";"Denim Jacket";"Fashion";2;2243;"4486";"CUST-46257";"App"
"UK-2026-104342";"2026-06-30";"South";"Kochi";"Football Size 5";"Sports";1;887;"887";"CUST-39564";"App"
"UK-2026-101890";"2026-03-04";"South";"Hyderabad";"Bluetooth Speaker Mini";"Electronics";1;1449;"1449";"CUST-43479";"Website"
"UK-2026-103895";"2026-05-14";"West";"Surat";"Wireless Earbuds Pro";"Electronics";2;3148;"6296";"CUST-48458";"Marketplace"
"UK-2026-102420";"2026-04-03";"East";"Kolkata";"Noise-Cancelling Headphones";"Electronics";1;8625;"8625";"CUST-45401";"App"
"UK-2026-101090";"2026-02-24";"North";"Noida";"Ultrabook Air 14";"Electronics";1;30478;"30478";"CUST-95636";"App"
"UK-2026-103117";"2026-05-18";"West";"Surat";"Denim Jacket";"Fashion";2;2298;"4596";"CUST-49845";"Website"
"UK-2026-100359";"2026-01-19";"West";"Mumbai";"Yoga Mat Pro";"Sports";1;1161;"1161";"CUST-58238";"Marketplace"
"UK-2026-101701";"2026-03-16";"North";"Chandigarh";"Mixer Grinder 750W";"Home & Kitchen";1;3183;"3183";"CUST-31539";"Website"
"UK-2026-104568";"2026-06-04";"South";"Hyderabad";"Cricket Bat English Willow";"Sports";1;8566;"8566";"CUST-57555";"App"
"UK-2026-103267";"2026-05-23";"South";"Hyderabad";"Eau de Parfum 100ml";"Beauty";3;2008;"6024";"CUST-54856";"Marketplace"
"UK-2026-104286";"2026-06-12";"West";"Pune";"Slim Fit Jeans";"Fashion";1;1523;"1523";"CUST-76446";"Marketplace"
"UK-2026-101193";"2026-02-16";"West";"Surat";"Vitamin C Serum";"Beauty";1;704;"704";"CUST-79632";"Website"
"UK-2026-103851";"2026-05-25";"North";"Gurugram";"Robot Vacuum R7";"Home & Kitchen";1;19551;"19551";"CUST-44735";"Marketplace"
"UK-2026-100382";"2026-01-01";"Central";"Raipur";"Adjustable Dumbbells 15kg";"Sports";2;4851;"9702";"CUST-30772";"Website"
"UK-2026-104810";"2026-06-28";"South";"Bengaluru";"Noise-Cancelling Headphones";"Electronics";1;9122;"9122";"CUST-40338";"Website"
"UK-2026-102257";"2026-04-01";"South";"Bengaluru";"Leather Wallet";"Fashion";2;908;"1816";"CUST-18682";"App"
"UK-2026-102892";"2026-04-03";"South";"Chennai";"Bluetooth Speaker Mini";"Electronics";2;1529;"3058";"CUST-30422";"App"
"UK-2026-104956";"2026-06-06";"East";"Guwahati";"Cotton Bedsheet Set";"Home & Kitchen";1;1452;"1452";"CUST-74339";"App"
"UK-2026-104082";"2026-06-18";"South";"Kochi";"Face Wash Combo";"Beauty";1;447;"447";"CUST-30552";"Website"
"UK-2026-104219";"2026-06-19";"North";"Noida";"Running Sneakers";"Fashion";1;2741;"2741";"CUST-96579";"Website"
"UK-2026-102367";"2026-04-21";"West";"Ahmedabad";"Robot Vacuum R7";"Home & Kitchen";1;18213;"18213";"CUST-81387";"App"
"UK-2026-103257";"2026-05-30";"South";"Bengaluru";"Mirrorless Camera Lite";"Electronics";4;28386;"113544";"CUST-79124";"Website"
"UK-2026-102128";"2026-03-19";"North";"Gurugram";"Electric Kettle 1.5L";"Home & Kitchen";1;1049;"1049";"CUST-45670";"App"
"UK-2026-101137";"2026-02-05";"Central";"Raipur";"Wireless Earbuds Pro";"Electronics";2;2966;"5932";"CUST-35555";"App"
"UK-2026-102506";"2026-04-05";"South";"Cochin";"43-inch Smart TV";"Electronics";1;26526;"26526";"CUST-89348";"App"
"UK-2026-103559";"2026-05-26";"East";"Bhubaneswar";"Bluetooth Speaker Mini";"Electronics";1;1538;"1538";"CUST-61801";"App"
"UK-2026-101754";"2026-03-14";"East";"Kolkata";"Face Wash Combo";"Beauty";1;446;"446";"CUST-87050";"Website"
"UK-2026-102030";"2026-03-10";"South";"BLR";"Leather Wallet";"Fashion";1;932;"932";"CUST-68595";"App"
"UK-2026-102622";"2026-04-05";"Central";"Bhopal";"Leather Wallet";"Fashion";1;903;"903";"CUST-59728";"Website"
"UK-2026-100701";"2026-01-19";"East";"Kolkata";"Ethnic Dupatta";"Fashion";4;523;"2092";"CUST-29756";"App"
"UK-2026-102999";"2026-04-08";"South";"Chennai";"Power Bank 20000mAh";"Electronics";1;1754;"1754";"CUST-75340";"Marketplace"
"UK-2026-104385";"2026-06-05";"North";"Delhi";"Power Bank 20000mAh";"Electronics";1;1889;"1889";"CUST-86118";"Website"
"UK-2026-101787";"2026-03-22";"Central";"Bhopal";"Leather Wallet";"Fashion";1;917;"917";"CUST-29903";"App"
"UK-2026-102572";"2026-04-16";"Central";"Indore";"Ethnic Dupatta";"Fashion";3;490;"1470";"CUST-55389";"Website"
"UK-2026-102561";"2026-04-15";"Central";"Raipur";"Football Size 5";"Sports";1;930;"930";"CUST-93268";"Marketplace"
"UK-2026-102665";"2026-04-24";"North";"Noida";"Air Fryer 5L";"Home & Kitchen";1;5607;"5607";"CUST-39330";"App"
"UK-2026-100186";"2026-01-11";"Central";"Nagpur";"Sunscreen SPF50";"Beauty";1;544;"544";"CUST-66874";"Website"
"UK-2026-100237";"2026-01-24";"South";"Kochi";"Wireless Earbuds Pro";"Electronics";1;3023;"3023";"CUST-67482";"App"
"UK-2026-101760";"2026-03-27";"North";"Noida";"Cotton Bedsheet Set";"Home & Kitchen";2;1351;"2702";"CUST-18127";"Website"
"UK-2026-101055";"2026-02-15";"West";"Surat";"Ultrabook Air 14";"Electronics";1;29414;"29414";"CUST-86230";"Marketplace"
"UK-2026-103395";"2026-05-03";"South";"Madras";"Silk Saree";"Fashion";1;3515;"3515";"CUST-74681";"Marketplace"
"UK-2026-103330";"2026-05-20";"South";"Bengaluru";"Adjustable Dumbbells 15kg";"Sports";1;4844;"4844";"CUST-22294";"App"
"UK-2026-100012";"2026-01-22";"West";"Mumbai";"Mirrorless Camera Lite";"Electronics";1;29713;"29713";"CUST-24236";"Website"
"UK-2026-103772";"2026-05-20";"West";"Ahmedabad";"Face Wash Combo";"Beauty";1;437;"437";"CUST-71610";"Website"
"UK-2026-104372";"2026-06-25";"West";"Pune";"Bluetooth Speaker Mini";"Electronics";1;1461;"1461";"CUST-36990";"Marketplace"
"UK-2026-104340";"2026-06-02";"West";"Mumbai";"Non-Stick Cookware Set";"Home & Kitchen";1;2899;"2899";"CUST-88102";"Website"
"UK-2026-100623";"2026-01-16";"East";"Kolkata";"Beard Grooming Kit";"Beauty";1;995;"995";"CUST-31794";"App"
"UK-2026-104440";"2026-06-16";"West";"Ahmedabad";"Mirrorless Camera Lite";"Electronics";1;28317;"28317";"CUST-72445";"App"
"UK-2026-104814";"2026-06-28";"East";"Guwahati";"Noise-Cancelling Headphones";"Electronics";1;8815;"8815";"CUST-85679";"Marketplace"
"UK-2026-100311";"2026-01-02";"South";"Chennai";"Denim Jacket";"Fashion";1;2277;"2277";"CUST-32235";"App"
"UK-2026-104598";"2026-06-01";"North";"Noida";"Cotton Kurta Set";"Fashion";1;1290;"1290";"CUST-54698";"App"
"UK-2026-104450";"2026-06-16";"North";"Delhi";"Adjustable Dumbbells 15kg";"Sports";2;5211;"10422";"CUST-76697";"App"
"UK-2026-103102";"2026-05-27";"West";"Pune";"Formal Shirt";"Fashion";2;1107;"2214";"CUST-82084";"Marketplace"
"UK-2026-103909";"2026-05-23";"East";"Patna";"Mirrorless Camera Lite";"Electronics";3;27761;"83283";"CUST-85723";"Marketplace"
"UK-2026-104620";"2026-06-01";"West";"Pune";"Leather Wallet";"Fashion";2;855;"1710";"CUST-38899";"App"
"UK-2026-104400";"2026-06-30";"South";"Chennai";"Slim Fit Jeans";"Fashion";1;1636;"1636";"CUST-83065";"App"
"UK-2026-104939";"2026-06-18";"Central";"Indore";"Smart Watch X2";"Electronics";1;4614;"4614";"CUST-85192";"App"
"UK-2026-101762";"2026-03-17";"West";"Ahmedabad";"Badminton Racket Set";"Sports";4;2556;"10224";"CUST-88268";"Website"
"UK-2026-103977";"2026-05-08";"Central";"Raipur";"Ethnic Dupatta";"Fashion";1;523;"523";"CUST-71708";"App"
"UK-2026-100358";"2026-01-01";"South";"Bengaluru";"Formal Shirt";"Fashion";1;1124;"1124";"CUST-12373";"App"
"UK-2026-103498";"2026-05-13";"East";"Bhubaneswar";"Gym Gloves";"Sports";4;522;"2088";"CUST-35414";"App"
"UK-2026-102581";"2026-04-14";"South";"Chennai";"Adjustable Dumbbells 15kg";"Sports";1;5070;"5070";"CUST-96287";"Website"
"UK-2026-103132";"2026-05-25";"South";"Bengaluru";"Ultrabook Air 14";"Electronics";1;31194;"31194";"CUST-81227";"Website"
"UK-2026-100395";"2026-01-05";"South";"Bengaluru";"Yoga Mat Pro";"Sports";1;1145;"1145";"CUST-26348";"Website"
"UK-2026-103286";"2026-05-07";"West";"Pune";"Modern Wall Clock";"Home & Kitchen";1;814;"814";"CUST-38556";"App"
"UK-2026-101691";"2026-03-10";"South";"Kochi";"Adjustable Dumbbells 15kg";"Sports";1;5051;"5051";"CUST-86942";"Marketplace"
"UK-2026-104580";"2026-06-14";"East";"Patna";"Gym Gloves";"Sports";1;513;"513";"CUST-76555";"App"
"UK-2026-104659";"2026-06-24";"North";"Noida";"Yoga Mat Pro";"Sports";1;1212;"1212";"CUST-79632";"App"
"UK-2026-102196";"2026-03-16";"South";"Hyderabad";"Leather Wallet";"Fashion";1;883;"883";"CUST-82084";"App"
"UK-2026-102001";"2026-03-22";"Central";"Raipur";"Leather Wallet";"Fashion";1;861;"861";"CUST-12648";"Website"
"UK-2026-101484";"2026-03-31";"East";"Kolkata";"43-inch Smart TV";"Electronics";1;27035;"27035";"CUST-29539";"Website"
"UK-2026-102015";"2026-03-30";"South";"Bengaluru";"Mirrorless Camera Lite";"Electronics";1;28099;"28099";"CUST-50872";"Marketplace"
"UK-2026-104455";"2026-06-21";"South";"Bengaluru";"Leather Wallet";"Fashion";2;867;"1734";"CUST-47239";"Marketplace"
"UK-2026-102635";"2026-04-18";"South";"Bengaluru";"Yoga Mat Pro";"Sports";1;1165;"1165";"CUST-50142";"App"
"UK-2026-102604";"2026-04-11";"South";"Bengaluru";"Foldable Treadmill T2";"Sports";1;24196;"24196";"CUST-50618";"App"
"UK-2026-102313";"2026-04-18";"Central";"Bhopal";"Leather Wallet";"Fashion";1;893;"893";"CUST-93327";"Marketplace"
"UK-2026-100577";"2026-01-24";"Central";"Bhopal";"Air Fryer 5L";"Home & Kitchen";2;5452;"10904";"CUST-12364";"App"
"UK-2026-102249";"2026-04-23";"North";"Delhi";"Electric Kettle 1.5L";"Home & Kitchen";1;1102;"1102";"CUST-56671";"App"
"UK-2026-100027";"2026-01-25";"South";"Hyderabad";"Ionic Hair Dryer";"Beauty";2;1987;"3974";"CUST-65513";"App"
"UK-2026-103162";"2026-05-19";"South";"Kochi";"Ionic Hair Dryer";"Beauty";1;1943;"1943.00";"CUST-69547";"App"
"UK-2026-103616";"2026-05-19";"Central";"Bhopal";"Slim Fit Jeans";"Fashion";1;1564;"1564";"CUST-88131";"Website"
"UK-2026-101961";"2026-03-07";"East";"Bhubaneswar";"Non-Stick Cookware Set";"Home & Kitchen";1;2936;"2936";"CUST-29273";"Marketplace"
"UK-2026-103380";"2026-05-11";"West";"Pune";"Modern Wall Clock";"Home & Kitchen";2;796;"1592";"CUST-74153";"App"
"UK-2026-103716";"2026-05-31";"East";"Bhubaneswar";"Matte Lipstick Set";"Beauty";1;857;"857";"CUST-99637";"App"
"UK-2026-101564";"2026-03-22";"Central";"Raipur";"Denim Jacket";"Fashion";1;2096;"2096";"CUST-54978";"App"
"UK-2026-102061";"2026-03-30";"East";"Patna";"Air Fryer 5L";"Home & Kitchen";1;5715;"5715";"CUST-77582";"App"
"UK-2026-101513";"2026-03-02";"Central";"Bhopal";"Slim Fit Jeans";"Fashion";4;1562;"6248";"CUST-46444";"App"
"UK-2026-101113";"2026-02-22";"North";"Gurugram";"Wireless Earbuds Pro";"Electronics";2;2920;"5840";"CUST-98330";"App"
"UK-2026-102076";"2026-03-11";"North";"Noida";"Formal Shirt";"Fashion";1;1076;"1076";"CUST-14109";"App"
"UK-2026-104180";"2026-06-22";"South";"Chennai";"Silk Saree";"Fashion";2;3354;"6708";"CUST-29365";"Marketplace"
"UK-2026-101593";"2026-03-31";"West";"Surat";"Electric Kettle 1.5L";"Home & Kitchen";1;1092;"1092";"CUST-48110";"Marketplace"
"UK-2026-100851";"2026-02-07";"South";"Hyderabad";"robot vacuum r7";"Home & Kitchen";1;18658;"18658";"CUST-89949";"Website"
"UK-2026-103581";"2026-05-01";"South";"Kochi";"Wireless Earbuds Pro";"Electronics";2;2909;"5818";"CUST-75001";"Website"
"UK-2026-103854";"2026-05-26";"East";"Kolkata";"Bluetooth Speaker Mini";"Electronics";1;1526;"1526";"CUST-55592";"Website"
"UK-2026-100896";"2026-02-08";"North";"Delhi";"Modern Wall Clock";"Home & Kitchen";3;785;"2355";"CUST-34115";"App"
"UK-2026-103209";"2026-05-15";"South";"Kochi";"Ionic Hair Dryer";"Beauty";1;1925;"1925";"CUST-27537";"App"
"UK-2026-104365";"2026-06-11";"West";"Surat";"Dinner Set 24pc";"Home & Kitchen";1;2428;"2428";"CUST-99939";"App"
"UK-2026-103019";"2026-04-22";"East";"Guwahati";"Wireless Earbuds Pro";"Electronics";2;2940;"5880";"CUST-45577";"Website"
"UK-2026-102642";"2026-04-19";"North";"Chandigarh";"Running Sneakers";"Fashion";2;2877;"5754";"CUST-55741";"Website"
"UK-2026-104835";"2026-06-15";"South";"Bengaluru";"Denim Jacket";"Fashion";2;2309;"4618";"CUST-55338";"Website"
"UK-2026-100677";"2026-01-24";"East";"Kolkata";"Slim Fit Jeans";"Fashion";1;1658;"1658";"CUST-33139";"App"
"UK-2026-103119";"2026-05-26";"North";"Delhi";"Foldable Treadmill T2";"Sports";1;24144;"24144";"CUST-78981";"Marketplace"
"UK-2026-103726";"2026-05-07";"Central";"Bhopal";"Noise-Cancelling Headphones";"Electronics";1;9369;"9369";"CUST-66247";"Website"
"UK-2026-100306";"2026-01-24";"South";"Chennai";"Noise-Cancelling Headphones";"Electronics";1;8933;"8933";"CUST-44553";"Website"
"UK-2026-104029";"2026-06-30";"North";"Delhi";"Ultrabook Air 14";"Electronics";1;29330;"29330";"CUST-44746";"App"
"UK-2026-101414";"2026-02-26";"East";"Kolkata";"Ethnic Dupatta";"Fashion";1;484;"484";"CUST-59879";"App"
"UK-2026-104313";"2026-06-02";"North";"Chandigarh";"Wireless Earbuds Pro";"Electronics";1;2874;"2874";"CUST-94150";"Marketplace"
"UK-2026-104750";"2026-06-09";"West";"Mumbai";"Vitamin C Serum";"Beauty";1;714;"714";"CUST-82015";"App"
"UK-2026-103888";"2026-05-29";"East";"Kolkata";"Bluetooth Speaker Mini";"Electronics";1;1556;"1556";"CUST-80218";"App"
"UK-2026-103508";"2026-05-07";"Central";"Indore";"Wireless Earbuds Pro";"Electronics";1;2974;"2974";"CUST-67136";"App"
"UK-2026-102849";"2026-04-07";"North";"Gurugram";"Bluetooth Speaker Mini";"Electronics";2;1558;"3116";"CUST-61337";"Marketplace"
"UK-2026-100198";"2026-01-22";"East";"Bhubaneswar";"Cotton Kurta Set";"Fashion";2;1273;"2546";"CUST-20767";"Marketplace"
"UK-2026-103530";"2026-05-11";"East";"Kolkata";"Slim Fit Jeans";"Fashion";2;1580;"3160";"CUST-25900";"Website"
"UK-2026-102070";"2026-03-28";"West";"Ahmedabad";"Gym Gloves";"Sports";2;476;"952";"CUST-16068";"Marketplace"
"UK-2026-103791";"2026-05-25";"South";"Hyderabad";"Ethnic Dupatta";"Fashion";1;483;"483";"CUST-91211";"Website"
"UK-2026-100998";"2026-02-26";"West";"Ahmedabad";"Smart Watch X2";"Electronics";2;4469;"8938";"CUST-40386";"App"
"UK-2026-104046";"2026-06-23";"North";"Gurugram";"Vitamin C Serum";"Beauty";1;725;"725";"CUST-13520";"App"
"UK-2026-103410";"2026-05-31";"South";"Kochi";"Electric Kettle 1.5L";"Home & Kitchen";4;1098;"4392";"CUST-72138";"App"
"UK-2026-100633";"2026-01-25";"North";"Gurugram";"Denim Jacket";"Fashion";1;2230;"2230";"CUST-29105";"App"
"UK-2026-104560";"2026-06-28";"North";"Gurugram";"Slim Fit Jeans";"Fashion";1;1548;"1548";"CUST-57583";"App"
"UK-2026-103877";"2026-05-25";"East";"Kolkata";"Cotton Kurta Set";"Fashion";1;1304;"1304";"CUST-22571";"App"
"UK-2026-102883";"2026-04-18";"South";"Kochi";"Electric Kettle 1.5L";"Home & Kitchen";1;1057;"1057";"CUST-27974";"Website"
"UK-2026-101466";"2026-03-10";"Central";"Raipur";"Mixer Grinder 750W";"Home & Kitchen";1;3326;"3326";"CUST-99723";"App"
"UK-2026-103792";"2026-05-20";"West";"Mumbai";"Foldable Treadmill T2";"Sports";2;24337;"48674";"CUST-41455";"Website"
"UK-2026-100825";"2026-02-10";"South";"Kochi";"Slim Fit Jeans";"Fashion";1;1617;"1617";"CUST-66191";"App"
"UK-2026-104652";"2026-06-04";"North";"Chandigarh";"Dinner Set 24pc";"Home & Kitchen";2;2602;"5204";"CUST-24024";"Website"
"UK-2026-103255";"2026-05-22";"East";"Bhubaneswar";"Smart Watch X2";"Electronics";2;4292;"8584";"CUST-46530";"App"
"UK-2026-103500";"2026-05-12";"West";"Ahmedabad";"Sunscreen SPF50";"Beauty";1;523;"523";"CUST-65191";"Website"
"UK-2026-101428";"2026-02-09";"South";"Bengaluru";"Slim Fit Jeans";"Fashion";2;1601;"3202";"CUST-15731";"App"
"UK-2026-101234";"2026-02-06";"Central";"Bhopal";"Slim Fit Jeans";"Fashion";1;1570;"1570";"CUST-30133";"App"
"UK-2026-100563";"2026-01-11";"South";"Kochi";"Makeup Brush Set";"Beauty";3;1267;"3801";"CUST-29593";"App"
"UK-2026-102224";"2026-03-22";"North";"Noida";"Air Fryer 5L";"Home & Kitchen";1;5347;"5347";"CUST-20680";"Marketplace"
"UK-2026-101656";"2026-03-05";"South";"Hyderabad";"Ethnic Dupatta";"Fashion";1;480;"480";"CUST-22587";"Website"
"UK-2026-101419";"2026-02-20";"North";"Noida";"Electric Kettle 1.5L";"Home & Kitchen";1;1062;"1062";"CUST-62212";"App"
"UK-2026-100362";"2026-01-26";"South";"Hyderabad";"Bluetooth Speaker Mini";"Electronics";1;1548;"1548";"CUST-60470";"Marketplace"
"UK-2026-101608";"2026-03-07";"North";"Gurugram";"Air Fryer 5L";"Home & Kitchen";1;5578;"5578";"CUST-20680";"Website"
"UK-2026-100703";"2026-01-13";"West";"Surat";"Ultrabook Air 14";"Electronics";1;30681;"30681";"CUST-45324";"App"
"UK-2026-104007";"2026-05-23";"North";"Chandigarh";"Robot Vacuum R7";"Home & Kitchen";1;19216;"19216";"CUST-32322";"Website"
"UK-2026-104733";"2026-06-06";"North";"Chandigarh";"Noise-Cancelling Headphones";"Electronics";1;8875;"8875";"CUST-91078";"App"
"UK-2026-102437";"2026-04-30";"West";"Surat";"Dinner Set 24pc";"Home & Kitchen";1;2549;"2549";"CUST-49392";"Marketplace"
"UK-2026-101398";"2026-02-02";"South";"Bengaluru";"Formal Shirt";"Fashion";1;1068;"1068";"CUST-70144";"Website"
"UK-2026-104653";"2026-06-13";"South";"Chennai";"Robot Vacuum R7";"Home & Kitchen";2;19057;"38114";"CUST-13180";"App"
"UK-2026-104494";"2026-06-03";"North";"Delhi";"Noise-Cancelling Headphones";"Electronics";1;8712;"8712";"CUST-79892";"Marketplace"
"UK-2026-101903";"2026-03-15";"North";"delhi";"Beard Grooming Kit";"Beauty";1;980;"980";"CUST-63025";"Marketplace"
"UK-2026-103239";"2026-05-09";"East";"Bhubaneswar";"Yoga Mat Pro";"Sports";1;1217;"1217";"CUST-24620";"App"
"UK-2026-102065";"2026-03-08";"North";"Delhi";"Silk Saree";"Fashion";3;3560;"10680";"CUST-12064";"App"
"UK-2026-101196";"2026-02-05";"North";"Delhi";"Foldable Treadmill T2";"Sports";1;24744;"24744";"CUST-32314";"App"
"UK-2026-103220";"2026-05-29";"South";"Cochin";"Leather Wallet";"Fashion";2;880;"1760";"CUST-95927";"Website"
"UK-2026-102532";"2026-04-11";"South";"Chennai";"Cycling Helmet";"Sports";1;1600;"1600";"CUST-61031";"App"
"UK-2026-102126";"2026-03-09";"Central";"Nagpur";"Cotton Bedsheet Set";"Home & Kitchen";3;1468;"4404";"CUST-70144";"App"
"UK-2026-103241";"2026-05-28";"West";"Pune";"Noise-Cancelling Headphones";"Electronics";1;8814;"8814";"CUST-70925";"Website"
"UK-2026-104732";"2026-06-22";"West";"Surat";"Formal Shirt";"Fashion";1;1095;"1095";"CUST-38417";"Website"
"UK-2026-104055";"2026-06-13";"East";"Kolkata";"Cricket Bat English Willow";"Sports";2;9390;"18780";"CUST-38606";"App"
"UK-2026-104761";"2026-06-04";"South";"Chennai";"Power Bank 20000mAh";"Electronics";1;1816;"1816";"CUST-23664";"App"
"UK-2026-104078";"2026-06-15";"North";"Gurugram";"Electric Kettle 1.5L";"Home & Kitchen";1;1131;"1131";"CUST-32711";"Marketplace"
"UK-2026-104788";"2026-06-17";"West";"Ahmedabad";"Foldable Treadmill T2";"Sports";2;26034;"52068";"CUST-40473";"Website"
"UK-2026-103284";"2026-05-09";"North";"Noida";"Running Sneakers";"Fashion";1;2688;"2688";"CUST-14924";"Website"
"UK-2026-104680";"2026-06-24";"South";"Hyderabad";"Formal Shirt";"Fashion";1;1056;"1056";"CUST-57054";"App"
"UK-2026-103612";"2026-05-07";"South";"Kochi";"Badminton Racket Set";"Sports";1;2391;"2391";"CUST-61391";"Marketplace"
"UK-2026-102392";"2026-04-19";"East";"Kolkata";"Matte Lipstick Set";"Beauty";2;899;"1798";"CUST-23200";"App"
"UK-2026-101303";"2026-02-17";"North";"Noida";"Formal Shirt";"Fashion";1;1150;"1150";"CUST-67086";"App"
"UK-2026-100523";"2026-01-08";"North";"Chandigarh";"Mirrorless Camera Lite";"Electronics";1;28920;"28920";"CUST-74217";"Marketplace"
"UK-2026-100910";"2026-02-26";"East";"Patna";"Electric Kettle 1.5L";"Home & Kitchen";2;1053;"2106";"CUST-13667";"Website"
"UK-2026-101053";"2026-02-12";"Central";"Indore";"Face Wash Combo";"Beauty";2;460;"920";"CUST-79446";"Website"
"UK-2026-103169";"2026-05-11";"Central";"Bhopal";"Denim Jacket";"Fashion";2;2293;"4586";"CUST-27904";"Website"
"UK-2026-103222";"2026-05-13";"West";"Surat";"Mirrorless Camera Lite";"Electronics";1;27782;"27782";"CUST-90644";"Website"
"UK-2026-104661";"2026-06-28";"East";"Guwahati";"FACE WASH COMBO";"Beauty";1;438;"438";"CUST-78039";"App"
"UK-2026-102919";"2026-04-20";"West";"Pune";"Ionic Hair Dryer";"Beauty";2;1876;"3752";"CUST-91739";"App"
"UK-2026-100691";"2026-01-31";"Central";"Indore";"Non-Stick Cookware Set";"Home & Kitchen";1;2997;"2997";"CUST-36776";"Website"
"UK-2026-103157";"2026-05-24";"West";"Surat";"Denim Jacket";"Fashion";1;2274;"2274";"CUST-39363";"Marketplace"
"UK-2026-103615";"2026-05-19";"North";"Gurugram";"Cotton Bedsheet Set";"Home & Kitchen";2;1415;"2830";"CUST-67423";"App"
"UK-2026-101733";"2026-03-30";"Central";"Indore";"Non-Stick Cookware Set";"Home & Kitchen";1;2937;"2937";"CUST-49133";"App"
"UK-2026-101442";"2026-02-07";"North";"Delhi";"Ethnic Dupatta";"Fashion";1;517;"517";"CUST-71464";"App"
"UK-2026-100793";"2026-02-03";"Central";"Nagpur";"Sunscreen SPF50";"Beauty";1;559;"559";"CUST-23028";"Website"
"UK-2026-103026";"2026-04-11";"South";"Bengaluru";"Matte Lipstick Set";"Beauty";1;924;"924";"CUST-65197";"Website"
"UK-2026-104893";"2026-06-21";"West";"Pune";"Badminton Racket Set";"Sports";1;2602;"2602";"CUST-20211";"Website"
"UK-2026-102325";"2026-04-22";"Central";"Nagpur";"Power Bank 20000mAh";"Electronics";1;1749;"1749";"CUST-44391";"Website"
"UK-2026-103340";"2026-05-04";"East";"Patna";"Makeup Brush Set";"Beauty";2;1253;"2506";"CUST-89016";"Website"
"UK-2026-100508";"2026-01-22";"Central";"Nagpur";"Mirrorless Camera Lite";"Electronics";1;29692;"29692";"CUST-59879";"Marketplace"
"UK-2026-102211";"2026-03-25";"South";"Kochi";"Dinner Set 24pc";"Home & Kitchen";1;2614;"2614";"CUST-10947";"App"
"UK-2026-104361";"2026-06-01";"West";"Surat";"Ultrabook Air 14";"Electronics";1;30295;"30295";"CUST-71708";"App"
"UK-2026-104415";"2026-06-29";"East";"Patna";"Noise-Cancelling Headphones";"Electronics";1;9218;"9218";"CUST-50122";"App"
"UK-2026-104909";"2026-06-22";"Central";"Indore";"Running Sneakers";"Fashion";1;2909;"2909";"CUST-61192";"Website"
"UK-2026-100213";"2026-01-23";"West";"Pune";"Ultrabook Air 14";"Electronics";1;31070;"31070";"CUST-35414";"Marketplace"
"UK-2026-103025";"2026-04-04";"West";"Ahmedabad";"Adjustable Dumbbells 15kg";"Sports";2;5241;"10482";"CUST-76739";"Website"
"UK-2026-100072";"2026-01-07";"North";"Chandigarh";"Ultrabook Air 14";"Electronics";1;30532;"30532";"CUST-38899";"App"
"UK-2026-101376";"2026-02-27";"South";"Chennai";"Mirrorless Camera Lite";"Electronics";1;28794;"28794";"CUST-45925";"Website"
"UK-2026-101246";"2026-02-16";"North";"Delhi";"Gym Gloves";"Sports";1;484;"484";"CUST-29924";"Website"
"UK-2026-100408";"2026-01-08";"West";"Mumbai";"Robot Vacuum R7";"Home & Kitchen";1;19523;"19523";"CUST-47906";"Website"
"UK-2026-104715";"2026-06-16";"South";"Hyderabad";"Modern Wall Clock";"Home & Kitchen";1;767;"767";"CUST-84162";"App"
"UK-2026-104159";"2026-06-27";"North";"Noida";"Formal Shirt";"Fashion";1;1076;"1076";"CUST-15915";"Website"
"UK-2026-103562";"2026-05-11";"Central";"Bhopal";"Running Sneakers";"Fashion";2;2799;"5598";"CUST-28590";"Website"
"UK-2026-100883";"2026-02-23";"North";"Chandigarh";"Power Bank 20000mAh";"Electronics";1;1860;"1860";"CUST-25387";"Website"
"UK-2026-104632";"2026-06-22";"North";"Gurugram";"Modern Wall Clock";"Home & Kitchen";1;778;"778";"CUST-36083";"App"
"UK-2026-103832";"2026-05-06";"South";"Bangalore";"Foldable Treadmill T2";"Sports";2;25707;"51414";"CUST-51037";"App"
"UK-2026-103228";"2026-05-08";"West";"Pune";"Bluetooth Speaker Mini";"Electronics";1;1545;"1545";"CUST-87630";"Website"
"UK-2026-104822";"2026-06-17";"West";"Pune";"Non-Stick Cookware Set";"Home & Kitchen";1;2798;"2798";"CUST-45324";"Website"
"UK-2026-104480";"2026-06-16";"South";"Hyderabad";"Bluetooth Speaker Mini";"Electronics";1;1426;"1426";"CUST-65951";"App"
"UK-2026-102784";"2026-04-20";"West";"Surat";"Beard Grooming Kit";"Beauty";1;975;"975";"CUST-73190";"App"
"UK-2026-100831";"2026-02-02";"North";"Delhi";"Running Sneakers";"Fashion";1;2660;"2660";"CUST-63004";"App"
"UK-2026-100513";"2026-01-07";"West";"Mumbai";"Cycling Helmet";"Sports";1;1639;"1639";"CUST-36083";"App"
"UK-2026-100062";"2026-01-09";"Central";"Bhopal";"Cycling Helmet";"Sports";1;1664;"1664";"CUST-32252";"Website"
"UK-2026-100065";"2026-01-20";"North";"Chandigarh";"Mirrorless Camera Lite";"Electronics";1;28502;"28502";"CUST-46248";"App"
"UK-2026-101155";"2026-02-02";"North";"Noida";"Power Bank 20000mAh";"Electronics";2;1727;"3454";"CUST-95522";"Website"
"UK-2026-100320";"2026-01-04";"South";"Chennai";"Cotton Bedsheet Set";"Home & Kitchen";1;1435;"1435";"CUST-36815";"App"
"UK-2026-102360";"2026-04-05";"West";"Pune";"Non-Stick Cookware Set";"Home & Kitchen";1;2944;"2944";"CUST-76739";"Website"
"UK-2026-100781";"2026-02-12";"West";"Mumbai";"Matte Lipstick Set";"Beauty";1;855;"855";"CUST-68309";"Website"
"UK-2026-103538";"2026-05-08";"North";"Noida";"Silk Saree";"Fashion";2;3446;"6892";"CUST-23200";"App"
"UK-2026-102047";"2026-03-21";"Central";"Bhopal";"Electric Kettle 1.5L";"Home & Kitchen";3;1121;"3363";"CUST-90977";"App"
"UK-2026-102752";"2026-04-27";"West";"Ahmedabad";"Leather Wallet";"Fashion";1;935;"935";"CUST-30772";"Website"
"UK-2026-103719";"2026-05-20";"South";"Hyderabad";"Yoga Mat Pro";"Sports";4;1217;"4868";"CUST-15373";"Marketplace"
"UK-2026-103927";"2026-05-05";"West";"Surat";"Cricket Bat English Willow";"Sports";1;9381;"9381";"CUST-84260";"App"
"UK-2026-103635";"2026-05-18";"West";"Ahmedabad";"Makeup Brush Set";"Beauty";1;1264;"1264";"CUST-37404";"Website"
"UK-2026-102550";"2026-04-09";"West";"Bombay";"Makeup Brush Set";"Beauty";1;1355;"1355";"CUST-20553";"Website"
"UK-2026-103444";"2026-05-05";"West";"Surat";"Matte Lipstick Set";"Beauty";2;912;"1824";"CUST-89486";"App"
"UK-2026-103295";"2026-05-07";"West";"Mumbai";"Vitamin C Serum";"Beauty";1;692;"692";"CUST-95834";"Website"
"UK-2026-100002";"2026-01-20";"West";"Mumbai";"43-inch Smart TV";"Electronics";1;26405;"26405";"CUST-89129";"App"
"UK-2026-102407";"2026-04-12";"East";"Guwahati";"Silk Saree";"Fashion";1;3393;"3393";"CUST-75462";"Website"
"UK-2026-104690";"2026-06-07";"West";"Mumbai";"Face Wash Combo";"Beauty";1;453;"453";"CUST-63881";"App"
"UK-2026-100712";"2026-01-31";"Central";"Nagpur";"Robot Vacuum R7";"Home & Kitchen";1;19676;"19676";"CUST-92185";"Website"
"UK-2026-102123";"2026-03-05";"South";"Hyderabad";"AIR FRYER 5L";"Home & Kitchen";1;5535;"5535";"CUST-74339";"Website"
"UK-2026-102241";"2026-04-18";"West";"Pune";"Face Wash Combo";"Beauty";1;470;"470";"CUST-62925";"App"
"UK-2026-104615";"2026-06-08";"South";"Hyderabad";"Denim Jacket";"Fashion";2;2139;"4278";"CUST-36920";"App"
"UK-2026-102203";"2026-03-10";"South";"Hyderabad";"Makeup Brush Set";"Beauty";1;1312;"1312";"CUST-52175";"App"
"UK-2026-101638";"2026-03-13";"West";"Surat";"Ultrabook Air 14";"Electronics";2;30374;"60748";"CUST-13180";"Marketplace"
"UK-2026-103700";"2026-05-06";"North";"Gurugram";"Mixer Grinder 750W";"Home & Kitchen";1;3270;"3270";"CUST-71566";"App"
"UK-2026-104099";"2026-06-11";"North";"Noida";"Ionic Hair Dryer";"Beauty";1;1817;"1817";"CUST-82521";"App"
"UK-2026-102745";"2026-04-22";"West";"Ahmedabad";"Power Bank 20000mAh";"Electronics";1;1876;"1876";"CUST-27630";"Website"
"UK-2026-101938";"2026-03-24";"South";"Bengaluru";"Cycling Helmet";"Sports";1;1544;"1544";"CUST-14409";"App"
"UK-2026-102609";"2026-04-15";"South";"Chennai";"Cycling Helmet";"Sports";3;1561;"4683";"CUST-41538";"Website"
"UK-2026-101535";"2026-03-10";"West";"Pune";"Cotton Kurta Set";"Fashion";1;1239;"1239.00";"CUST-92856";"Website"
"UK-2026-102296";"2026-04-30";"West";"Ahmedabad";"Cotton Kurta Set";"Fashion";1;1265;"1265";"CUST-77471";"App"
"UK-2026-103328";"2026-05-23";"East";"Bhubaneswar";"Matte Lipstick Set";"Beauty";1;859;"859";"CUST-75988";"Website"
"UK-2026-100727";"2026-02-06";"North";"Chandigarh";"Leather Wallet";"Fashion";3;877;"2631";"CUST-16433";"App"
"UK-2026-104111";"2026-06-14";"West";"Surat";"Power Bank 20000mAh";"Electronics";1;1829;"1829";"CUST-57852";"Marketplace"
"UK-2026-104336";"2026-06-30";"North";"Delhi";"Cricket Bat English Willow";"Sports";3;8614;"25842";"CUST-14672";"Website"
"UK-2026-101738";"2026-03-24";"North";"Chandigarh";"Modern Wall Clock";"Home & Kitchen";1;818;"818";"CUST-30552";"Marketplace"
"UK-2026-100188";"2026-01-27";"East";"Kolkata";"Face Wash Combo";"Beauty";1;454;"454";"CUST-72464";"Marketplace"
"UK-2026-101091";"2026-02-08";"East";"Guwahati";"Non-Stick Cookware Set";"Home & Kitchen";4;2775;"11100";"CUST-50133";"App"
"UK-2026-101536";"2026-03-17";"South";"Kochi";"Cotton Bedsheet Set";"Home & Kitchen";2;1360;"2720";"CUST-56037";"App"
"UK-2026-101106";"2026-02-25";"South";"Hyderabad";"Foldable Treadmill T2";"Sports";1;24660;"24660";"CUST-67562";"App"
"UK-2026-104188";"2026-06-27";"Central";"Raipur";"Modern Wall Clock";"Home & Kitchen";1;768;"768";"CUST-69685";"Website"
"UK-2026-104206";"2026-06-16";"North";"Noida";"Beard Grooming Kit";"Beauty";2;1036;"2072";"CUST-70121";"App"
"UK-2026-103059";"2026-04-22";"South";"Chennai";"Bluetooth Speaker Mini";"Electronics";1;1427;"1427";"CUST-58539";"Marketplace"
"UK-2026-102214";"2026-03-07";"West";"Mumbai";"Wireless Earbuds Pro";"Electronics";3;3103;"9309";"CUST-22530";"Website"
"UK-2026-104656";"2026-06-25";"Central";"Raipur";"Non-Stick Cookware Set";"Home & Kitchen";1;2961;"2961";"CUST-70921";"Website"
"UK-2026-102929";"2026-04-29";"North";"Noida";"Modern Wall Clock";"Home & Kitchen";1;832;"832";"CUST-17210";"Website"
"UK-2026-100708";"2026-01-28";"West";"Pune";"Slim Fit Jeans";"Fashion";1;1616;"1616";"CUST-23395";"App"
"UK-2026-100978";"2026-02-17";"East";"Kolkata";"Bluetooth Speaker Mini";"Electronics";1;1461;"1461";"CUST-32805";"Marketplace"
"UK-2026-102439";"2026-04-13";"East";"Kolkata";"Foldable Treadmill T2";"Sports";2;24424;"48848";"CUST-43184";"Website"
"UK-2026-104816";"2026-06-21";"Central";"Nagpur";"Leather Wallet";"Fashion";1;930;"930";"CUST-95739";"App"
"UK-2026-102647";"2026-04-26";"West";"Pune";"Bluetooth Speaker Mini";"Electronics";1;1546;"1546";"CUST-70925";"Marketplace"
"UK-2026-103081";"2026-04-02";"Central";"Indore";"Dinner Set 24pc";"Home & Kitchen";1;2607;"2607";"CUST-82500";"Marketplace"
"UK-2026-104088";"2026-06-30";"West";"Surat";"Sunscreen SPF50";"Beauty";1;523;"523";"CUST-11503";"App"
"UK-2026-101330";"2026-02-21";"South";"Bengaluru";"Face Wash Combo";"Beauty";3;455;"1365";"CUST-23181";"App"
"UK-2026-104220";"2026-06-07";"East";"Guwahati";"Slim Fit Jeans";"Fashion";1;1677;"1677";"CUST-56622";"App"
"UK-2026-101541";"2026-03-26";"North";"Noida";"Modern Wall Clock";"Home & Kitchen";1;763;"763";"CUST-21352";"App"
"UK-2026-104815";"2026-06-01";"Central";"Raipur";"Sunscreen SPF50";"Beauty";1;534;"534";"CUST-41739";"App"
"UK-2026-104946";"2026-06-01";"North";"Delhi";"Mirrorless Camera Lite";"Electronics";3;28592;"85776";"CUST-41408";"Marketplace"
"UK-2026-101427";"2026-02-08";"South";"Chennai";"Football Size 5";"Sports";1;888;"888";"CUST-19738";"App"
"UK-2026-103944";"2026-05-22";"West";"Mumbai";"Cycling Helmet";"Sports";2;1676;"3352";"CUST-99233";"Website"
"UK-2026-104799";"2026-06-03";"East";"Patna";"43-inch Smart TV";"Electronics";1;25467;"25467";"CUST-34115";"Marketplace"
"UK-2026-103781";"2026-05-08";"Central";"Indore";"Dinner Set 24pc";"Home & Kitchen";1;2538;"2538";"CUST-80334";"Marketplace"
"UK-2026-102457";"2026-04-18";"East";"Kolkata";"Power Bank 20000mAh";"Electronics";1;1813;"1813";"CUST-55265";"App"
"UK-2026-103382";"2026-05-31";"West";"Ahmedabad";"Smart Watch X2";"Electronics";2;4401;"8802";"CUST-82816";"Marketplace"
"UK-2026-103349";"2026-05-19";"West";"Pune";"Football Size 5";"Sports";2;933;"1866";"CUST-34178";"App"
"UK-2026-102058";"2026-03-25";"South";"Bengaluru";"Electric Kettle 1.5L";"Home & Kitchen";1;1110;"1110";"CUST-44237";"App"
"UK-2026-104793";"2026-06-26";"South";"Kochi";"Vitamin C Serum";"Beauty";1;722;"722";"CUST-45790";"Marketplace"
"UK-2026-104002";"2026-05-17";"South";"Chennai";"Ultrabook Air 14";"Electronics";3;28729;"86187";"CUST-86015";"Website"
"UK-2026-100487";"2026-01-15";"South";"Chennai";"Dinner Set 24pc";"Home & Kitchen";1;2408;"2408";"CUST-79145";"App"
"UK-2026-103656";"2026-05-02";"Central";"Raipur";"Mirrorless Camera Lite";"Electronics";1;28338;"28338";"CUST-18730";"App"
"UK-2026-101661";"2026-03-26";"South";"Kochi";"Ultrabook Air 14";"Electronics";1;29938;"29938";"CUST-70441";"Marketplace"
"UK-2026-101807";"2026-03-08";"West";"Surat";"Mirrorless Camera Lite";"Electronics";2;28764;"57528";"CUST-17216";"Marketplace"
"UK-2026-104729";"2026-06-16";"East";"Kolkata";"Silk Saree";"Fashion";1;3345;"3345";"CUST-75418";"Website"
"UK-2026-100236";"2026-01-28";"Central";"Nagpur";"Matte Lipstick Set";"Beauty";2;938;"1876";"CUST-24024";"App"
"UK-2026-103015";"2026-04-20";"North";"Gurugram";"Ultrabook Air 14";"Electronics";1;30807;"30807";"CUST-96302";"App"
"UK-2026-101119";"2026-02-03";"West";"Ahmedabad";"Mixer Grinder 750W";"Home & Kitchen";1;3227;"3227";"CUST-52804";"Website"
"UK-2026-103457";"2026-05-29";"North";"Chandigarh";"Badminton Racket Set";"Sports";1;2470;"2470";"CUST-14948";"App"
"UK-2026-100737";"2026-02-25";"North";"Gurugram";"Dinner Set 24pc";"Home & Kitchen";1;2441;"2441";"CUST-95883";"App"
"UK-2026-100610";"2026-01-12";"North";"Delhi";"Denim Jacket";"Fashion";1;2153;"2153";"CUST-56671";"Website"
"UK-2026-101528";"2026-03-27";"North";"Chandigarh";"Mirrorless Camera Lite";"Electronics";2;28947;"57894";"CUST-66585";"Marketplace"
"UK-2026-102419";"2026-04-30";"North";"Chandigarh";"Matte Lipstick Set";"Beauty";1;855;"855";"CUST-33545";"App"
"UK-2026-103964";"2026-05-18";"South";"Chennai";"Silk Saree";"Fashion";1;3390;"3390";"CUST-58125";"Marketplace"
"UK-2026-102832";"2026-04-07";"West";"Pune";"Non-Stick Cookware Set";"Home & Kitchen";1;2810;"2810";"CUST-95592";"Website"
"UK-2026-103806";"2026-05-02";"South";"Hyderabad";"Leather Wallet";"Fashion";1;892;"892";"CUST-10836";"App"
"UK-2026-100791";"2026-02-26";"North";"Gurugram";"Robot Vacuum R7";"Home & Kitchen";1;19287;"19287";"CUST-86230";"Marketplace"
"UK-2026-102825";"2026-04-19";"North";"Delhi";"Foldable Treadmill T2";"Sports";3;24263;"72789";"CUST-36448";"App"
"UK-2026-101002";"2026-02-01";"South";"Bengaluru";"Cotton Kurta Set";"Fashion";1;1299;"1299";"CUST-71610";"Website"
"UK-2026-102941";"2026-04-08";"North";"New Delhi";"Football Size 5";"Sports";1;928;"928";"CUST-59180";"Website"
"UK-2026-102579";"2026-04-20";"East";"Patna";"Cotton Bedsheet Set";"Home & Kitchen";1;1350;"1350";"CUST-67018";"Website"
"UK-2026-101884";"2026-03-30";"South";"Chennai";"Formal Shirt";"Fashion";1;1139;"1139";"CUST-37324";"App"
"UK-2026-100235";"2026-01-08";"West";"Ahmedabad";"Wireless Earbuds Pro";"Electronics";1;2927;"2927";"CUST-82084";"Marketplace"
"UK-2026-103908";"2026-05-30";"South";"Bengaluru";"Bluetooth Speaker Mini";"Electronics";4;1499;"5996";"CUST-70921";"Website"
"UK-2026-104670";"2026-06-28";"Central";"Raipur";"Leather Wallet";"Fashion";1;915;"915";"CUST-86253";"Website"
"UK-2026-103949";"2026-05-08";"Central";"Bhopal";"Ionic Hair Dryer";"Beauty";1;1908;"1908";"CUST-78927";"Website"
"UK-2026-100351";"2026-01-24";"West";"Mumbai";"Football Size 5";"Sports";1;937;"937";"CUST-36132";"App"
"UK-2026-103988";"2026-05-07";"West";"Mumbai";"Makeup Brush Set";"Beauty";1;1276;"1276";"CUST-32711";"App"
"UK-2026-100088";"2026-01-15";"West";"Surat";"Cotton Kurta Set";"Fashion";1;1327;"1327";"CUST-74681";"Website"
"UK-2026-102057";"2026-03-31";"Central";"Raipur";"Cotton Bedsheet Set";"Home & Kitchen";2;1458;"2916";"CUST-84882";"Marketplace"
"UK-2026-104085";"2026-06-15";"South";"Bengaluru";"Formal Shirt";"Fashion";2;1094;"2188";"CUST-25419";"App"
"UK-2026-100060";"2026-01-01";"Central";"Nagpur";"Air Fryer 5L";"Home & Kitchen";2;5364;"10728";"CUST-45790";"Marketplace"
"UK-2026-103249";"2026-05-01";"North";"Noida";"Cotton Kurta Set";"Fashion";1;1251;"1251";"CUST-63620";"Website"
"UK-2026-104895";"2026-06-23";"North";"Delhi";"Air Fryer 5L";"Home & Kitchen";3;5367;"16101";"CUST-66113";"Website"
"UK-2026-103020";"2026-04-06";"Central";"Raipur";"Modern Wall Clock";"Home & Kitchen";2;835;"1670";"CUST-45549";"App"
"UK-2026-101110";"2026-02-12";"North";"Chandigarh";"Eau de Parfum 100ml";"Beauty";1;1918;"1918";"CUST-52349";"App"
"UK-2026-103254";"2026-05-05";"North";"Chandigarh";"Ultrabook Air 14";"Electronics";2;29188;"58376";"CUST-77291";"App"
"UK-2026-102686";"2026-04-19";"South";"Kochi";"Bluetooth Speaker Mini";"Electronics";1;1518;"1518";"CUST-23395";"App"
"UK-2026-103794";"2026-05-05";"West";"Ahmedabad";"Cricket Bat English Willow";"Sports";1;9003;"9003";"CUST-16433";"Marketplace"
"UK-2026-100844";"2026-02-26";"West";"Mumbai";"Power Bank 20000mAh";"Electronics";1;1736;"1736";"CUST-87827";"App"
"UK-2026-101377";"2026-02-19";"East";"Kolkata";"Formal Shirt";"Fashion";1;1096;"1096";"CUST-43614";"App"
"UK-2026-104196";"2026-06-21";"South";"Bengaluru";"Leather Wallet";"Fashion";1;900;"900";"CUST-30361";"Website"
"UK-2026-104199";"2026-06-22";"West";"Mumbai";"Badminton Racket Set";"Sports";1;2393;"2393";"CUST-89486";"App"
"UK-2026-100629";"2026-01-10";"West";"Ahmedabad";"Ultrabook Air 14";"Electronics";1;30700;"30700";"CUST-60528";"Website"
"UK-2026-103690";"2026-05-08";"North";"Delhi";"Ethnic Dupatta";"Fashion";4;521;"2084";"CUST-31551";"App"
"UK-2026-102333";"2026-04-20";"North";"Chandigarh";"Ultrabook Air 14";"Electronics";1;30459;"30459";"CUST-49139";"Marketplace"
"UK-2026-104290";"2026-06-02";"East";"Bhubaneswar";"Bluetooth Speaker Mini";"Electronics";1;1553;"1553";"CUST-65721";"Website"
"UK-2026-103541";"2026-05-02";"North";"Chandigarh";"Cotton Bedsheet Set";"Home & Kitchen";1;1338;"1338";"CUST-78524";"Website"
"UK-2026-101795";"2026-03-16";"North";"Gurugram";"Beard Grooming Kit";"Beauty";3;1013;"3039";"CUST-60707";"Website"
"UK-2026-104519";"2026-06-29";"North";"Gurugram";"Ethnic Dupatta";"Fashion";3;491;"1473";"CUST-78946";"Website"
"UK-2026-104589";"2026-06-07";"South";"Kochi";"Face Wash Combo";"Beauty";1;471;"471";"CUST-51770";"App"
"UK-2026-102275";"2026-04-04";"North";"Chandigarh";"Cricket Bat English Willow";"Sports";1;8619;"8619";"CUST-78946";"Website"
"UK-2026-102903";"2026-04-25";"South";"Chennai";"Ethnic Dupatta";"Fashion";1;482;"482";"CUST-40338";"App"
"UK-2026-102862";"2026-04-11";"East";"Bhubaneswar";"Bluetooth Speaker Mini";"Electronics";1;1477;"1477";"CUST-23348";"Website"
"UK-2026-100384";"2026-01-18";"South";"Kochi";"Adjustable Dumbbells 15kg";"Sports";1;4895;"4895";"CUST-12920";"Marketplace"
"UK-2026-104513";"2026-06-10";"South";"Bengaluru";"Matte Lipstick Set";"Beauty";1;876;"876";"CUST-61192";"Marketplace"
"UK-2026-101616";"2026-03-24";"North";"Chandigarh";"43-inch Smart TV";"Electronics";1;26753;"26753";"CUST-83601";"Website"
"UK-2026-104369";"2026-06-25";"North";"Noida";"Bluetooth Speaker Mini";"Electronics";2;1456;"2912";"CUST-47482";"App"
"UK-2026-103240";"2026-05-26";"South";"Cochin";"Robot Vacuum R7";"Home & Kitchen";1;19409;"19409";"CUST-47904";"Website"
"UK-2026-102210";"2026-03-04";"South";"Kochi";"Ultrabook Air 14";"Electronics";1;30381;"30381";"CUST-56655";"App"
"UK-2026-101700";"2026-03-29";"Central";"Bhopal";"Denim Jacket";"Fashion";2;2120;"4240";"CUST-12064";"Website"
"UK-2026-103995";"2026-05-21";"North";"Noida";"Badminton Racket Set";"Sports";1;2557;"2557";"CUST-74086";"App"
"UK-2026-102742";"2026-04-07";"South";"Chennai";"Running Sneakers";"Fashion";1;2924;"2924";"CUST-65614";"Website"
"UK-2026-102615";"2026-04-01";"South";"Chennai";"Bluetooth Speaker Mini";"Electronics";1;1573;"1573";"CUST-46257";"Website"
"UK-2026-103535";"2026-05-10";"North";"Chandigarh";"Noise-Cancelling Headphones";"Electronics";2;8755;"17510";"CUST-15169";"Marketplace"
"UK-2026-104574";"2026-06-26";"Central";"Indore";"Ethnic Dupatta";"Fashion";1;517;"517";"CUST-53341";"Marketplace"
"UK-2026-103130";"2026-05-24";"South";"Bengaluru";"Dinner Set 24pc";"Home & Kitchen";1;2405;"2405";"CUST-32853";"Marketplace"
"UK-2026-100625";"2026-01-18";"South";"Kochi";"Noise-Cancelling Headphones";"Electronics";1;9149;"9149";"CUST-62981";"Website"
"UK-2026-102881";"2026-04-08";"West";"Surat";"Slim Fit Jeans";"Fashion";1;1616;"1616";"CUST-46227";"Website"
"UK-2026-102151";"2026-03-31";"North";"Gurugram";"Smart Watch X2";"Electronics";1;4482;"4482";"CUST-47646";"App"
"UK-2026-100078";"2026-01-18";"West";"Pune";"Noise-Cancelling Headphones";"Electronics";4;9287;"37148";"CUST-81546";"Website"
"UK-2026-100003";"2026-01-14";"Central";"Nagpur";"Air Fryer 5L";"Home & Kitchen";2;5490;"10980";"CUST-85436";"Marketplace"
"UK-2026-103861";"2026-05-18";"South";"Hyderabad";"Eau de Parfum 100ml";"Beauty";1;1903;"1903";"CUST-36132";"Marketplace"
"UK-2026-102940";"2026-04-19";"West";"Ahmedabad";"Running Sneakers";"Fashion";1;2883;"2883";"CUST-22818";"App"
"UK-2026-101703";"2026-03-25";"West";"Surat";"Leather Wallet";"Fashion";1;930;"930";"CUST-24182";"App"
"UK-2026-104071";"2026-06-27";"West";"Pune";"Electric Kettle 1.5L";"Home & Kitchen";1;1121;"1121";"CUST-48867";"App"
"UK-2026-102974";"2026-04-28";"West";"Pune";"Sunscreen SPF50";"Beauty";1;524;"524";"CUST-39190";"App"
"UK-2026-103235";"2026-05-11";"South";"Kochi";"Smart Watch X2";"Electronics";2;4718;"9436";"CUST-15483";"App"
"UK-2026-102616";"2026-04-27";"West";"Ahmedabad";"Eau de Parfum 100ml";"Beauty";4;2075;"8300";"CUST-77370";"Website"
"UK-2026-101079";"2026-02-21";"East";"Kolkata";"Modern Wall Clock";"Home & Kitchen";2;799;"1598";"CUST-23572";"Marketplace"
"UK-2026-102390";"2026-04-06";"North";"Noida";"Noise-Cancelling Headphones";"Electronics";1;9364;"9364";"CUST-95347";"Website"
"UK-2026-104789";"2026-06-05";"East";"Bhubaneswar";"Makeup Brush Set";"Beauty";2;1257;"2514";"CUST-38899";"App"
"UK-2026-101757";"2026-03-10";"West";"Pune";"Beard Grooming Kit";"Beauty";1;1001;"1001";"CUST-45170";"Website"
"UK-2026-100797";"2026-02-20";"South";"Madras";"Badminton Racket Set";"Sports";1;2534;"2534";"CUST-93050";"App"
"UK-2026-103659";"2026-05-19";"West";"Ahmedabad";"Mirrorless Camera Lite";"Electronics";2;28215;"56430";"CUST-72665";"Website"
"UK-2026-100556";"2026-01-03";"South";"Chennai";"Yoga Mat Pro";"Sports";1;1235;"1235";"CUST-65784";"Marketplace"
"UK-2026-100492";"2026-01-28";"South";"Kochi";"Formal Shirt";"Fashion";1;1144;"1144";"CUST-59879";"App"
"UK-2026-102234";"2026-03-22";"North";"Gurugram";"Cycling Helmet";"Sports";1;1667;"1667";"CUST-56256";"Website"
"UK-2026-101457";"2026-03-02";"South";"Kochi";"Leather Wallet";"Fashion";1;873;"873";"CUST-67786";"App"
"UK-2026-102531";"2026-04-01";"South";"Bengaluru";"Silk Saree";"Fashion";4;3528;"14112";"CUST-67929";"Marketplace"
"UK-2026-102299";"2026-04-17";"South";"Bengaluru";"Power Bank 20000mAh";"Electronics";1;1809;"1809";"CUST-40261";"Marketplace"
"UK-2026-102932";"2026-04-11";"West";"Pune";"Makeup Brush Set";"Beauty";1;1299;"1299";"CUST-93268";"App"
"UK-2026-104848";"2026-06-20";"West";"Surat";"Cotton Bedsheet Set";"Home & Kitchen";1;1446;"1446";"CUST-95116";"Marketplace"
"UK-2026-102587";"2026-04-25";"West";"Ahmedabad";"Mirrorless Camera Lite";"Electronics";1;27993;"27993";"CUST-62731";"Marketplace"
"UK-2026-102578";"2026-04-17";"North";"Delhi";"Dinner Set 24pc";"Home & Kitchen";2;2559;"5118";"CUST-48893";"Website"
"UK-2026-101647";"2026-03-22";"Central";"Indore";"Smart Watch X2";"Electronics";2;4363;"8726";"CUST-92300";"Website"
"UK-2026-102632";"2026-04-24";"North";"Chandigarh";"Air Fryer 5L";"Home & Kitchen";3;5234;"15702";"CUST-83065";"Website"
"UK-2026-102375";"2026-04-19";"Central";"Raipur";"Air Fryer 5L";"Home & Kitchen";2;5771;"11542";"CUST-89873";"App"
"UK-2026-101482";"2026-03-06";"West";"Mumbai";"Adjustable Dumbbells 15kg";"Sports";2;5204;"10408";"CUST-13967";"App"
"UK-2026-104678";"2026-06-01";"West";"Surat";"Ionic Hair Dryer";"Beauty";2;1836;"3672";"CUST-69547";"App"
"UK-2026-101192";"2026-02-24";"South";"Kochi";"Wireless Earbuds Pro";"Electronics";2;3003;"6006";"CUST-89979";"App"
"UK-2026-102406";"2026-04-24";"West";"Mumbai";"Wireless Earbuds Pro";"Electronics";1;2962;"2962";"CUST-21961";"Website"
"UK-2026-102542";"2026-04-21";"South";"Bengaluru";"Beard Grooming Kit";"Beauty";1;1017;"1017";"CUST-85905";"App"
"UK-2026-101841";"2026-03-06";"North";"Delhi";"Ionic Hair Dryer";"Beauty";1;1895;"1895";"CUST-91360";"Marketplace"
"UK-2026-104205";"2026-06-15";"East";"Guwahati";"Power Bank 20000mAh";"Electronics";1;1776;"1776";"CUST-48792";"App"
"UK-2026-104334";"2026-06-13";"West";"Ahmedabad";"Running Sneakers";"Fashion";1;2870;"2870";"CUST-69357";"Website"
"UK-2026-103858";"2026-05-09";"East";"Patna";"Running Sneakers";"Fashion";1;2746;"2746";"CUST-68052";"App"
"UK-2026-102889";"2026-04-04";"South";"Bengaluru";"Electric Kettle 1.5L";"Home & Kitchen";1;1087;"1087";"CUST-13035";"Website"
"UK-2026-104250";"2026-06-20";"West";"Bombay";"Noise-Cancelling Headphones";"Electronics";1;9355;"9355";"CUST-76098";"Website"
"UK-2026-104523";"2026-06-20";"Central";"Indore";"Robot Vacuum R7";"Home & Kitchen";2;19940;"39880";"CUST-94172";"Website"
"UK-2026-103529";"2026-05-23";"North";"Noida";"Vitamin C Serum";"Beauty";1;680;"680";"CUST-58023";"App"
"UK-2026-103723";"2026-05-29";"East";"Guwahati";"Electric Kettle 1.5L";"Home & Kitchen";1;1142;"1142";"CUST-44429";"Marketplace"
"UK-2026-102433";"2026-04-13";"West";"Ahmedabad";"Robot Vacuum R7";"Home & Kitchen";1;19543;"19543";"CUST-24504";"App"
"UK-2026-104974";"2026-06-02";"South";"Kochi";"Vitamin C Serum";"Beauty";1;724;"724";"CUST-60470";"Website"
"UK-2026-102020";"2026-03-22";"South";"Kochi";"Noise-Cancelling Headphones";"Electronics";1;9034;"9034";"CUST-55316";"Marketplace"
"UK-2026-104472";"2026-06-06";"East";"Kolkata";"Dinner Set 24pc";"Home & Kitchen";1;2428;"2428";"CUST-19257";"App"
"UK-2026-101949";"2026-03-04";"North";"Delhi";"Non-Stick Cookware Set";"Home & Kitchen";1;2996;"2996";"CUST-50858";"Website"
"UK-2026-103573";"2026-05-10";"North";"Gurugram";"Denim Jacket";"Fashion";1;2185;"2185";"CUST-45670";"Marketplace"
"UK-2026-100441";"2026-01-29";"North";"Gurugram";"Robot Vacuum R7";"Home & Kitchen";2;18622;"37244";"CUST-39914";"App"
"UK-2026-100244";"2026-01-05";"South";"Bengaluru";"Face Wash Combo";"Beauty";2;427;"854";"CUST-40053";"App"
"UK-2026-103495";"2026-05-30";"North";"Chandigarh";"Denim Jacket";"Fashion";2;2191;"4382";"CUST-16716";"Website"
"UK-2026-102316";"2026-04-13";"South";"Kochi";"Bluetooth Speaker Mini";"Electronics";1;1477;"1477";"CUST-24964";"Website"
"UK-2026-101984";"2026-03-08";"South";"Chennai";"Electric Kettle 1.5L";"Home & Kitchen";1;1150;"1150";"CUST-66065";"Website"
"UK-2026-100942";"2026-02-28";"North";"Chandigarh";"Smart Watch X2";"Electronics";1;4479;"4479";"CUST-26105";"App"
"UK-2026-100817";"2026-02-07";"Central";"Indore";"Slim Fit Jeans";"Fashion";1;1556;"1556";"CUST-77175";"Website"
"UK-2026-100376";"2026-01-03";"West";"Ahmedabad";"Silk Saree";"Fashion";1;3379;"3379";"CUST-94150";"Website"
"UK-2026-100546";"2026-01-01";"North";"Gurugram";"Silk Saree";"Fashion";1;3404;"3404";"CUST-83260";"App"
"UK-2026-100393";"2026-01-06";"West";"Ahmedabad";"Non-Stick Cookware Set";"Home & Kitchen";1;2950;"2950";"CUST-60937";"App"
"UK-2026-104198";"2026-06-27";"North";"Noida";"Dinner Set 24pc";"Home & Kitchen";1;2382;"2382";"CUST-12648";"Marketplace"
"UK-2026-104469";"2026-06-21";"Central";"Bhopal";"Mirrorless Camera Lite";"Electronics";3;27624;"82872";"CUST-32174";"Marketplace"
"UK-2026-102750";"2026-04-26";"Central";"Indore";"Slim Fit Jeans";"Fashion";1;1643;"1643";"CUST-67136";"App"
"UK-2026-104005";"2026-05-17";"West";"Bombay";"Matte Lipstick Set";"Beauty";1;894;"894";"CUST-96870";"App"
"UK-2026-101745";"2026-03-08";"West";"Ahmedabad";"Denim Jacket";"Fashion";2;2143;"4286";"CUST-36428";"Website"
"UK-2026-101464";"2026-03-09";"North";"Delhi";"Ethnic Dupatta";"Fashion";1;521;"521";"CUST-12384";"App"
"UK-2026-101594";"2026-03-28";"South";"Bengaluru";"Mirrorless Camera Lite";"Electronics";2;28065;"56130";"CUST-89016";"App"
"UK-2026-101258";"2026-02-16";"West";"Mumbai";"Electric Kettle 1.5L";"Home & Kitchen";1;1046;"1046";"CUST-69409";"Website"
"UK-2026-104526";"2026-06-21";"South";"Kochi";"Modern Wall Clock";"Home & Kitchen";2;833;"1666";"CUST-66838";"App"
"UK-2026-102294";"2026-04-18";"East";"Patna";"Beard Grooming Kit";"Beauty";1;1018;"1018";"CUST-44746";"Website"
"UK-2026-104350";"2026-06-21";"South";"Bengaluru";"Foldable Treadmill T2";"Sports";3;24070;"72210";"CUST-87979";"Website"
"UK-2026-102850";"2026-04-23";"North";"Chandigarh";"Leather Wallet";"Fashion";2;943;"1886";"CUST-67885";"Website"
"UK-2026-101333";"2026-02-10";"East";"Guwahati";"Gym Gloves";"Sports";1;511;"511";"CUST-15483";"App"
"UK-2026-104060";"2026-06-02";"West";"Bombay";"Non-Stick Cookware Set";"Home & Kitchen";1;2804;"2804";"CUST-51282";"Marketplace"
"UK-2026-104896";"2026-06-02";"South";"Hyderabad";"Noise-Cancelling Headphones";"Electronics";1;9371;"9371";"CUST-79230";"App"
"UK-2026-101928";"2026-03-27";"West";"Surat";"Slim Fit Jeans";"Fashion";2;1662;"3324";"CUST-37954";"Website"
"UK-2026-104144";"2026-06-18";"South";"Kochi";"Denim Jacket";"Fashion";2;2264;"4528";"CUST-70347";"App"
"UK-2026-102687";"2026-04-03";"South";"Chennai";"Bluetooth Speaker Mini";"Electronics";1;1428;"1428";"CUST-16037";"App"
"UK-2026-104633";"2026-06-19";"East";"Guwahati";"Power Bank 20000mAh";"Electronics";1;1784;"1784";"CUST-77673";"Marketplace"
"UK-2026-103900";"2026-05-20";"West";"Pune";"Cricket Bat English Willow";"Sports";1;8624;"8624";"CUST-56037";"App"
"UK-2026-101900";"2026-03-10";"Central";"Raipur";"Air Fryer 5L";"Home & Kitchen";2;5619;"11238";"CUST-90233";"Website"
"UK-2026-102677";"2026-04-03";"West";"Ahmedabad";"Mirrorless Camera Lite";"Electronics";1;30090;"30090";"CUST-96054";"Marketplace"
"UK-2026-101767";"2026-03-26";"West";"Mumbai";"Electric Kettle 1.5L";"Home & Kitchen";2;1091;"2182";"CUST-11547";"App"
"UK-2026-100295";"2026-01-17";"North";"Gurugram";"Noise-Cancelling Headphones";"Electronics";3;9264;"27792";"CUST-33260";"Website"
"UK-2026-102958";"2026-04-22";"West";"Ahmedabad";"Vitamin C Serum";"Beauty";3;669;"2007";"CUST-85367";"App"
"UK-2026-102690";"2026-04-13";"South";"Kochi";"Noise-Cancelling Headphones";"Electronics";1;9051;"9051";"CUST-58984";"Marketplace"
"UK-2026-101945";"2026-03-26";"North";"Gurugram";"Ultrabook Air 14";"Electronics";3;30599;"91797";"CUST-77291";"App"
"UK-2026-100931";"2026-02-05";"North";"Gurugram";"Matte Lipstick Set";"Beauty";1;920;"920";"CUST-29640";"Website"
"UK-2026-104406";"2026-06-05";"North";"Gurugram";"Formal Shirt";"Fashion";2;1132;"2264";"CUST-50524";"Website"
"UK-2026-100324";"2026-01-11";"North";"Chandigarh";"Slim Fit Jeans";"Fashion";2;1633;"3266";"CUST-92650";"App"
"UK-2026-104817";"2026-06-13";"South";"Kochi";"Ionic Hair Dryer";"Beauty";1;1873;"1873";"CUST-26362";"Website"
"UK-2026-101078";"2026-02-25";"North";"Chandigarh";"Slim Fit Jeans";"Fashion";4;1621;"6484";"CUST-23151";"App"
"UK-2026-100804";"2026-02-03";"South";"Chennai";"Badminton Racket Set";"Sports";1;2516;"2516";"CUST-11503";"Marketplace"
"UK-2026-101136";"2026-02-22";"Central";"Nagpur";"Modern Wall Clock";"Home & Kitchen";1;817;"817";"CUST-72665";"Website"
"UK-2026-102186";"2026-03-21";"East";"Guwahati";"Ultrabook Air 14";"Electronics";1;28915;"28915";"CUST-39564";"Website"
"UK-2026-100504";"2026-01-07";"South";"Kochi";"Running Sneakers";"Fashion";1;2769;"2769";"CUST-38471";"App"
"UK-2026-102629";"2026-04-21";"South";"Hyderabad";"Running Sneakers";"Fashion";1;2717;"2717";"CUST-49105";"Website"
"UK-2026-100185";"2026-01-12";"North";"Gurugram";"Power Bank 20000mAh";"Electronics";1;1851;"1851";"CUST-78941";"Website"
"UK-2026-103490";"2026-05-21";"Central";"Bhopal";"Dinner Set 24pc";"Home & Kitchen";1;2376;"2376";"CUST-93733";"App"
"UK-2026-101459";"2026-03-20";"South";"Kochi";"Modern Wall Clock";"Home & Kitchen";1;804;"804";"CUST-10350";"App"
"UK-2026-100736";"2026-02-23";"South";"Hyderabad";"Slim Fit Jeans";"Fashion";1;1576;"1576";"CUST-47684";"Marketplace"
"UK-2026-101867";"2026-03-28";"West";"Mumbai";"Denim Jacket";"Fashion";1;2289;"2289";"CUST-21248";"Website"
"UK-2026-101424";"2026-02-10";"North";"Delhi";"Dinner Set 24pc";"Home & Kitchen";1;2581;"2581";"CUST-70853";"Marketplace"
"UK-2026-100071";"2026-01-27";"North";"Gurugram";"Dinner Set 24pc";"Home & Kitchen";1;2518;"2518";"CUST-81227";"App"
"UK-2026-100241";"2026-01-02";"West";"Surat";"Smart Watch X2";"Electronics";1;4536;"4536";"CUST-11548";"Website"
"UK-2026-103696";"2026-05-24";"Central";"Raipur";"Cycling Helmet";"Sports";1;1596;"1596";"CUST-84260";"App"
"UK-2026-102516";"2026-04-12";"North";"Delhi";"Denim Jacket";"Fashion";1;2097;"2097";"CUST-71884";"App"
"UK-2026-102363";"2026-04-12";"North";"Chandigarh";"Running Sneakers";"Fashion";1;2886;"2886";"CUST-98025";"App"
"UK-2026-100786";"2026-02-02";"Central";"Raipur";"Non-Stick Cookware Set";"Home & Kitchen";1;2912;"2912";"CUST-83402";"App"
"UK-2026-101620";"2026-03-05";"South";"Chennai";"Air Fryer 5L";"Home & Kitchen";1;5252;"5252";"CUST-22784";"Website"
"UK-2026-101910";"2026-03-08";"North";"Gurugram";"Slim Fit Jeans";"Fashion";1;1673;"1673";"CUST-48674";"App"
"UK-2026-100348";"2026-01-22";"South";"Hyderabad";"Bluetooth Speaker Mini";"Electronics";2;1564;"3128";"CUST-36428";"Website"
"UK-2026-103389";"2026-05-30";"East";"Bhubaneswar";"Mixer Grinder 750W";"Home & Kitchen";1;3325;"3325";"CUST-67929";"Website"
"UK-2026-103735";"2026-05-30";"East";"Guwahati";"Bluetooth Speaker Mini";"Electronics";1;1430;"1430";"CUST-41408";"Website"
"UK-2026-104194";"2026-06-05";"North";"Gurugram";"Eau de Parfum 100ml";"Beauty";1;2044;"2044";"CUST-37540";"App"
"UK-2026-104243";"2026-06-15";"North";"Delhi";"Ultrabook Air 14";"Electronics";1;29428;"29428";"CUST-24620";"Marketplace"
"UK-2026-101407";"2026-02-06";"Central";"Indore";"Adjustable Dumbbells 15kg";"Sports";1;5088;"5088";"CUST-47003";"App"
"UK-2026-104758";"2026-06-12";"Central";"Raipur";"Wireless Earbuds Pro";"Electronics";2;2973;"5946";"CUST-81021";"App"
"UK-2026-102376";"2026-04-25";"West";"Surat";"Air Fryer 5L";"Home & Kitchen";4;5311;"21244";"CUST-71235";"Marketplace"
"UK-2026-102079";"2026-03-10";"North";"Gurugram";"Cricket Bat English Willow";"Sports";1;8579;"8579";"CUST-34728";"App"
"UK-2026-103661";"2026-05-03";"Central";"Indore";"Smart Watch X2";"Electronics";1;4670;"4670";"CUST-99233";"Marketplace"
"UK-2026-104772";"2026-06-20";"Central";"Nagpur";"43-inch Smart TV";"Electronics";1;25872;"25872";"CUST-87756";"Marketplace"
"UK-2026-101242";"2026-02-19";"North";"Noida";"Cotton Bedsheet Set";"Home & Kitchen";2;1454;"2908";"CUST-61909";"App"
"UK-2026-104333";"2026-06-17";"West";"Ahmedabad";"Cricket Bat English Willow";"Sports";2;8698;"17396";"CUST-67937";"App"
"UK-2026-101355";"2026-02-06";"East";"Patna";"Modern Wall Clock";"Home & Kitchen";1;800;"800";"CUST-44575";"App"
"UK-2026-102845";"2026-04-08";"South";"Chennai";"Denim Jacket";"Fashion";4;2255;"9020";"CUST-67086";"App"
"UK-2026-103238";"2026-05-26";"South";"Chennai";"Noise-Cancelling Headphones";"Electronics";1;9209;"9209";"CUST-53352";"Marketplace"
"UK-2026-104356";"2026-06-21";"North";"Gurugram";"Sunscreen SPF50";"Beauty";2;561;"1122";"CUST-38961";"Website"
"UK-2026-103540";"2026-05-25";"West";"Pune";"Foldable Treadmill T2";"Sports";1;25722;"25722";"CUST-79145";"Website"
"UK-2026-103670";"2026-05-01";"North";"Chandigarh";"43-inch Smart TV";"Electronics";1;26297;"26297";"CUST-56464";"Marketplace"
"UK-2026-104382";"2026-06-07";"South";"Chennai";"Ethnic Dupatta";"Fashion";2;520;"1040";"CUST-13035";"App"
"UK-2026-102399";"2026-04-20";"Central";"Nagpur";"Modern Wall Clock";"Home & Kitchen";1;815;"815";"CUST-25448";"Marketplace"
"UK-2026-104245";"2026-06-27";"Central";"Raipur";"Sunscreen SPF50";"Beauty";4;528;"2112";"CUST-84565";"Marketplace"
"UK-2026-102173";"2026-03-27";"West";"Surat";"Beard Grooming Kit";"Beauty";1;960;"960";"CUST-65534";"App"
"UK-2026-100894";"2026-02-22";"North";"Delhi";"Non-Stick Cookware Set";"Home & Kitchen";1;2924;"2924";"CUST-84872";"Website"
"UK-2026-100807";"2026-02-04";"South";"Bengaluru";"Mirrorless Camera Lite";"Electronics";2;28494;"56988";"CUST-87827";"Marketplace"
"UK-2026-100325";"2026-01-01";"Central";"Nagpur";"Eau de Parfum 100ml";"Beauty";1;1901;"1901";"CUST-27420";"Marketplace"
"UK-2026-100079";"2026-01-08";"West";"Mumbai";"Ionic Hair Dryer";"Beauty";1;1987;"1987";"CUST-56671";"Website"
"UK-2026-102394";"2026-04-11";"South";"Bengaluru";"Noise-Cancelling Headphones";"Electronics";1;9421;"9421";"CUST-68922";"Website"
"UK-2026-100299";"2026-01-16";"South";"Kochi";"43-inch Smart TV";"Electronics";1;25317;"25317";"CUST-71464";"App"
"UK-2026-100731";"2026-02-27";"South";"Bengaluru";"Noise-Cancelling Headphones";"Electronics";1;8805;"8805";"CUST-95430";"Marketplace"
"UK-2026-103314";"2026-05-16";"South";"Kochi";"Air Fryer 5L";"Home & Kitchen";1;5374;"5374";"CUST-81108";"Website"
"UK-2026-104453";"2026-06-14";"South";"Hyderabad";"Vitamin C Serum";"Beauty";1;727;"727";"CUST-62513";"Website"
"UK-2026-104367";"2026-06-12";"East";"Bhubaneswar";"Noise-Cancelling Headphones";"Electronics";3;8604;"25812";"CUST-79947";"Marketplace"
"UK-2026-104362";"2026-06-07";"South";"Madras";"Noise-Cancelling Headphones";"Electronics";1;8684;"8684";"CUST-96287";"App"
"UK-2026-102649";"2026-04-03";"South";"Bengaluru";"Football Size 5";"Sports";4;887;"3548";"CUST-66865";"Marketplace"
"UK-2026-102445";"2026-04-27";"West";"Mumbai";"Non-Stick Cookware Set";"Home & Kitchen";2;2824;"5648";"CUST-89912";"Website"
"UK-2026-104504";"2026-06-15";"North";"Gurugram";"Mirrorless Camera Lite";"Electronics";1;29253;"29253";"CUST-85916";"Marketplace"
"UK-2026-103681";"2026-05-02";"North";"Chandigarh";"Running Sneakers";"Fashion";1;2715;"2715";"CUST-80680";"App"
"UK-2026-100191";"2026-01-17";"West";"Surat";"Formal Shirt";"Fashion";1;1050;"1050";"CUST-12920";"Marketplace"
"UK-2026-102508";"2026-04-07";"West";"Surat";"43-inch Smart TV";"Electronics";1;25635;"25635";"CUST-55174";"Marketplace"
"UK-2026-103739";"2026-05-02";"East";"Bhubaneswar";"Running Sneakers";"Fashion";2;2790;"5580";"CUST-29314";"App"
"UK-2026-101781";"2026-03-05";"East";"Bhubaneswar";"Wireless Earbuds Pro";"Electronics";2;2876;"5752";"CUST-91848";"Marketplace"
"UK-2026-101089";"2026-02-25";"East";"Kolkata";"Bluetooth Speaker Mini";"Electronics";1;1558;"1558";"CUST-72874";"Marketplace"
"UK-2026-100653";"2026-01-14";"South";"Hyderabad";"Ethnic Dupatta";"Fashion";1;507;"507";"CUST-94568";"Website"
"UK-2026-104132";"2026-06-23";"East";"Kolkata";"Silk Saree";"Fashion";1;3592;"3592";"CUST-24885";"Marketplace"
"UK-2026-101260";"2026-02-06";"Central";"Raipur";"Cricket Bat English Willow";"Sports";2;9179;"18358";"CUST-38137";"App"
"UK-2026-102093";"2026-03-10";"South";"Hyderabad";"Modern Wall Clock";"Home & Kitchen";1;821;"821";"CUST-36448";"Marketplace"
"UK-2026-103071";"2026-04-16";"South";"Chennai";"Slim Fit Jeans";"Fashion";1;1586;"1586";"CUST-51842";"App"
"UK-2026-103116";"2026-05-20";"South";"Hyderabad";"Robot Vacuum R7";"Home & Kitchen";1;18558;"18558";"CUST-79034";"Website"
"UK-2026-102085";"2026-03-29";"South";"Bengaluru";"Noise-Cancelling Headphones";"Electronics";2;8577;"17154";"CUST-32277";"Marketplace"
"UK-2026-101225";"2026-02-21";"North";"Gurgaon";"Ultrabook Air 14";"Electronics";1;31236;"31236";"CUST-13406";"Marketplace"
"UK-2026-102470";"2026-04-01";"South";"Kochi";"Wireless Earbuds Pro";"Electronics";1;2870;"2870";"CUST-21821";"Marketplace"
"UK-2026-101324";"2026-02-03";"West";"Pune";"Noise-Cancelling Headphones";"Electronics";1;8826;"8826";"CUST-34000";"Marketplace"
"UK-2026-102717";"2026-04-01";"West";"Surat";"Formal Shirt";"Fashion";1;1135;"1135";"CUST-95522";"Marketplace"
"UK-2026-104447";"2026-06-09";"South";"Hyderabad";"Face Wash Combo";"Beauty";1;462;"462";"CUST-17159";"App"
"UK-2026-103047";"2026-04-28";"Central";"Nagpur";"Bluetooth Speaker Mini";"Electronics";4;1536;"6144";"CUST-76815";"Marketplace"
"UK-2026-100848";"2026-02-12";"North";"Delhi";"Smart Watch X2";"Electronics";1;4408;"4408";"CUST-16415";"App"
"UK-2026-102230";"2026-03-20";"East";"Bhubaneswar";"Makeup Brush Set";"Beauty";1;1317;"1317.00";"CUST-25448";"Website"
"UK-2026-104705";"2026-06-29";"South";"Chennai";"Badminton Racket Set";"Sports";1;2527;"2527";"CUST-88281";"App"
"UK-2026-100816";"2026-02-22";"South";"Chennai";"Ethnic Dupatta";"Fashion";1;475;"475";"CUST-65415";"Website"
"UK-2026-101880";"2026-03-05";"South";"Bengaluru";"Yoga Mat Pro";"Sports";2;1251;"2502";"CUST-89487";"Website"
"UK-2026-104407";"2026-06-24";"North";"Chandigarh";"Power Bank 20000mAh";"Electronics";3;1812;"5436";"CUST-99130";"Marketplace"
"UK-2026-103176";"2026-05-14";"South";"Kochi";"43-inch Smart TV";"Electronics";1;25966;"25966";"CUST-10200";"App"
"UK-2026-104960";"2026-06-08";"South";"Chennai";"Mixer Grinder 750W";"Home & Kitchen";1;3282;"3282";"CUST-78524";"App"
"UK-2026-102674";"2026-04-21";"West";"Pune";"Air Fryer 5L";"Home & Kitchen";1;5610;"5610";"CUST-95965";"Marketplace"
"UK-2026-102425";"2026-04-18";"South";"Bengaluru";"Cricket Bat English Willow";"Sports";1;9348;"9348";"CUST-85448";"App"
"UK-2026-100685";"2026-01-27";"Central";"Raipur";"Smart Watch X2";"Electronics";1;4658;"4658";"CUST-95249";"App"
"UK-2026-100774";"2026-02-17";"West";"Ahmedabad";"Smart Watch X2";"Electronics";1;4718;"4718";"CUST-26236";"App"
"UK-2026-102368";"2026-04-11";"West";"Surat";"Mirrorless Camera Lite";"Electronics";1;28168;"28168";"CUST-38015";"Marketplace"
"UK-2026-104634";"2026-06-01";"West";"Ahmedabad";"Electric Kettle 1.5L";"Home & Kitchen";1;1052;"1052";"CUST-83005";"Website"
"UK-2026-102637";"2026-04-16";"North";"Gurugram";"Noise-Cancelling Headphones";"Electronics";3;9066;"27198";"CUST-73615";"Website"
"UK-2026-104780";"2026-06-03";"North";"Noida";"Non-Stick Cookware Set";"Home & Kitchen";3;2788;"8364";"CUST-83065";"App"
"UK-2026-103956";"2026-05-25";"South";"BLR";"Non-Stick Cookware Set";"Home & Kitchen";1;2834;"2834";"CUST-84992";"Website"
"UK-2026-100305";"2026-01-26";"North";"Noida";"Adjustable Dumbbells 15kg";"Sports";1;4839;"4839";"CUST-25184";"App"
"UK-2026-102041";"2026-03-20";"Central";"Indore";"Ultrabook Air 14";"Electronics";1;29016;"29016";"CUST-69409";"App"
"UK-2026-102895";"2026-04-24";"South";"Kochi";"Vitamin C Serum";"Beauty";1;729;"729";"CUST-56904";"Website"
"UK-2026-100654";"2026-01-24";"Central";"Indore";"Cotton Kurta Set";"Fashion";1;1301;"1301";"CUST-43653";"App"
"UK-2026-102091";"2026-03-26";"West";"Surat";"Cotton Kurta Set";"Fashion";1;1262;"1262";"CUST-34072";"App"
"UK-2026-103082";"2026-04-14";"South";"Chennai";"Robot Vacuum R7";"Home & Kitchen";2;18970;"37940";"CUST-23710";"Website"
"UK-2026-100099";"2026-01-04";"South";"Bengaluru";"Smart Watch X2";"Electronics";1;4509;"4509";"CUST-58950";"App"
"UK-2026-104431";"2026-06-09";"West";"Surat";"Non-Stick Cookware Set";"Home & Kitchen";1;2884;"2884";"CUST-33139";"Marketplace"
"UK-2026-100024";"2026-01-09";"North";"Noida";"Power Bank 20000mAh";"Electronics";2;1888;"3776";"CUST-26362";"App"
"UK-2026-104734";"2026-06-13";"West";"Surat";"Air Fryer 5L";"Home & Kitchen";2;5767;"11534";"CUST-97730";"App"
"UK-2026-101912";"2026-03-10";"South";"Chennai";"Silk Saree";"Fashion";3;3582;"10746";"CUST-55560";"Website"
"UK-2026-104016";"2026-05-16";"Central";"Bhopal";"Denim Jacket";"Fashion";3;2241;"6723";"CUST-32186";"App"
"UK-2026-104128";"2026-06-17";"East";"Bhubaneswar";"Cotton Bedsheet Set";"Home & Kitchen";1;1351;"1351";"CUST-31108";"App"
"UK-2026-103057";"2026-04-08";"Central";"Indore";"Smart Watch X2";"Electronics";1;4501;"4501";"CUST-87161";"App"
"UK-2026-104215";"2026-06-27";"South";"Chennai";"Bluetooth Speaker Mini";"Electronics";3;1523;"4569";"CUST-17159";"App"
"UK-2026-103776";"2026-05-23";"Central";"Bhopal";"Slim Fit Jeans";"Fashion";1;1648;"1648.00";"CUST-72408";"Website"
"UK-2026-100194";"2026-01-14";"East";"Kolkata";"Formal Shirt";"Fashion";4;1142;"4568";"CUST-37760";"App"
"UK-2026-102405";"2026-04-05";"North";"Noida";"Wireless Earbuds Pro";"Electronics";1;3103;"3103";"CUST-18439";"Marketplace"
"UK-2026-100372";"2026-01-22";"West";"Mumbai";"Face Wash Combo";"Beauty";2;435;"870";"CUST-59625";"App"
"UK-2026-103174";"2026-05-23";"South";"Chennai";"Robot Vacuum R7";"Home & Kitchen";1;19204;"19204";"CUST-49133";"Website"
"UK-2026-103164";"2026-05-20";"South";"Bangalore";"Makeup Brush Set";"Beauty";2;1278;"2556";"CUST-27630";"Website"
"UK-2026-101881";"2026-03-31";"North";"Gurugram";"Smart Watch X2";"Electronics";1;4609;"4609";"CUST-90360";"Marketplace"
"UK-2026-102563";"2026-04-06";"East";"Patna";"Smart Watch X2";"Electronics";1;4578;"4578";"CUST-30596";"Marketplace"
"UK-2026-100010";"2026-01-29";"Central";"Bhopal";"Running Sneakers";"Fashion";1;2672;"2672";"CUST-33110";"Website"
"UK-2026-101107";"2026-02-11";"West";"Mumbai";"Denim Jacket";"Fashion";1;2237;"2237";"CUST-63025";"Website"
"UK-2026-100779";"2026-02-10";"South";"Kochi";"Ethnic Dupatta";"Fashion";2;491;"982";"CUST-27420";"Website"
"UK-2026-100113";"2026-01-11";"North";"Chandigarh";"Noise-Cancelling Headphones";"Electronics";2;9148;"18296";"CUST-89979";"App"
"UK-2026-101406";"2026-02-24";"North";"Gurugram";"Cotton Kurta Set";"Fashion";2;1326;"2652";"CUST-33796";"App"
"UK-2026-100164";"2026-01-21";"South";"Chennai";"Mixer Grinder 750W";"Home & Kitchen";2;3151;"6302";"CUST-10731";"Website"
"UK-2026-104239";"2026-06-22";"North";"Chandigarh";"Leather Wallet";"Fashion";2;895;"1790";"CUST-43801";"App"
"UK-2026-100926";"2026-02-09";"North";"Noida";"Electric Kettle 1.5L";"Home & Kitchen";1;1058;"1058";"CUST-56278";"App"
"UK-2026-100796";"2026-02-05";"Central";"Bhopal";"Dinner Set 24pc";"Home & Kitchen";2;2557;"5114";"CUST-90977";"Marketplace"
"UK-2026-100108";"2026-01-08";"West";"Ahmedabad";"Wireless Earbuds Pro";"Electronics";2;3030;"6060";"CUST-25120";"Website"
"UK-2026-104451";"2026-06-10";"South";"Hyderabad";"Wireless Earbuds Pro";"Electronics";2;2974;"5948";"CUST-19902";"App"
"UK-2026-103213";"2026-05-06";"South";"Hyderabad";"Running Sneakers";"Fashion";1;2858;"2858";"CUST-15504";"App"
"UK-2026-104240";"2026-06-14";"South";"Bengaluru";"Football Size 5";"Sports";1;927;"927";"CUST-26477";"Website"
"UK-2026-101257";"2026-02-25";"North";"Chandigarh";"Cotton Kurta Set";"Fashion";1;1275;"1275";"CUST-80722";"App"
"UK-2026-102866";"2026-04-05";"Central";"Nagpur";"Modern Wall Clock";"Home & Kitchen";1;777;"777";"CUST-26105";"Website"
"UK-2026-104474";"2026-06-03";"South";"Hyderabad";"Power Bank 20000mAh";"Electronics";1;1796;"1796";"CUST-72241";"App"
"UK-2026-101172";"2026-02-16";"East";"Patna";"Robot Vacuum R7";"Home & Kitchen";2;18233;"36466";"CUST-47308";"Website"
"UK-2026-104967";"2026-06-25";"North";"Noida";"43-inch Smart TV";"Electronics";2;26171;"52342";"CUST-14722";"Marketplace"
"UK-2026-102583";"2026-04-23";"North";"Gurugram";"Modern Wall Clock";"Home & Kitchen";2;829;"1658";"CUST-92390";"App"
"UK-2026-102414";"2026-04-23";"North";"Noida";"Ultrabook Air 14";"Electronics";1;30345;"30345";"CUST-26012";"Marketplace"
"UK-2026-102621";"2026-04-13";"West";"Surat";"Formal Shirt";"Fashion";1;1047;"1047";"CUST-21352";"Website"
"UK-2026-103360";"2026-05-26";"West";"Bombay";"Sunscreen SPF50";"Beauty";4;561;"2244";"CUST-14967";"App"
"UK-2026-102829";"2026-04-24";"West";"Ahmedabad";"Vitamin C Serum";"Beauty";1;677;"677";"CUST-17533";"App"
"UK-2026-102165";"2026-03-29";"West";"Ahmedabad";"Robot Vacuum R7";"Home & Kitchen";2;19474;"38948";"CUST-78618";"Website"
"UK-2026-101657";"2026-03-31";"North";"Gurugram";"Noise-Cancelling Headphones";"Electronics";1;9156;"9156";"CUST-95453";"App"
"UK-2026-102328";"2026-04-29";"South";"Chennai";"Slim Fit Jeans";"Fashion";1;1567;"1567";"CUST-30254";"App"
"UK-2026-100852";"2026-02-05";"South";"Chennai";"Slim Fit Jeans";"Fashion";1;1658;"1658";"CUST-49686";"App"
"UK-2026-104221";"2026-06-09";"West";"Mumbai";"Cotton Bedsheet Set";"Home & Kitchen";2;1371;"2742";"CUST-95347";"Website"
"UK-2026-103518";"2026-05-30";"North";"Delhi";"Silk Saree";"Fashion";1;3444;"3444";"CUST-49499";"Marketplace"
"UK-2026-103715";"2026-05-25";"North";"Noida";"Mirrorless Camera Lite";"Electronics";2;29587;"59174";"CUST-58730";"Marketplace"
"UK-2026-100961";"2026-02-08";"East";"Kolkata";"Electric Kettle 1.5L";"Home & Kitchen";1;1062;"1062";"CUST-57712";"App"
"UK-2026-104647";"2026-06-01";"South";"Hyderabad";"Power Bank 20000mAh";"Electronics";1;1717;"1717";"CUST-35414";"App"
"UK-2026-100472";"2026-01-18";"South";"Bengaluru";"Air Fryer 5L";"Home & Kitchen";1;5665;"5665";"CUST-62212";"Website"
"UK-2026-100681";"2026-01-18";"South";"Chennai";"Sunscreen SPF50";"Beauty";1;555;"555";"CUST-40454";"Website"
"UK-2026-100413";"2026-01-29";"North";"Gurugram";"Robot Vacuum R7";"Home & Kitchen";1;18300;"18300";"CUST-52349";"Marketplace"
"UK-2026-102856";"2026-04-02";"South";"Chennai";"Bluetooth Speaker Mini";"Electronics";1;1565;"1565";"CUST-22637";"Marketplace"
"UK-2026-101798";"2026-03-12";"South";"Hyderabad";"Ethnic Dupatta";"Fashion";1;479;"479";"CUST-65379";"App"
"UK-2026-100148";"2026-01-23";"Central";"Indore";"Vitamin C Serum";"Beauty";1;682;"682";"CUST-87694";"Website"
"UK-2026-101923";"2026-03-10";"South";"Hyderabad";"Cotton Bedsheet Set";"Home & Kitchen";4;1403;"5612";"CUST-79537";"App"
"UK-2026-100615";"2026-01-08";"West";"Ahmedabad";"Sunscreen SPF50";"Beauty";2;576;"1152";"CUST-55772";"Website"
"UK-2026-102077";"2026-03-24";"North";"Gurugram";"Yoga Mat Pro";"Sports";1;1199;"1199";"CUST-43444";"App"
"UK-2026-100783";"2026-02-05";"South";"Madras";"Leather Wallet";"Fashion";1;910;"910";"CUST-18893";"Website"
"UK-2026-103504";"2026-05-12";"West";"Pune";"Smart Watch X2";"Electronics";2;4368;"8736";"CUST-52247";"App"
"UK-2026-100972";"2026-02-12";"North";"Noida";"POWER BANK 20000MAH";"Electronics";1;1866;"1866";"CUST-28199";"App"
"UK-2026-104267";"2026-06-03";"Central";"Bhopal";"Face Wash Combo";"Beauty";2;469;"938";"CUST-76651";"Website"
"UK-2026-101722";"2026-03-10";"West";"Pune";"Formal Shirt";"Fashion";1;1072;"1072";"CUST-35792";"Website"
"UK-2026-104458";"2026-06-11";"North";"Gurugram";"Adjustable Dumbbells 15kg";"Sports";2;4973;"9946";"CUST-41204";"Website"
"UK-2026-101720";"2026-03-21";"Central";"Raipur";"Power Bank 20000mAh";"Electronics";2;1804;"3608";"CUST-98462";"Marketplace"
"UK-2026-104338";"2026-06-30";"West";"Pune";"Leather Wallet";"Fashion";3;875;"2625";"CUST-47640";"App"
"UK-2026-100692";"2026-01-29";"North";"Delhi";"Badminton Racket Set";"Sports";2;2546;"5092";"CUST-62319";"Marketplace"
"UK-2026-100462";"2026-01-12";"North";"New Delhi";"Denim Jacket";"Fashion";4;2159;"8636";"CUST-10893";"Website"
"UK-2026-101092";"2026-02-18";"South";"Hyderabad";"Face Wash Combo";"Beauty";1;468;"468";"CUST-64993";"Website"
"UK-2026-104265";"2026-06-15";"East";"Kolkata";"Badminton Racket Set";"Sports";1;2507;"2507";"CUST-61336";"App"
"UK-2026-102718";"2026-04-08";"North";"Chandigarh";"Slim Fit Jeans";"Fashion";1;1634;"1634";"CUST-25762";"Marketplace"
"UK-2026-104207";"2026-06-24";"North";"Chandigarh";"Slim Fit Jeans";"Fashion";1;1614;"1614";"CUST-80218";"App"
"UK-2026-101141";"2026-02-16";"East";"Bhubaneswar";"Modern Wall Clock";"Home & Kitchen";2;766;"1532";"CUST-14485";"App"
"UK-2026-104139";"2026-06-23";"South";"Kochi";"Leather Wallet";"Fashion";2;888;"1776";"CUST-95553";"App"
"UK-2026-103649";"2026-05-28";"South";"Chennai";"Dinner Set 24pc";"Home & Kitchen";1;2485;"2485";"CUST-82084";"App"
"UK-2026-104272";"2026-06-02";"North";"Noida";"Noise-Cancelling Headphones";"Electronics";1;9193;"9193";"CUST-72559";"Marketplace"
"UK-2026-102097";"2026-03-22";"South";"Chennai";"Non-Stick Cookware Set";"Home & Kitchen";1;3033;"3033";"CUST-13180";"App"
"UK-2026-101099";"2026-02-20";"East";"Patna";"Smart Watch X2";"Electronics";1;4396;"4396";"CUST-68052";"App"
"UK-2026-102980";"2026-04-01";"West";"Pune";"Cotton Bedsheet Set";"Home & Kitchen";1;1342;"1342";"CUST-75130";"App"
"UK-2026-101563";"2026-03-26";"Central";"Raipur";"Vitamin C Serum";"Beauty";2;671;"1342";"CUST-75686";"Website"
"UK-2026-100137";"2026-01-24";"West";"Mumbai";"Eau de Parfum 100ml";"Beauty";4;1947;"7788";"CUST-21003";"App"
"UK-2026-102028";"2026-03-14";"West";"Surat";"Ultrabook Air 14";"Electronics";1;30876;"30876";"CUST-90070";"Website"
"UK-2026-100485";"2026-01-25";"South";"Chennai";"Silk Saree";"Fashion";1;3595;"3595";"CUST-43365";"Marketplace"
"UK-2026-100639";"2026-01-29";"North";"Delhi";"Cricket Bat English Willow";"Sports";1;9122;"9122";"CUST-40261";"App"
"UK-2026-100732";"2026-02-07";"East";"Guwahati";"Modern Wall Clock";"Home & Kitchen";1;783;"783";"CUST-92072";"Website"
"UK-2026-100253";"2026-01-12";"Central";"Raipur";"Air Fryer 5L";"Home & Kitchen";1;5259;"5259";"CUST-54393";"App"
"UK-2026-103594";"2026-05-28";"South";"Kochi";"Dinner Set 24pc";"Home & Kitchen";2;2416;"4832";"CUST-43904";"App"
"UK-2026-102094";"2026-03-27";"North";"Delhi";"Noise-Cancelling Headphones";"Electronics";1;9212;"9212";"CUST-48329";"App"
"UK-2026-103790";"2026-05-15";"South";"Chennai";"Formal Shirt";"Fashion";1;1107;"1107";"CUST-96302";"App"
"UK-2026-102625";"2026-04-23";"Central";"Bhopal";"Leather Wallet";"Fashion";1;919;"919";"CUST-42363";"Website"
"UK-2026-102374";"2026-04-09";"South";"Chennai";"Denim Jacket";"Fashion";1;2097;"2097";"CUST-76098";"App"
"UK-2026-104711";"2026-06-25";"West";"Surat";"Foldable Treadmill T2";"Sports";1;25556;"25556";"CUST-14722";"App"
"UK-2026-101654";"2026-03-17";"South";"Chennai";"Ionic Hair Dryer";"Beauty";1;1971;"1971";"CUST-71066";"Website"
"UK-2026-103989";"2026-05-29";"Central";"Bhopal";"Silk Saree";"Fashion";2;3589;"7178";"CUST-21324";"App"
"UK-2026-101666";"2026-03-06";"West";"Pune";"Ultrabook Air 14";"Electronics";1;29931;"29931";"CUST-79669";"Website"
"UK-2026-101684";"2026-03-29";"East";"Bhubaneswar";"Foldable Treadmill T2";"Sports";1;26064;"26064";"CUST-68168";"Website"
"UK-2026-101454";"2026-03-07";"North";"Noida";"Yoga Mat Pro";"Sports";1;1177;"1177";"CUST-48248";"App"
"UK-2026-101062";"2026-02-27";"East";"Patna";"Air Fryer 5L";"Home & Kitchen";1;5580;"5580";"CUST-49664";"App"
"UK-2026-104430";"2026-06-10";"North";"Noida";"Running Sneakers";"Fashion";2;2753;"5506";"CUST-41249";"App"
"UK-2026-102243";"2026-04-05";"South";"Bengaluru";"Cotton Bedsheet Set";"Home & Kitchen";1;1457;"1457";"CUST-85723";"App"
"UK-2026-101017";"2026-02-17";"South";"Chennai";"Vitamin C Serum";"Beauty";2;715;"1430";"CUST-38961";"Website"
"UK-2026-100447";"2026-01-03";"East";"Bhubaneswar";"Vitamin C Serum";"Beauty";1;705;"705";"CUST-66102";"App"
"UK-2026-102949";"2026-04-30";"South";"Kochi";"Football Size 5";"Sports";2;934;"1868";"CUST-72782";"Website"
"UK-2026-101256";"2026-02-17";"North";"Delhi";"Wireless Earbuds Pro";"Electronics";1;3113;"3113";"CUST-30596";"App"
"UK-2026-103596";"2026-05-31";"West";"Pune";"Badminton Racket Set";"Sports";1;2375;"2375";"CUST-79743";"Marketplace"
"UK-2026-102044";"2026-03-24";"North";"Delhi";"Vitamin C Serum";"Beauty";1;693;"693";"CUST-72464";"Website"
"UK-2026-100246";"2026-01-09";"North";"Gurugram";"Wireless Earbuds Pro";"Electronics";1;2928;"2928";"CUST-43399";"Website"
"UK-2026-101348";"2026-02-16";"South";"Hyderabad";"Vitamin C Serum";"Beauty";1;712;"712";"CUST-63303";"Marketplace"
"UK-2026-104396";"2026-06-14";"South";"Kochi";"Electric Kettle 1.5L";"Home & Kitchen";1;1067;"1067";"CUST-61588";"App"
"UK-2026-103576";"2026-05-13";"East";"Patna";"Bluetooth Speaker Mini";"Electronics";1;1524;"1524";"CUST-16792";"App"
"UK-2026-104278";"2026-06-20";"Central";"Bhopal";"Adjustable Dumbbells 15kg";"Sports";1;5105;"5105";"CUST-83782";"Website"
"UK-2026-101102";"2026-02-10";"South";"Kochi";"Formal Shirt";"Fashion";1;1142;"1142";"CUST-12710";"App"
"UK-2026-100501";"2026-01-31";"West";"Surat";"Mixer Grinder 750W";"Home & Kitchen";1;3312;"3312";"CUST-58718";"Website"
"UK-2026-101293";"2026-02-24";"East";"Guwahati";"Running Sneakers";"Fashion";1;2802;"2802";"CUST-42565";"App"
"UK-2026-100425";"2026-01-24";"South";"Bengaluru";"Sunscreen SPF50";"Beauty";1;548;"548";"CUST-19714";"Website"
"UK-2026-101318";"2026-02-05";"South";"Hyderabad";"Cotton Bedsheet Set";"Home & Kitchen";1;1387;"1387";"CUST-11501";"App"
"UK-2026-103348";"2026-05-03";"North";"Noida";"Electric Kettle 1.5L";"Home & Kitchen";1;1112;"1112";"CUST-25900";"Marketplace"
"UK-2026-103713";"2026-05-11";"South";"Bengaluru";"Silk Saree";"Fashion";1;3530;"3530";"CUST-10255";"Website"
"UK-2026-104710";"2026-06-01";"West";"Mumbai";"Formal Shirt";"Fashion";1;1139;"1139";"CUST-34935";"App"
"UK-2026-103182";"2026-05-30";"South";"Cochin";"Power Bank 20000mAh";"Electronics";1;1824;"1824";"CUST-78927";"Marketplace"
"UK-2026-102156";"2026-03-08";"North";"Gurugram";"Silk Saree";"Fashion";2;3576;"7152";"CUST-41238";"App"
"UK-2026-100477";"2026-01-08";"West";"Pune";"Ultrabook Air 14";"Electronics";1;31353;"31353";"CUST-21267";"Marketplace"
"UK-2026-103898";"2026-05-20";"Central";"Nagpur";"Power Bank 20000mAh";"Electronics";1;1719;"1719";"CUST-49225";"Marketplace"
"UK-2026-100321";"2026-01-12";"South";"Hyderabad";"43-inch Smart TV";"Electronics";1;24749;"24749";"CUST-10350";"App"
"UK-2026-101567";"2026-03-14";"East";"Guwahati";"Denim Jacket";"Fashion";1;2136;"2136";"CUST-20355";"App"
"UK-2026-102564";"2026-04-15";"North";"Chandigarh";"Cycling Helmet";"Sports";1;1666;"1666";"CUST-21621";"Website"
"UK-2026-104363";"2026-06-01";"Central";"Raipur";"Matte Lipstick Set";"Beauty";1;918;"918";"CUST-33931";"App"
"UK-2026-101393";"2026-02-16";"East";"Kolkata";"Ultrabook Air 14";"Electronics";1;30402;"30402";"CUST-23395";"Website"
"UK-2026-100331";"2026-01-20";"North";"Delhi";"Smart Watch X2";"Electronics";1;4530;"4530";"CUST-16451";"Website"
"UK-2026-101116";"2026-02-06";"Central";"Raipur";"Non-Stick Cookware Set";"Home & Kitchen";1;2863;"2863";"CUST-25074";"Website"
"UK-2026-103672";"2026-05-31";"West";"Ahmedabad";"Running Sneakers";"Fashion";1;2809;"2809";"CUST-33810";"Website"
"UK-2026-101299";"2026-02-09";"North";"Delhi";"43-inch Smart TV";"Electronics";3;24879;"74637";"CUST-45291";"Marketplace"
"UK-2026-100772";"2026-02-27";"East";"Guwahati";"gym gloves";"Sports";2;495;"990";"CUST-23664";"App"
"UK-2026-101436";"2026-02-21";"Central";"Nagpur";"Wireless Earbuds Pro";"Electronics";1;3053;"3053";"CUST-75001";"App"
"UK-2026-104413";"2026-06-21";"North";"Chandigarh";"Beard Grooming Kit";"Beauty";2;1014;"2028";"CUST-59289";"Website"
"UK-2026-103432";"2026-05-07";"South";"Hyderabad";"Cycling Helmet";"Sports";1;1541;"1541";"CUST-33016";"App"
"UK-2026-103974";"2026-05-08";"South";"Cochin";"Adjustable Dumbbells 15kg";"Sports";1;5017;"5017";"CUST-49105";"Marketplace"
"UK-2026-101236";"2026-02-25";"South";"Hyderabad";"Eau de Parfum 100ml";"Beauty";2;2065;"4130";"CUST-26150";"App"
"UK-2026-104685";"2026-06-08";"Central";"Indore";"43-inch Smart TV";"Electronics";2;25610;"51220";"CUST-31240";"App"
"UK-2026-100436";"2026-01-20";"South";"Hyderabad";"Ionic Hair Dryer";"Beauty";2;1847;"3694";"CUST-64971";"App"
"UK-2026-100785";"2026-02-05";"South";"Kochi";"Mirrorless Camera Lite";"Electronics";1;29748;"29748";"CUST-18417";"App"
"UK-2026-103662";"2026-05-21";"West";"Mumbai";"Foldable Treadmill T2";"Sports";2;24755;"49510";"CUST-75686";"Marketplace"
"UK-2026-103915";"2026-05-09";"East";"Bhubaneswar";"Silk Saree";"Fashion";1;3649;"3649";"CUST-99557";"Website"
"UK-2026-104722";"2026-06-07";"West";"Mumbai";"Badminton Racket Set";"Sports";1;2509;"2509";"CUST-63156";"App"
"UK-2026-102106";"2026-03-09";"South";"Kochi";"Wireless Earbuds Pro";"Electronics";1;2982;"2982";"CUST-86096";"Marketplace"
"UK-2026-100056";"2026-01-01";"South";"Kochi";"Mirrorless Camera Lite";"Electronics";1;30211;"30211";"CUST-50609";"App"
"UK-2026-104954";"2026-06-13";"North";"Noida";"Robot Vacuum R7";"Home & Kitchen";1;19618;"19618";"CUST-22818";"Website"
"UK-2026-103197";"2026-05-26";"South";"Chennai";"Robot Vacuum R7";"Home & Kitchen";1;18473;"18473";"CUST-39071";"App"
"UK-2026-100302";"2026-01-08";"South";"Bengaluru";"Cricket Bat English Willow";"Sports";1;9276;"9276";"CUST-76499";"App"
"UK-2026-100454";"2026-01-12";"East";"Guwahati";"Ultrabook Air 14";"Electronics";2;30580;"61160";"CUST-25530";"Website"
"UK-2026-103366";"2026-05-31";"North";"Delhi";"Formal Shirt";"Fashion";1;1060;"1060";"CUST-47906";"App"
"UK-2026-100632";"2026-01-20";"West";"Ahmedabad";"Electric Kettle 1.5L";"Home & Kitchen";1;1149;"1149";"CUST-26905";"App"
"UK-2026-102979";"2026-04-02";"South";"Hyderabad";"Ultrabook Air 14";"Electronics";2;29257;"58514";"CUST-65721";"App"
"UK-2026-102639";"2026-04-12";"West";"Mumbai";"Ultrabook Air 14";"Electronics";1;29798;"29798";"CUST-87421";"Marketplace"
"UK-2026-103223";"2026-05-31";"Central";"Bhopal";"Smart Watch X2";"Electronics";1;4460;"4460";"CUST-14031";"Marketplace"
"UK-2026-101569";"2026-03-15";"North";"Chandigarh";"Matte Lipstick Set";"Beauty";2;923;"1846";"CUST-59879";"Website"
"UK-2026-100478";"2026-01-16";"South";"Madras";"Air Fryer 5L";"Home & Kitchen";3;5499;"16497";"CUST-50609";"Marketplace"
"UK-2026-102545";"2026-04-23";"West";"Mumbai";"Leather Wallet";"Fashion";1;870;"870";"CUST-69398";"App"
"UK-2026-103671";"2026-05-11";"West";"Pune";"Electric Kettle 1.5L";"Home & Kitchen";2;1087;"2174";"CUST-64247";"Website"
"UK-2026-102263";"2026-04-02";"West";"Ahmedabad";"Vitamin C Serum";"Beauty";1;667;"667";"CUST-18006";"Website"
"UK-2026-104650";"2026-06-14";"South";"Bengaluru";"43-inch Smart TV";"Electronics";1;26782;"26782";"CUST-91140";"Website"
"UK-2026-104720";"2026-06-19";"North";"Delhi";"Ultrabook Air 14";"Electronics";2;30768;"61536";"CUST-51207";"Marketplace"
"UK-2026-100214";"2026-01-28";"South";"Bengaluru";"Bluetooth Speaker Mini";"Electronics";1;1557;"1557";"CUST-63925";"Marketplace"
"UK-2026-101878";"2026-03-02";"South";"Hyderabad";"Dinner Set 24pc";"Home & Kitchen";2;2411;"4822";"CUST-52397";"Marketplace"
"UK-2026-103331";"2026-05-28";"East";"Guwahati";"Dinner Set 24pc";"Home & Kitchen";1;2462;"2462";"CUST-38364";"App"
"UK-2026-101715";"2026-03-12";"West";"Pune";"43-inch Smart TV";"Electronics";1;25636;"25636";"CUST-74153";"Website"
"UK-2026-103161";"2026-05-03";"Central";"Nagpur";"Face Wash Combo";"Beauty";1;431;"431";"CUST-98437";"App"
"UK-2026-104805";"2026-06-04";"East";"Bhubaneswar";"Power Bank 20000mAh";"Electronics";1;1760;"1760";"CUST-81522";"Website"
"UK-2026-103399";"2026-05-03";"North";"New Delhi";"Ionic Hair Dryer";"Beauty";1;1975;"1975";"CUST-37324";"App"
"UK-2026-100023";"2026-01-20";"South";"BLR";"Foldable Treadmill T2";"Sports";1;25018;"25018";"CUST-21856";"Website"
"UK-2026-104651";"2026-06-14";"East";"Patna";"Vitamin C Serum";"Beauty";2;686;"1372";"CUST-27630";"App"
"UK-2026-102773";"2026-04-26";"West";"Ahmedabad";"Ethnic Dupatta";"Fashion";3;482;"1446";"CUST-72874";"App"
"UK-2026-102922";"2026-04-24";"North";"Chandigarh";"Ethnic Dupatta";"Fashion";1;506;"506";"CUST-17985";"Website"
"UK-2026-103523";"2026-05-29";"East";"Bhubaneswar";"Bluetooth Speaker Mini";"Electronics";1;1557;"1557";"CUST-58860";"Marketplace"
"UK-2026-101351";"2026-02-19";"South";"Chennai";"Mirrorless Camera Lite";"Electronics";1;29941;"29941";"CUST-83260";"Marketplace"
"UK-2026-101947";"2026-03-28";"North";"Noida";"Mixer Grinder 750W";"Home & Kitchen";1;3399;"3399";"CUST-56892";"App"
"UK-2026-101394";"2026-02-20";"North";"Chandigarh";"Makeup Brush Set";"Beauty";1;1319;"1319";"CUST-81598";"Website"
"UK-2026-103024";"2026-04-23";"South";"Chennai";"Slim Fit Jeans";"Fashion";1;1543;"1543";"CUST-21621";"App"
"UK-2026-103430";"2026-05-04";"South";"Bengaluru";"Sunscreen SPF50";"Beauty";1;535;"535";"CUST-34000";"Website"
"UK-2026-103906";"2026-05-03";"South";"Bengaluru";"Electric Kettle 1.5L";"Home & Kitchen";1;1153;"1153";"CUST-27549";"App"
"UK-2026-102227";"2026-03-14";"East";"Bhubaneswar";"Power Bank 20000mAh";"Electronics";1;1787;"1787";"CUST-65634";"App"
"UK-2026-100039";"2026-01-18";"West";"Ahmedabad";"Cotton Bedsheet Set";"Home & Kitchen";1;1435;"1435";"CUST-84004";"Website"
"UK-2026-101951";"2026-03-17";"North";"Delhi";"Leather Wallet";"Fashion";2;918;"1836";"CUST-83103";"Website"
"UK-2026-103593";"2026-05-30";"West";"Pune";"Ultrabook Air 14";"Electronics";1;30975;"30975";"CUST-54168";"Marketplace"
"UK-2026-102175";"2026-03-12";"South";"Hyderabad";"Cricket Bat English Willow";"Sports";1;8812;"8812";"CUST-33016";"App"
"UK-2026-103754";"2026-05-17";"West";"Pune";"Electric Kettle 1.5L";"Home & Kitchen";1;1130;"1130";"CUST-30661";"App"
"UK-2026-103079";"2026-04-25";"South";"Chennai";"Yoga Mat Pro";"Sports";1;1224;"1224";"CUST-46376";"App"
"UK-2026-102928";"2026-04-17";"South";"Kochi";"Ethnic Dupatta";"Fashion";2;498;"996";"CUST-38085";"App"
"UK-2026-102888";"2026-04-30";"West";"Ahmedabad";"Air Fryer 5L";"Home & Kitchen";2;5623;"11246";"CUST-31874";"Website"
"UK-2026-104025";"2026-06-30";"South";"Chennai";"Mirrorless Camera Lite";"Electronics";1;28870;"28870";"CUST-69095";"App"
"UK-2026-101522";"2026-03-15";"Central";"Nagpur";"Noise-Cancelling Headphones";"Electronics";2;8790;"17580";"CUST-89994";"Marketplace"
"UK-2026-100349";"2026-01-28";"West";"Ahmedabad";"Cricket Bat English Willow";"Sports";1;8962;"8962";"CUST-75001";"Website"
"UK-2026-101117";"2026-02-03";"North";"Chandigarh";"Mixer Grinder 750W";"Home & Kitchen";1;3296;"3296";"CUST-95553";"App"
"UK-2026-102527";"2026-04-07";"West";"Mumbai";"Cricket Bat English Willow";"Sports";1;8739;"8739";"CUST-30772";"Marketplace"
"UK-2026-100265";"2026-01-07";"West";"Mumbai";"Non-Stick Cookware Set";"Home & Kitchen";1;2838;"2838";"CUST-47239";"Website"
"UK-2026-101547";"2026-03-04";"Central";"Raipur";"Makeup Brush Set";"Beauty";1;1304;"1304";"CUST-12904";"Website"
"UK-2026-100410";"2026-01-30";"West";"Pune";"Noise-Cancelling Headphones";"Electronics";1;8981;"8981";"CUST-13520";"Marketplace"
"UK-2026-104689";"2026-06-04";"East";"Guwahati";"Power Bank 20000mAh";"Electronics";1;1750;"1750";"CUST-62421";"App"
"UK-2026-104064";"2026-06-01";"South";"Cochin";"Leather Wallet";"Fashion";1;901;"901";"CUST-45221";"App"
"UK-2026-104554";"2026-06-26";"North";"Delhi";"Robot Vacuum R7";"Home & Kitchen";1;19035;"19035";"CUST-94058";"Marketplace"
"UK-2026-104807";"2026-06-17";"South";"Bengaluru";"MIXER GRINDER 750W";"Home & Kitchen";1;3460;"3460";"CUST-55026";"App"
"UK-2026-101467";"2026-03-18";"North";"Delhi";"Sunscreen SPF50";"Beauty";1;533;"533";"CUST-61391";"Website"
"UK-2026-102599";"2026-04-05";"North";"Gurugram";"Mirrorless Camera Lite";"Electronics";2;28682;"57364";"CUST-84221";"App"
"UK-2026-104950";"2026-06-20";"West";"Ahmedabad";"Leather Wallet";"Fashion";3;928;"2784";"CUST-58000";"App"
"UK-2026-104087";"2026-06-15";"South";"Chennai";"Badminton Racket Set";"Sports";1;2486;"2486";"CUST-55026";"App"
"UK-2026-100733";"2026-02-03";"Central";"Raipur";"Power Bank 20000mAh";"Electronics";1;1784;"1784";"CUST-60190";"Website"
"UK-2026-103941";"2026-05-23";"Central";"Bhopal";"Non-Stick Cookware Set";"Home & Kitchen";1;2936;"2936";"CUST-55074";"Website"
"UK-2026-103620";"2026-05-22";"West";"Pune";"Silk Saree";"Fashion";2;3627;"7254";"CUST-30661";"Website"
"UK-2026-103549";"2026-05-01";"North";"Noida";"Modern Wall Clock";"Home & Kitchen";1;799;"799";"CUST-45925";"Website"
"UK-2026-100175";"2026-01-22";"West";"Mumbai";"Power Bank 20000mAh";"Electronics";1;1734;"1734";"CUST-76282";"App"
"UK-2026-104957";"2026-06-03";"North";"Delhi";"Non-Stick Cookware Set";"Home & Kitchen";2;2826;"5652";"CUST-36283";"Marketplace"
"UK-2026-104654";"2026-06-25";"West";"Ahmedabad";"Denim Jacket";"Fashion";1;2135;"2135";"CUST-45291";"App"
"UK-2026-102770";"2026-04-08";"Central";"Indore";"Bluetooth Speaker Mini";"Electronics";1;1462;"1462";"CUST-38417";"App"
"UK-2026-100947";"2026-02-21";"South";"Bengaluru";"Denim Jacket";"Fashion";2;2245;"4490";"CUST-95261";"App"
"UK-2026-103423";"2026-05-13";"South";"Chennai";"Mirrorless Camera Lite";"Electronics";1;28327;"28327";"CUST-32174";"Marketplace"
"UK-2026-102324";"2026-04-17";"West";"Mumbai";"Modern Wall Clock";"Home & Kitchen";1;819;"819";"CUST-52349";"App"
"UK-2026-100346";"2026-01-08";"West";"Pune";"Noise-Cancelling Headphones";"Electronics";1;8838;"8838";"CUST-93589";"Website"
"UK-2026-104023";"2026-06-21";"Central";"Nagpur";"Air Fryer 5L";"Home & Kitchen";1;5752;"5752";"CUST-30335";"Website"
"UK-2026-103566";"2026-05-14";"North";"Delhi";"Badminton Racket Set";"Sports";2;2602;"5204";"CUST-37404";"App"
"UK-2026-101681";"2026-03-18";"Central";"Indore";"Non-Stick Cookware Set";"Home & Kitchen";1;2786;"2786";"CUST-39808";"Website"
"UK-2026-104868";"2026-06-28";"South";"Hyderabad";"Eau de Parfum 100ml";"Beauty";1;1925;"1925";"CUST-24024";"Website"
"UK-2026-100256";"2026-01-31";"North";"Delhi";"Robot Vacuum R7";"Home & Kitchen";3;18398;"55194";"CUST-30443";"Website"
"UK-2026-104626";"2026-06-17";"West";"Ahmedabad";"Mirrorless Camera Lite";"Electronics";1;27750;"27750";"CUST-89486";"Marketplace"
"UK-2026-103362";"2026-05-09";"West";"Surat";"Wireless Earbuds Pro";"Electronics";1;2850;"2850";"CUST-24504";"App"
"UK-2026-100147";"2026-01-03";"South";"Chennai";"Mixer Grinder 750W";"Home & Kitchen";1;3240;"3240";"CUST-46257";"Website"
"UK-2026-101227";"2026-02-06";"West";"Ahmedabad";"Air Fryer 5L";"Home & Kitchen";1;5590;"5590";"CUST-14400";"App"
"UK-2026-101379";"2026-02-24";"North";"Gurugram";"Bluetooth Speaker Mini";"Electronics";2;1517;"3034";"CUST-54393";"Website"
"UK-2026-103655";"2026-05-05";"South";"Kochi";"Leather Wallet";"Fashion";1;927;"927";"CUST-91314";"Website"
"UK-2026-100499";"2026-01-19";"North";"Noida";"Ultrabook Air 14";"Electronics";1;29165;"29165";"CUST-39363";"Website"
"UK-2026-101539";"2026-03-02";"East";"Bhubaneswar";"Ultrabook Air 14";"Electronics";1;30669;"30669";"CUST-16415";"Marketplace"
"UK-2026-100652";"2026-01-24";"North";"Chandigarh";"Wireless Earbuds Pro";"Electronics";1;3083;"3083";"CUST-99560";"Marketplace"
"UK-2026-104545";"2026-06-30";"South";"Kochi";"Electric Kettle 1.5L";"Home & Kitchen";2;1133;"2266";"CUST-95305";"Website"
"UK-2026-100700";"2026-01-10";"North";"Chandigarh";"Modern Wall Clock";"Home & Kitchen";4;792;"3168";"CUST-44414";"App"
"UK-2026-102811";"2026-04-13";"South";"Kochi";"Vitamin C Serum";"Beauty";1;702;"702";"CUST-67136";"App"
"UK-2026-104235";"2026-06-15";"Central";"Raipur";"Noise-Cancelling Headphones";"Electronics";4;8810;"35240";"CUST-89195";"App"
"UK-2026-104213";"2026-06-29";"Central";"Bhopal";"Vitamin C Serum";"Beauty";1;700;"700";"CUST-16147";"App"
"UK-2026-102409";"2026-04-07";"South";"Bengaluru";"Ethnic Dupatta";"Fashion";1;475;"475";"CUST-64247";"Website"
"UK-2026-101129";"2026-02-04";"West";"Surat";"Beard Grooming Kit";"Beauty";1;1045;"1045";"CUST-77673";"App"
"UK-2026-101281";"2026-02-04";"South";"Bengaluru";"Denim Jacket";"Fashion";1;2202;"2202";"CUST-71967";"App"
"UK-2026-101842";"2026-03-07";"Central";"Indore";"Mixer Grinder 750W";"Home & Kitchen";2;3293;"6586";"CUST-40432";"Website"
"UK-2026-103046";"2026-04-06";"East";"Patna";"Ionic Hair Dryer";"Beauty";1;1882;"1882";"CUST-15462";"App"
"UK-2026-101144";"2026-02-12";"East";"Guwahati";"Sunscreen SPF50";"Beauty";1;536;"536";"CUST-71009";"App"
"UK-2026-104753";"2026-06-02";"West";"Pune";"Face Wash Combo";"Beauty";3;468;"1404";"CUST-75864";"App"
"UK-2026-100767";"2026-02-10";"East";"Bhubaneswar";"43-inch Smart TV";"Electronics";1;26035;"26035";"CUST-69135";"Website"
"UK-2026-101686";"2026-03-01";"North";"Delhi";"Cotton Bedsheet Set";"Home & Kitchen";2;1461;"2922";"CUST-98489";"Website"
"UK-2026-104531";"2026-06-26";"West";"Ahmedabad";"Noise-Cancelling Headphones";"Electronics";1;9061;"9061";"CUST-92956";"App"
"UK-2026-100836";"2026-02-03";"East";"Bhubaneswar";"Ultrabook Air 14";"Electronics";1;28758;"28758";"CUST-44369";"Website"
"UK-2026-103217";"2026-05-02";"South";"Bengaluru";"Mixer Grinder 750W";"Home & Kitchen";1;3153;"3153";"CUST-79446";"App"
"UK-2026-101174";"2026-02-25";"Central";"Bhopal";"Bluetooth Speaker Mini";"Electronics";1;1550;"1550";"CUST-88183";"Website"
"UK-2026-101737";"2026-03-22";"North";"Gurugram";"Wireless Earbuds Pro";"Electronics";1;2966;"2966";"CUST-31539";"Website"
"UK-2026-103962";"2026-05-05";"West";"Surat";"Yoga Mat Pro";"Sports";2;1167;"2334";"CUST-52349";"App"
"UK-2026-103489";"2026-05-19";"West";"Mumbai";"Ultrabook Air 14";"Electronics";1;30722;"30722";"CUST-79176";"App"
"UK-2026-103276";"2026-05-07";"North";"Gurugram";"Denim Jacket";"Fashion";1;2148;"2148";"CUST-65602";"App"
"UK-2026-102727";"2026-04-08";"West";"Mumbai";"Mirrorless Camera Lite";"Electronics";1;29950;"29950";"CUST-84992";"Marketplace"
"UK-2026-100090";"2026-01-27";"West";"Mumbai";"Slim Fit Jeans";"Fashion";2;1668;"3336";"CUST-61192";"Marketplace"
"UK-2026-103345";"2026-05-18";"South";"Hyderabad";"Bluetooth Speaker Mini";"Electronics";2;1564;"3128";"CUST-65426";"Website"
"UK-2026-102264";"2026-04-04";"South";"Chennai";"Leather Wallet";"Fashion";1;856;"856.00";"CUST-17159";"App"
"UK-2026-101344";"2026-02-13";"North";"Delhi";"Power Bank 20000mAh";"Electronics";1;1829;"1829";"CUST-76815";"App"
"UK-2026-102160";"2026-03-14";"North";"Delhi";"Cotton Bedsheet Set";"Home & Kitchen";1;1348;"1348";"CUST-19848";"App"
"UK-2026-103114";"2026-05-30";"Central";"Indore";"Bluetooth Speaker Mini";"Electronics";1;1491;"1491";"CUST-57660";"Website"
"UK-2026-102977";"2026-04-23";"West";"Mumbai";"Electric Kettle 1.5L";"Home & Kitchen";1;1104;"1104";"CUST-28892";"Marketplace"
"UK-2026-103346";"2026-05-20";"West";"Mumbai";"Vitamin C Serum";"Beauty";1;684;"684";"CUST-57371";"Website"
"UK-2026-104681";"2026-06-27";"Central";"Raipur";"43-inch Smart TV";"Electronics";2;26956;"53912";"CUST-44760";"Marketplace"
"UK-2026-100760";"2026-02-24";"South";"Madras";"Makeup Brush Set";"Beauty";1;1322;"1322";"CUST-76773";"App"
"UK-2026-102135";"2026-03-06";"North";"Delhi";"43-inch Smart TV";"Electronics";4;26027;"104108";"CUST-29493";"App"
"UK-2026-100664";"2026-01-16";"North";"Delhi";"Cotton Kurta Set";"Fashion";3;1266;"3798";"CUST-51080";"App"
"UK-2026-101059";"2026-02-18";"North";"GGN";"Electric Kettle 1.5L";"Home & Kitchen";1;1141;"1141";"CUST-13398";"App"
"UK-2026-101921";"2026-03-27";"West";"Mumbai";"Sunscreen SPF50";"Beauty";1;566;"566";"CUST-13180";"App"
"UK-2026-101824";"2026-03-07";"South";"Kochi";"Dinner Set 24pc";"Home & Kitchen";1;2533;"2533";"CUST-30443";"App"
"UK-2026-104073";"2026-06-11";"South";"Kochi";"Non-Stick Cookware Set";"Home & Kitchen";3;3004;"9012";"CUST-55545";"App"
"UK-2026-102138";"2026-03-25";"South";"Hyderabad";"Running Sneakers";"Fashion";1;2757;"2757";"CUST-61311";"Website"
"UK-2026-102529";"2026-04-14";"South";"Hyderabad";"Wireless Earbuds Pro";"Electronics";1;3038;"3038";"CUST-77291";"App"
"UK-2026-101402";"2026-02-21";"North";"Noida";"Silk Saree";"Fashion";1;3385;"3385";"CUST-60937";"Website"
"UK-2026-103685";"2026-05-15";"East";"Guwahati";"Power Bank 20000mAh";"Electronics";1;1852;"1852";"CUST-24043";"App"
"UK-2026-103614";"2026-05-25";"North";"Delhi";"Power Bank 20000mAh";"Electronics";1;1763;"1763";"CUST-31102";"Marketplace"
"UK-2026-100638";"2026-01-02";"North";"Chandigarh";"Air Fryer 5L";"Home & Kitchen";1;5685;"5685";"CUST-49392";"App"
"UK-2026-101538";"2026-03-09";"North";"Chandigarh";"Cycling Helmet";"Sports";1;1615;"1615";"CUST-27537";"App"
"UK-2026-101968";"2026-03-04";"North";"Delhi";"Running Sneakers";"Fashion";2;2698;"5396";"CUST-57852";"Website"
"UK-2026-104888";"2026-06-24";"South";"Kochi";"Non-Stick Cookware Set";"Home & Kitchen";2;2825;"5650";"CUST-29211";"App"
"UK-2026-100565";"2026-01-22";"West";"Mumbai";"Silk Saree";"Fashion";1;3615;"3615";"CUST-46136";"Website"
"UK-2026-103064";"2026-04-09";"West";"Mumbai";"Mirrorless Camera Lite";"Electronics";3;27812;"83436";"CUST-59096";"Website"
"UK-2026-103628";"2026-05-07";"East";"Bhubaneswar";"Mirrorless Camera Lite";"Electronics";1;29905;"29905";"CUST-23028";"Website"
"UK-2026-100651";"2026-01-19";"West";"Surat";"43-inch Smart TV";"Electronics";1;26172;"26172";"CUST-34744";"App"
"UK-2026-100340";"2026-01-11";"West";"Surat";"Running Sneakers";"Fashion";1;2905;"2905";"CUST-90671";"Website"
"UK-2026-103172";"2026-05-21";"North";"Gurugram";"Bluetooth Speaker Mini";"Electronics";2;1454;"2908";"CUST-32957";"Marketplace"
"UK-2026-102728";"2026-04-27";"South";"Chennai";"Slim Fit Jeans";"Fashion";3;1602;"4806";"CUST-22784";"Website"
"UK-2026-103918";"2026-05-12";"West";"Surat";"Ethnic Dupatta";"Fashion";2;502;"1004";"CUST-72445";"App"
"UK-2026-103667";"2026-05-25";"East";"Bhubaneswar";"Slim Fit Jeans";"Fashion";1;1571;"1571";"CUST-96093";"Marketplace"
"UK-2026-100233";"2026-01-22";"South";"Bengaluru";"Yoga Mat Pro";"Sports";1;1239;"1239";"CUST-41106";"Website"
"UK-2026-101779";"2026-03-08";"North";"Gurugram";"Power Bank 20000mAh";"Electronics";1;1887;"1887";"CUST-46496";"Website"
"UK-2026-100480";"2026-01-01";"South";"Kochi";"Denim Jacket";"Fashion";1;2120;"2120";"CUST-37949";"App"
"UK-2026-104482";"2026-06-05";"West";"Pune";"Eau de Parfum 100ml";"Beauty";1;1921;"1921";"CUST-54678";"App"
"UK-2026-100909";"2026-02-14";"West";"Ahmedabad";"Non-Stick Cookware Set";"Home & Kitchen";3;2892;"8676";"CUST-25387";"Website"
"UK-2026-104968";"2026-06-22";"North";"Noida";"Cricket Bat English Willow";"Sports";3;8904;"26712";"CUST-21207";"Marketplace"
"UK-2026-101245";"2026-02-11";"North";"Delhi";"Power Bank 20000mAh";"Electronics";3;1851;"5553";"CUST-71133";"Marketplace"
"UK-2026-101655";"2026-03-23";"South";"Bengaluru";"Dinner Set 24pc";"Home & Kitchen";1;2504;"2504";"CUST-98310";"Website"
"UK-2026-101198";"2026-02-12";"North";"Delhi";"Power Bank 20000mAh";"Electronics";1;1751;"1751";"CUST-51869";"Website"
"UK-2026-103462";"2026-05-04";"South";"Bengaluru";"Football Size 5";"Sports";1;907;"907";"CUST-55690";"App"
"UK-2026-101133";"2026-02-26";"Central";"Raipur";"Leather Wallet";"Fashion";1;855;"855";"CUST-63303";"App"
"UK-2026-101037";"2026-02-22";"Central";"Raipur";"Denim Jacket";"Fashion";1;2188;"2188";"CUST-40338";"Website"
"UK-2026-100983";"2026-02-18";"West";"Mumbai";"Electric Kettle 1.5L";"Home & Kitchen";2;1139;"2278";"CUST-59207";"Website"
"UK-2026-100258";"2026-01-19";"West";"Mumbai";"Leather Wallet";"Fashion";1;932;"932";"CUST-99560";"Website"
"UK-2026-103010";"2026-04-23";"West";"Mumbai";"Cotton Bedsheet Set";"Home & Kitchen";1;1389;"1389";"CUST-44369";"App"
"UK-2026-100465";"2026-01-08";"North";"Delhi";"Football Size 5";"Sports";2;930;"1860";"CUST-37324";"Website"
"UK-2026-100409";"2026-01-31";"North";"Chandigarh";"Modern Wall Clock";"Home & Kitchen";1;769;"769";"CUST-40083";"App"
"UK-2026-101591";"2026-03-30";"North";"Chandigarh";"Yoga Mat Pro";"Sports";1;1144;"1144";"CUST-98818";"Website"
"UK-2026-102741";"2026-04-29";"South";"Bengaluru";"43-inch Smart TV";"Electronics";1;25261;"25261";"CUST-85679";"App"
"UK-2026-101710";"2026-03-19";"South";"Kochi";"Mirrorless Camera Lite";"Electronics";1;29796;"29796";"CUST-57664";"App"
"UK-2026-103005";"2026-04-15";"East";"Patna";"43-inch Smart TV";"Electronics";2;26281;"52562";"CUST-75277";"Marketplace"
"UK-2026-103513";"2026-05-24";"South";"Kochi";"Non-Stick Cookware Set";"Home & Kitchen";1;2840;"2840";"CUST-31102";"Website"
"UK-2026-103307";"2026-05-10";"South";"Chennai";"Cotton Kurta Set";"Fashion";2;1342;"2684";"CUST-47239";"Website"
"UK-2026-101460";"2026-03-30";"South";"Hyderabad";"Adjustable Dumbbells 15kg";"Sports";2;5017;"10034";"CUST-49499";"App"
"UK-2026-103611";"2026-05-03";"Central";"Indore";"Noise-Cancelling Headphones";"Electronics";1;8628;"8628";"CUST-91534";"Marketplace"
"UK-2026-103393";"2026-05-23";"West";"Bombay";"Badminton Racket Set";"Sports";1;2595;"2595";"CUST-76638";"App"
"UK-2026-102371";"2026-04-07";"West";"Mumbai";"Cotton Kurta Set";"Fashion";2;1326;"2652";"CUST-81517";"Marketplace"
"UK-2026-103527";"2026-05-09";"South";"Kochi";"Bluetooth Speaker Mini";"Electronics";1;1565;"1565";"CUST-85247";"App"
"UK-2026-100034";"2026-01-24";"West";"Ahmedabad";"Makeup Brush Set";"Beauty";1;1359;"1359";"CUST-39244";"Marketplace"
"UK-2026-100566";"2026-01-01";"South";"Kochi";"Eau de Parfum 100ml";"Beauty";1;2024;"2024";"CUST-24043";"App"
"UK-2026-103289";"2026-05-10";"East";"Bhubaneswar";"Electric Kettle 1.5L";"Home & Kitchen";1;1135;"1135";"CUST-48383";"App"
"UK-2026-102853";"2026-04-22";"North";"Delhi";"Wireless Earbuds Pro";"Electronics";2;2993;"5986";"CUST-15449";"Website"
"UK-2026-101371";"2026-02-15";"Central";"Bhopal";"Cotton Bedsheet Set";"Home & Kitchen";1;1355;"1355";"CUST-70991";"Website"
"UK-2026-104934";"2026-06-07";"South";"Hyderabad";"Face Wash Combo";"Beauty";3;455;"1365";"CUST-87326";"Website"
"UK-2026-103155";"2026-05-31";"South";"Kochi";"Yoga Mat Pro";"Sports";2;1211;"2422";"CUST-92633";"Marketplace"
"UK-2026-103517";"2026-05-10";"North";"Chandigarh";"Running Sneakers";"Fashion";3;2700;"8100";"CUST-23200";"Website"
"UK-2026-101623";"2026-03-16";"North";"Delhi";"43-inch Smart TV";"Electronics";1;25782;"25782";"CUST-30073";"Marketplace"
"UK-2026-104603";"2026-06-30";"West";"Surat";"Running Sneakers";"Fashion";1;2883;"2883";"CUST-95597";"Marketplace"
"UK-2026-102947";"2026-04-17";"North";"Chandigarh";"Power Bank 20000mAh";"Electronics";1;1832;"1832";"CUST-35059";"Marketplace"
"UK-2026-101476";"2026-03-16";"West";"Pune";"Modern Wall Clock";"Home & Kitchen";1;828;"828";"CUST-61909";"Marketplace"
"UK-2026-103569";"2026-05-05";"South";"Bengaluru";"Electric Kettle 1.5L";"Home & Kitchen";3;1109;"3327";"CUST-21536";"Website"
"UK-2026-102238";"2026-03-20";"West";"Surat";"Badminton Racket Set";"Sports";1;2506;"2506";"CUST-51390";"App"
"UK-2026-101868";"2026-03-18";"East";"Guwahati";"Bluetooth Speaker Mini";"Electronics";1;1546;"1546";"CUST-47684";"App"
"UK-2026-103555";"2026-05-19";"South";"Chennai";"Eau de Parfum 100ml";"Beauty";2;2048;"4096";"CUST-62310";"App"
"UK-2026-102013";"2026-03-19";"East";"Patna";"Ethnic Dupatta";"Fashion";1;485;"485";"CUST-67937";"Website"
"UK-2026-100303";"2026-01-29";"South";"Chennai";"Gym Gloves";"Sports";2;522;"1044";"CUST-41455";"Website"
"UK-2026-104089";"2026-06-19";"East";"Patna";"Gym Gloves";"Sports";1;478;"478";"CUST-12447";"Marketplace"
"UK-2026-104412";"2026-06-05";"South";"Kochi";"Noise-Cancelling Headphones";"Electronics";1;8714;"8714";"CUST-43801";"Website"
"UK-2026-101114";"2026-02-14";"North";"Chandigarh";"Football Size 5";"Sports";1;897;"897";"CUST-16698";"Website"
"UK-2026-100219";"2026-01-24";"North";"New Delhi";"Running Sneakers";"Fashion";1;2912;"2912";"CUST-57270";"Website"
"UK-2026-100218";"2026-01-23";"East";"Kolkata";"Modern Wall Clock";"Home & Kitchen";1;791;"791";"CUST-45549";"App"
"UK-2026-101525";"2026-03-30";"South";"Kochi";"Power Bank 20000mAh";"Electronics";4;1759;"7036";"CUST-71692";"Marketplace"
"UK-2026-103680";"2026-05-25";"South";"Hyderabad";"Badminton Racket Set";"Sports";1;2542;"2542";"CUST-44429";"Website"
"UK-2026-103867";"2026-05-23";"North";"Delhi";"Silk Saree";"Fashion";2;3570;"7140";"CUST-85383";"Website"
"UK-2026-102777";"2026-04-19";"North";"Noida";"Football Size 5";"Sports";1;906;"906";"CUST-14585";"Website"
"UK-2026-101474";"2026-03-09";"East";"Bhubaneswar";"Ethnic Dupatta";"Fashion";2;492;"984";"CUST-85916";"Website"
"UK-2026-103514";"2026-05-29";"East";"Kolkata";"Mixer Grinder 750W";"Home & Kitchen";1;3196;"3196";"CUST-81638";"App"
"UK-2026-101913";"2026-03-31";"Central";"Bhopal";"Makeup Brush Set";"Beauty";1;1341;"1341";"CUST-93688";"Marketplace"
"UK-2026-104464";"2026-06-18";"West";"Mumbai";"Bluetooth Speaker Mini";"Electronics";1;1449;"1449";"CUST-25900";"Marketplace"
"UK-2026-100394";"2026-01-11";"South";"Chennai";"Foldable Treadmill T2";"Sports";2;25788;"51576";"CUST-61391";"Website"
"UK-2026-104001";"2026-05-10";"West";"Pune";"Eau de Parfum 100ml";"Beauty";1;1901;"1901";"CUST-32061";"App"
"UK-2026-103945";"2026-05-18";"West";"Ahmedabad";"Bluetooth Speaker Mini";"Electronics";1;1524;"1524";"CUST-27705";"App"
"UK-2026-102823";"2026-04-01";"North";"Noida";"Mirrorless Camera Lite";"Electronics";1;28402;"28402";"CUST-17668";"Website"
"UK-2026-101625";"2026-03-07";"South";"Bengaluru";"Ultrabook Air 14";"Electronics";1;29577;"29577";"CUST-59820";"Marketplace"
"UK-2026-102623";"2026-04-02";"South";"Bengaluru";"43-inch Smart TV";"Electronics";2;25929;"51858";"CUST-66571";"Website"
"UK-2026-102147";"2026-03-15";"South";"Hyderabad";"Air Fryer 5L";"Home & Kitchen";2;5436;"10872";"CUST-31794";"App"
"UK-2026-102517";"2026-04-26";"South";"Cochin";"Power Bank 20000mAh";"Electronics";1;1812;"1812";"CUST-85680";"App"
"UK-2026-102799";"2026-04-30";"East";"Patna";"Power Bank 20000mAh";"Electronics";1;1863;"1863";"CUST-67196";"Website"
"UK-2026-100402";"2026-01-01";"West";"Surat";"Noise-Cancelling Headphones";"Electronics";1;8970;"8970";"CUST-58436";"Marketplace"
"UK-2026-103718";"2026-05-20";"North";"Delhi";"Eau de Parfum 100ml";"Beauty";2;1971;"3942";"CUST-81709";"Website"
"UK-2026-100635";"2026-01-05";"North";"New Delhi";"Modern Wall Clock";"Home & Kitchen";1;765;"765";"CUST-62732";"Website"
"UK-2026-103907";"2026-05-29";"West";"Surat";"Leather Wallet";"Fashion";1;871;"871";"CUST-53394";"Website"
"UK-2026-101735";"2026-03-27";"South";"Bengaluru";"Modern Wall Clock";"Home & Kitchen";1;834;"834";"CUST-12877";"Website"
"UK-2026-104155";"2026-06-28";"Central";"Bhopal";"Modern Wall Clock";"Home & Kitchen";1;794;"794";"CUST-12346";"App"
"UK-2026-101644";"2026-03-31";"West";"Surat";"Beard Grooming Kit";"Beauty";1;1005;"1005";"CUST-26962";"Website"
"UK-2026-100442";"2026-01-10";"South";"Hyderabad";"Cotton Kurta Set";"Fashion";1;1349;"1349";"CUST-31093";"Website"
"UK-2026-103299";"2026-05-08";"South";"Hyderabad";"Modern Wall Clock";"Home & Kitchen";1;763;"763";"CUST-77291";"Marketplace"
"UK-2026-104794";"2026-06-06";"North";"Noida";"Running Sneakers";"Fashion";2;2855;"5710";"CUST-89348";"App"
"UK-2026-104878";"2026-06-23";"North";"Delhi";"Smart Watch X2";"Electronics";1;4543;"4543";"CUST-65535";"Marketplace"
"UK-2026-101810";"2026-03-13";"South";"Chennai";"Makeup Brush Set";"Beauty";1;1334;"1334";"CUST-48113";"Marketplace"
"UK-2026-102968";"2026-04-29";"North";"Delhi";"Makeup Brush Set";"Beauty";2;1238;"2476";"CUST-35059";"Website"
"UK-2026-100813";"2026-02-02";"Central";"Nagpur";"Air Fryer 5L";"Home & Kitchen";1;5254;"5254";"CUST-87848";"Website"
"UK-2026-101907";"2026-03-21";"South";"Chennai";"Formal Shirt";"Fashion";1;1094;"1094";"CUST-47640";"App"
"UK-2026-101840";"2026-03-07";"East";"Bhubaneswar";"Dinner Set 24pc";"Home & Kitchen";1;2474;"2474";"CUST-73669";"Website"
"UK-2026-100872";"2026-02-06";"South";"Bengaluru";"Adjustable Dumbbells 15kg";"Sports";2;4908;"9816";"CUST-36815";"Website"
"UK-2026-101545";"2026-03-28";"North";"Delhi";"Air Fryer 5L";"Home & Kitchen";1;5700;"5700.00";"CUST-20511";"App"
"UK-2026-101820";"2026-03-06";"South";"Bengaluru";"Slim Fit Jeans";"Fashion";4;1569;"6276";"CUST-56127";"Website"
"UK-2026-104645";"2026-06-13";"West";"Ahmedabad";"Leather Wallet";"Fashion";1;881;"881";"CUST-36448";"App"
"UK-2026-102274";"2026-04-26";"East";"Patna";"Mixer Grinder 750W";"Home & Kitchen";1;3288;"3288";"CUST-73685";"App"
"UK-2026-103170";"2026-05-15";"South";"Chennai";"Noise-Cancelling Headphones";"Electronics";1;9206;"9206";"CUST-33086";"App"
"UK-2026-100788";"2026-02-15";"East";"Guwahati";"Adjustable Dumbbells 15kg";"Sports";2;4964;"9928";"CUST-83724";"App"
"UK-2026-101045";"2026-02-24";"Central";"Raipur";"Ultrabook Air 14";"Electronics";1;30369;"30369";"CUST-24236";"Website"
"UK-2026-100624";"2026-01-04";"East";"Kolkata";"Slim Fit Jeans";"Fashion";1;1571;"1571";"CUST-46444";"Website"
"UK-2026-102725";"2026-04-27";"North";"Delhi";"Smart Watch X2";"Electronics";2;4458;"8916";"CUST-68079";"Marketplace"
"UK-2026-104919";"2026-06-03";"South";"Chennai";"Wireless Earbuds Pro";"Electronics";2;3039;"6078";"CUST-34744";"App"
"UK-2026-102427";"2026-04-17";"West";"Ahmedabad";"Mixer Grinder 750W";"Home & Kitchen";3;3409;"10227";"CUST-48893";"App"
"UK-2026-101267";"2026-02-01";"South";"Bengaluru";"Noise-Cancelling Headphones";"Electronics";3;9414;"28242";"CUST-92390";"App"
"UK-2026-100881";"2026-02-17";"Central";"Bhopal";"Noise-Cancelling Headphones";"Electronics";2;9003;"18006";"CUST-95592";"Website"
"UK-2026-101659";"2026-03-02";"North";"Noida";"Air Fryer 5L";"Home & Kitchen";1;5454;"5454";"CUST-71533";"App"
"UK-2026-100114";"2026-01-10";"West";"Pune";"Matte Lipstick Set";"Beauty";1;891;"891";"CUST-81108";"Marketplace"
"UK-2026-103660";"2026-05-13";"East";"Kolkata";"Bluetooth Speaker Mini";"Electronics";1;1543;"1543";"CUST-98818";"App"
"UK-2026-103364";"2026-05-24";"West";"Ahmedabad";"Dinner Set 24pc";"Home & Kitchen";1;2529;"2529";"CUST-99560";"Website"
"UK-2026-102830";"2026-04-06";"East";"Bhubaneswar";"Gym Gloves";"Sports";1;479;"479";"CUST-66585";"App"
"UK-2026-101631";"2026-03-18";"East";"Bhubaneswar";"Leather Wallet";"Fashion";2;873;"1746";"CUST-17210";"Website"
"UK-2026-104470";"2026-06-29";"West";"Mumbai";"Running Sneakers";"Fashion";2;2781;"5562";"CUST-95592";"App"
"UK-2026-103125";"2026-05-05";"North";"Delhi";"Ultrabook Air 14";"Electronics";1;30702;"30702";"CUST-49105";"Marketplace"
"UK-2026-102335";"2026-04-26";"West";"Surat";"Power Bank 20000mAh";"Electronics";1;1833;"1833";"CUST-56037";"Website"
"UK-2026-101143";"2026-02-15";"Central";"Raipur";"Sunscreen SPF50";"Beauty";1;573;"573";"CUST-66803";"App"
"UK-2026-103376";"2026-05-07";"East";"Guwahati";"Badminton Racket Set";"Sports";1;2397;"2397";"CUST-55167";"Marketplace"
"UK-2026-103942";"2026-05-15";"Central";"Bhopal";"Power Bank 20000mAh";"Electronics";1;1846;"1846";"CUST-15580";"Marketplace"
"UK-2026-103780";"2026-05-04";"South";"Kochi";"Electric Kettle 1.5L";"Home & Kitchen";2;1056;"2112.00";"CUST-59967";"Website"
"UK-2026-101199";"2026-02-03";"Central";"Bhopal";"Formal Shirt";"Fashion";1;1051;"1051";"CUST-61801";"App"
"UK-2026-104658";"2026-06-26";"South";"Hyderabad";"Beard Grooming Kit";"Beauty";2;1037;"2074";"CUST-28892";"Website"
"UK-2026-103803";"2026-05-02";"West";"Pune";"Denim Jacket";"Fashion";1;2131;"2131";"CUST-20769";"Website"
"UK-2026-102454";"2026-04-30";"East";"Bhubaneswar";"Modern Wall Clock";"Home & Kitchen";1;830;"830";"CUST-87272";"App"
"UK-2026-101349";"2026-02-01";"South";"Bengaluru";"Denim Jacket";"Fashion";4;2091;"8364";"CUST-62284";"App"
"UK-2026-100365";"2026-01-28";"West";"Surat";"Modern Wall Clock";"Home & Kitchen";1;766;"766";"CUST-53394";"Marketplace"
"UK-2026-103785";"2026-05-11";"East";"Kolkata";"Adjustable Dumbbells 15kg";"Sports";1;4800;"4800";"CUST-80006";"App"
"UK-2026-100853";"2026-02-13";"South";"Cochin";"Running Sneakers";"Fashion";1;2814;"2814";"CUST-55421";"App"
"UK-2026-103100";"2026-05-11";"South";"Kochi";"Mixer Grinder 750W";"Home & Kitchen";2;3318;"6636";"CUST-49105";"Website"
"UK-2026-100713";"2026-01-28";"North";"Gurugram";"Makeup Brush Set";"Beauty";2;1307;"2614";"CUST-94172";"Website"
"UK-2026-100982";"2026-02-24";"East";"Kolkata";"Running Sneakers";"Fashion";1;2897;"2897";"CUST-50872";"App"
"UK-2026-100498";"2026-01-31";"East";"Guwahati";"Dinner Set 24pc";"Home & Kitchen";1;2537;"2537";"CUST-65534";"Website"
"UK-2026-102737";"2026-04-25";"South";"Kochi";"Adjustable Dumbbells 15kg";"Sports";2;5220;"10440";"CUST-62845";"App"
"UK-2026-102684";"2026-04-08";"West";"Pune";"Silk Saree";"Fashion";1;3483;"3483";"CUST-17533";"Marketplace"
"UK-2026-104507";"2026-06-13";"North";"Noida";"Noise-Cancelling Headphones";"Electronics";1;9176;"9176";"CUST-49139";"App"
"UK-2026-101550";"2026-03-20";"West";"Surat";"Mirrorless Camera Lite";"Electronics";1;29781;"29781";"CUST-51080";"Website"
"UK-2026-100520";"2026-01-06";"East";"Kolkata";"Sunscreen SPF50";"Beauty";1;526;"526";"CUST-27938";"App"
"UK-2026-100123";"2026-01-05";"North";"GGN";"Wireless Earbuds Pro";"Electronics";4;2853;"11412";"CUST-67959";"App"
"UK-2026-102483";"2026-04-22";"South";"Chennai";"43-inch Smart TV";"Electronics";1;26015;"26015";"CUST-10567";"App"
"UK-2026-102848";"2026-04-24";"South";"Bengaluru";"Silk Saree";"Fashion";1;3671;"3671";"CUST-66428";"Website"
"UK-2026-102088";"2026-03-06";"East";"Patna";"Cycling Helmet";"Sports";2;1606;"3212";"CUST-21707";"Website"
"UK-2026-101131";"2026-02-22";"North";"Delhi";"Robot Vacuum R7";"Home & Kitchen";1;19073;"19073";"CUST-71217";"Website"
"UK-2026-103148";"2026-05-13";"South";"Kochi";"Cycling Helmet";"Sports";1;1585;"1585";"CUST-62925";"App"
"UK-2026-103618";"2026-05-18";"West";"Pune";"Formal Shirt";"Fashion";2;1113;"2226";"CUST-47482";"App"
"UK-2026-100859";"2026-02-26";"South";"Bengaluru";"Power Bank 20000mAh";"Electronics";2;1802;"3604";"CUST-16147";"Website"
"UK-2026-102591";"2026-04-09";"South";"Bangalore";"Bluetooth Speaker Mini";"Electronics";1;1533;"1533";"CUST-69685";"App"
"UK-2026-103817";"2026-05-10";"West";"Surat";"Wireless Earbuds Pro";"Electronics";2;2893;"5786";"CUST-79230";"Website"
"UK-2026-101328";"2026-02-20";"North";"Gurugram";"43-inch Smart TV";"Electronics";1;24761;"24761";"CUST-76409";"Website"
"UK-2026-103627";"2026-05-16";"South";"Bengaluru";"Gym Gloves";"Sports";1;521;"521";"CUST-84595";"Marketplace"
"UK-2026-104329";"2026-06-30";"Central";"Indore";"Bluetooth Speaker Mini";"Electronics";2;1562;"3124";"CUST-85887";"Marketplace"
"UK-2026-102451";"2026-04-11";"South";"Cochin";"Cricket Bat English Willow";"Sports";1;9000;"9000";"CUST-44433";"Website"
"UK-2026-101635";"2026-03-29";"West";"Surat";"Power Bank 20000mAh";"Electronics";1;1732;"1732";"CUST-24227";"Marketplace"
"UK-2026-104886";"2026-06-04";"North";"Gurugram";"Ionic Hair Dryer";"Beauty";1;1881;"1881";"CUST-38961";"App"
"UK-2026-101822";"2026-03-31";"Central";"Bhopal";"Cotton Kurta Set";"Fashion";1;1362;"1362";"CUST-10255";"App"
"UK-2026-100009";"2026-01-09";"South";"Hyderabad";"Silk Saree";"Fashion";1;3664;"3664";"CUST-19494";"App"
"UK-2026-102834";"2026-04-29";"North";"Noida";"Silk Saree";"Fashion";1;3500;"3500";"CUST-67786";"Website"
"UK-2026-104496";"2026-06-19";"South";"Chennai";"Slim Fit Jeans";"Fashion";1;1612;"1612";"CUST-76745";"App"
"UK-2026-102200";"2026-03-20";"North";"Noida";"Modern Wall Clock";"Home & Kitchen";1;836;"836";"CUST-89195";"App"
"UK-2026-102217";"2026-03-06";"South";"Hyderabad";"Formal Shirt";"Fashion";1;1050;"1050";"CUST-46035";"Website"
"UK-2026-104952";"2026-06-16";"West";"Ahmedabad";"Makeup Brush Set";"Beauty";1;1336;"1336";"CUST-20748";"App"
"UK-2026-101870";"2026-03-20";"West";"Surat";"Dinner Set 24pc";"Home & Kitchen";2;2544;"5088";"CUST-39186";"Website"
"UK-2026-101853";"2026-03-12";"West";"Mumbai";"Wireless Earbuds Pro";"Electronics";1;2956;"2956";"CUST-50824";"App"
"UK-2026-103507";"2026-05-20";"South";"Hyderabad";"Noise-Cancelling Headphones";"Electronics";1;8684;"8684";"CUST-13180";"App"
"UK-2026-103195";"2026-05-08";"North";"Gurugram";"Badminton Racket Set";"Sports";2;2593;"5186";"CUST-40432";"App"
"UK-2026-100049";"2026-01-16";"North";"Chandigarh";"Ultrabook Air 14";"Electronics";1;29871;"29871";"CUST-75360";"App"
"UK-2026-102387";"2026-04-09";"South";"Kochi";"Ionic Hair Dryer";"Beauty";1;1958;"1958";"CUST-53026";"App"
"UK-2026-103111";"2026-05-07";"South";"Kochi";"Silk Saree";"Fashion";1;3357;"3357";"CUST-30133";"Marketplace"
"UK-2026-100874";"2026-02-17";"North";"Delhi";"Matte Lipstick Set";"Beauty";1;861;"861";"CUST-28892";"App"
"UK-2026-102840";"2026-04-02";"East";"Kolkata";"Yoga Mat Pro";"Sports";1;1231;"1231";"CUST-49133";"Website"
"UK-2026-104054";"2026-06-20";"South";"Chennai";"Slim Fit Jeans";"Fashion";2;1613;"3226";"CUST-60367";"App"
"UK-2026-104561";"2026-06-20";"South";"Bengaluru";"Noise-Cancelling Headphones";"Electronics";2;8778;"17556";"CUST-93733";"Website"
"UK-2026-100342";"2026-01-19";"West";"Surat";"Badminton Racket Set";"Sports";2;2565;"5130";"CUST-65379";"Marketplace"
"UK-2026-103958";"2026-05-12";"West";"Surat";"Sunscreen SPF50";"Beauty";2;527;"1054";"CUST-29756";"App"
"UK-2026-103426";"2026-05-01";"Central";"Raipur";"Foldable Treadmill T2";"Sports";1;25109;"25109";"CUST-40273";"Website"
"UK-2026-101748";"2026-03-24";"East";"Patna";"Beard Grooming Kit";"Beauty";2;1032;"2064";"CUST-25637";"Website"
"UK-2026-104018";"2026-05-01";"South";"Hyderabad";"Cotton Bedsheet Set";"Home & Kitchen";1;1455;"1455";"CUST-56127";"App"
"UK-2026-103701";"2026-05-25";"South";"Chennai";"Leather Wallet";"Fashion";2;864;"1728";"CUST-60710";"App"
"UK-2026-102133";"2026-03-10";"North";"Delhi";"Mixer Grinder 750W";"Home & Kitchen";1;3188;"3188";"CUST-36399";"App"
"UK-2026-104510";"2026-06-01";"South";"Hyderabad";"Modern Wall Clock";"Home & Kitchen";1;824;"824";"CUST-34669";"App"
"UK-2026-100938";"2026-02-20";"East";"Kolkata";"Ethnic Dupatta";"Fashion";1;479;"479";"CUST-82821";"App"
"UK-2026-104506";"2026-06-12";"Central";"Nagpur";"43-inch Smart TV";"Electronics";2;25653;"51306";"CUST-45221";"App"
"UK-2026-103133";"2026-05-29";"West";"Pune";"Ethnic Dupatta";"Fashion";1;500;"500";"CUST-39190";"App"
"UK-2026-102380";"2026-04-23";"South";"Chennai";"Running Sneakers";"Fashion";3;2746;"8238";"CUST-49664";"Website"
"UK-2026-103982";"2026-05-14";"South";"Kochi";"Smart Watch X2";"Electronics";1;4399;"4399";"CUST-67689";"App"
"UK-2026-102341";"2026-04-10";"South";"Kochi";"43-inch Smart TV";"Electronics";1;27174;"27174";"CUST-33252";"Marketplace"
"UK-2026-102120";"2026-03-31";"West";"Mumbai";"Bluetooth Speaker Mini";"Electronics";1;1494;"1494";"CUST-31093";"Marketplace"
"UK-2026-101806";"2026-03-10";"West";"Ahmedabad";"Beard Grooming Kit";"Beauty";1;975;"975";"CUST-79905";"Website"
"UK-2026-102738";"2026-04-25";"South";"Chennai";"Formal Shirt";"Fashion";1;1092;"1092";"CUST-81432";"Website"
"UK-2026-103129";"2026-05-13";"Central";"Nagpur";"Cricket Bat English Willow";"Sports";1;9013;"9013";"CUST-60926";"App"
"UK-2026-101391";"2026-02-23";"South";"Hyderabad";"Air Fryer 5L";"Home & Kitchen";2;5383;"10766";"CUST-49028";"Website"
"UK-2026-102722";"2026-04-30";"Central";"Bhopal";"Badminton Racket Set";"Sports";1;2448;"2448";"CUST-56904";"App"
"UK-2026-102553";"2026-04-19";"South";"Kochi";"Formal Shirt";"Fashion";1;1056;"1056";"CUST-80701";"App"
"UK-2026-104892";"2026-06-12";"North";"Gurugram";"Ethnic Dupatta";"Fashion";3;496;"1488";"CUST-49103";"App"
"UK-2026-100511";"2026-01-16";"East";"Kolkata";"Air Fryer 5L";"Home & Kitchen";1;5507;"5507";"CUST-56481";"App"
"UK-2026-103625";"2026-05-22";"North";"Noida";"Silk Saree";"Fashion";2;3450;"6900";"CUST-28807";"App"
"UK-2026-102432";"2026-04-05";"South";"Chennai";"Running Sneakers";"Fashion";2;2920;"5840";"CUST-35279";"Marketplace"
"UK-2026-104897";"2026-06-02";"North";"Delhi";"Ethnic Dupatta";"Fashion";2;504;"1008";"CUST-43543";"App"
"UK-2026-100061";"2026-01-31";"West";"Pune";"Denim Jacket";"Fashion";1;2220;"2220";"CUST-11384";"App"
"UK-2026-104331";"2026-06-21";"North";"Gurgaon";"Denim Jacket";"Fashion";1;2211;"2211";"CUST-50122";"Website"
"UK-2026-100028";"2026-01-25";"West";"Mumbai";"Power Bank 20000mAh";"Electronics";2;1773;"3546";"CUST-52703";"App"
"UK-2026-101069";"2026-02-23";"West";"Ahmedabad";"Adjustable Dumbbells 15kg";"Sports";1;4786;"4786";"CUST-36402";"App"
"UK-2026-101611";"2026-03-25";"South";"Kochi";"Leather Wallet";"Fashion";3;927;"2781";"CUST-36132";"App"
"UK-2026-101237";"2026-02-05";"South";"Bengaluru";"Badminton Racket Set";"Sports";1;2501;"2501";"CUST-71217";"Website"
"UK-2026-104179";"2026-06-27";"West";"Mumbai";"Dinner Set 24pc";"Home & Kitchen";1;2446;"2446";"CUST-14111";"App"
"UK-2026-104038";"2026-06-27";"South";"Bengaluru";"Robot Vacuum R7";"Home & Kitchen";1;19713;"19713";"CUST-69409";"Website"
"UK-2026-101380";"2026-02-23";"South";"Bengaluru";"Adjustable Dumbbells 15kg";"Sports";1;4800;"4800";"CUST-22989";"Marketplace"
"UK-2026-102245";"2026-04-23";"East";"Bhubaneswar";"Bluetooth Speaker Mini";"Electronics";1;1424;"1424";"CUST-39808";"Marketplace"
"UK-2026-100030";"2026-01-05";"East";"Guwahati";"Power Bank 20000mAh";"Electronics";2;1768;"3536";"CUST-85457";"App"
"UK-2026-101983";"2026-03-23";"South";"Kochi";"Electric Kettle 1.5L";"Home & Kitchen";1;1102;"1102";"CUST-33628";"App"
"UK-2026-102627";"2026-04-28";"South";"Kochi";"Cotton Bedsheet Set";"Home & Kitchen";2;1400;"2800";"CUST-54625";"App"
"UK-2026-101212";"2026-02-04";"Central";"Nagpur";"Adjustable Dumbbells 15kg";"Sports";2;5170;"10340";"CUST-66428";"Website"
"UK-2026-101828";"2026-03-05";"West";"Ahmedabad";"Robot Vacuum R7";"Home & Kitchen";1;19837;"19837";"CUST-81387";"App"
"UK-2026-104047";"2026-06-30";"South";"Hyderabad";"Robot Vacuum R7";"Home & Kitchen";2;19336;"38672";"CUST-52100";"Marketplace"
"UK-2026-103350";"2026-05-14";"North";"Delhi";"Noise-Cancelling Headphones";"Electronics";1;9088;"9088";"CUST-40473";"Marketplace"
"UK-2026-100248";"2026-01-27";"East";"Kolkata";"Cotton Kurta Set";"Fashion";1;1256;"1256";"CUST-48539";"App"
"UK-2026-103741";"2026-05-08";"North";"Gurugram";"Dinner Set 24pc";"Home & Kitchen";1;2579;"2579";"CUST-88807";"Marketplace"
"UK-2026-103437";"2026-05-10";"West";"Ahmedabad";"Football Size 5";"Sports";2;901;"1802";"CUST-12568";"Website"
"UK-2026-100814";"2026-02-08";"Central";"Indore";"Ultrabook Air 14";"Electronics";2;30576;"61152";"CUST-61336";"App"
"UK-2026-102176";"2026-03-07";"Central";"Indore";"Ultrabook Air 14";"Electronics";1;30308;"30308";"CUST-71610";"App"
"UK-2026-101138";"2026-02-15";"South";"Bengaluru";"Robot Vacuum R7";"Home & Kitchen";1;18426;"18426";"CUST-12995";"App"
"UK-2026-100953";"2026-02-16";"North";"Chandigarh";"Slim Fit Jeans";"Fashion";1;1659;"1659";"CUST-54168";"Website"
"UK-2026-100453";"2026-01-30";"South";"Chennai";"Silk Saree";"Fashion";1;3622;"3622";"CUST-28596";"Marketplace"
"UK-2026-103279";"2026-05-14";"South";"BLR";"43-inch Smart TV";"Electronics";1;25556;"25556";"CUST-13109";"Website"
"UK-2026-104140";"2026-06-23";"West";"Mumbai";"Air Fryer 5L";"Home & Kitchen";2;5629;"11258";"CUST-78079";"Website"
"UK-2026-100704";"2026-01-20";"West";"Mumbai";"Vitamin C Serum";"Beauty";1;730;"730";"CUST-52100";"App"
"UK-2026-101229";"2026-02-08";"West";"Mumbai";"Mixer Grinder 750W";"Home & Kitchen";1;3237;"3237";"CUST-90951";"App"
"UK-2026-100035";"2026-01-07";"West";"Ahmedabad";"Matte Lipstick Set";"Beauty";2;878;"1756";"CUST-18730";"Website"
"UK-2026-103841";"2026-05-03";"South";"Bengaluru";"43-inch Smart TV";"Electronics";1;25863;"25863";"CUST-16792";"Marketplace"
"UK-2026-104776";"2026-06-29";"North";"Noida";"Eau de Parfum 100ml";"Beauty";1;2076;"2076";"CUST-31242";"Website"
"UK-2026-100819";"2026-02-21";"East";"Bhubaneswar";"Mixer Grinder 750W";"Home & Kitchen";1;3429;"3429";"CUST-47003";"Website"
"UK-2026-102347";"2026-04-11";"South";"Kochi";"Smart Watch X2";"Electronics";2;4699;"9398";"CUST-63553";"Website"
"UK-2026-100484";"2026-01-13";"West";"Pune";"Slim Fit Jeans";"Fashion";2;1575;"3150";"CUST-93327";"App"
"UK-2026-104069";"2026-06-08";"North";"Chandigarh";"Ultrabook Air 14";"Electronics";1;30106;"30106";"CUST-36150";"App"
"UK-2026-102484";"2026-04-28";"South";"Bengaluru";"Robot Vacuum R7";"Home & Kitchen";2;19030;"38060";"CUST-13354";"App"
"UK-2026-101817";"2026-03-11";"South";"Chennai";"Mirrorless Camera Lite";"Electronics";1;28598;"28598";"CUST-68825";"App"
"UK-2026-104306";"2026-06-11";"West";"Surat";"Mirrorless Camera Lite";"Electronics";1;28759;"28759";"CUST-19257";"Marketplace"
"UK-2026-104544";"2026-06-13";"South";"Bengaluru";"Ethnic Dupatta";"Fashion";1;483;"483";"CUST-84935";"Marketplace"
"UK-2026-103872";"2026-05-20";"North";"Noida";"Modern Wall Clock";"Home & Kitchen";2;836;"1672";"CUST-73054";"App"
"UK-2026-103570";"2026-05-05";"North";"Noida";"Modern Wall Clock";"Home & Kitchen";4;835;"3340";"CUST-43614";"App"
"UK-2026-104874";"2026-06-25";"South";"Kochi";"Gym Gloves";"Sports";1;513;"513";"CUST-16142";"Marketplace"
"UK-2026-100542";"2026-01-01";"East";"Guwahati";"Electric Kettle 1.5L";"Home & Kitchen";1;1057;"1057";"CUST-49714";"Website"
"UK-2026-102934";"2026-04-11";"South";"Chennai";"Silk Saree";"Fashion";1;3615;"3615";"CUST-59820";"App"
"UK-2026-104236";"2026-06-24";"South";"Chennai";"Robot Vacuum R7";"Home & Kitchen";2;18585;"37170";"CUST-17116";"App"
"UK-2026-102991";"2026-04-28";"North";"Noida";"Cricket Bat English Willow";"Sports";2;8777;"17554";"CUST-67809";"App"
"UK-2026-104959";"2026-06-03";"South";"KOCHI";"Mirrorless Camera Lite";"Electronics";1;29251;"29251";"CUST-79446";"Website"
"UK-2026-104079";"2026-06-14";"North";"Delhi";"43-inch Smart TV";"Electronics";1;24953;"24953";"CUST-89486";"App"
"UK-2026-104121";"2026-06-13";"South";"Chennai";"Robot Vacuum R7";"Home & Kitchen";2;19128;"38256";"CUST-78448";"App"
"UK-2026-101289";"2026-02-25";"East";"Patna";"Beard Grooming Kit";"Beauty";1;1013;"1013";"CUST-51641";"Website"
"UK-2026-102272";"2026-04-08";"South";"Kochi";"Ultrabook Air 14";"Electronics";1;29131;"29131";"CUST-14211";"Marketplace"
"UK-2026-104246";"2026-06-29";"South";"Bengaluru";"Air Fryer 5L";"Home & Kitchen";1;5733;"5733";"CUST-90385";"App"
"UK-2026-101347";"2026-02-03";"East";"Kolkata";"Beard Grooming Kit";"Beauty";1;985;"985";"CUST-78699";"App"
"UK-2026-102791";"2026-04-01";"South";"Chennai";"Cycling Helmet";"Sports";1;1628;"1628";"CUST-48893";"Marketplace"
"UK-2026-103128";"2026-05-08";"Central";"Raipur";"Mirrorless Camera Lite";"Electronics";1;28735;"28735";"CUST-21821";"Marketplace"
"UK-2026-102111";"2026-03-11";"East";"Guwahati";"Power Bank 20000mAh";"Electronics";1;1850;"1850";"CUST-90594";"Marketplace"
"UK-2026-104475";"2026-06-19";"East";"Kolkata";"Power Bank 20000mAh";"Electronics";1;1846;"1846";"CUST-70441";"Website"
"UK-2026-102304";"2026-04-10";"West";"Pune";"Yoga Mat Pro";"Sports";3;1182;"3546";"CUST-71609";"App"
"UK-2026-101789";"2026-03-25";"West";"Surat";"Makeup Brush Set";"Beauty";3;1284;"3852";"CUST-44754";"App"
"UK-2026-100949";"2026-02-22";"East";"Patna";"Air Fryer 5L";"Home & Kitchen";1;5308;"5308";"CUST-23348";"App"
"UK-2026-102358";"2026-04-01";"North";"Chandigarh";"Mixer Grinder 750W";"Home & Kitchen";1;3346;"3346";"CUST-23028";"App"
"UK-2026-104214";"2026-06-15";"East";"Patna";"Noise-Cancelling Headphones";"Electronics";1;8556;"8556";"CUST-46435";"Marketplace"
"UK-2026-104975";"2026-06-16";"Central";"Raipur";"Noise-Cancelling Headphones";"Electronics";1;9175;"9175";"CUST-14400";"App"
"UK-2026-103665";"2026-05-17";"West";"Mumbai";"Vitamin C Serum";"Beauty";2;695;"1390";"CUST-96182";"App"
"UK-2026-100898";"2026-02-11";"West";"Surat";"NOISE-CANCELLING HEADPHONES";"Electronics";1;9183;"9183";"CUST-96599";"Marketplace"
"UK-2026-103080";"2026-04-10";"Central";"Indore";"43-inch Smart TV";"Electronics";2;27252;"54504";"CUST-67579";"Marketplace"
"UK-2026-102747";"2026-04-16";"West";"Surat";"Ultrabook Air 14";"Electronics";1;29482;"29482";"CUST-55693";"App"
"UK-2026-102847";"2026-04-11";"South";"Chennai";"Modern Wall Clock";"Home & Kitchen";2;821;"1642";"CUST-48329";"App"
"UK-2026-103653";"2026-05-22";"Central";"Raipur";"Wireless Earbuds Pro";"Electronics";2;3125;"6250";"CUST-41455";"Website"
"UK-2026-103408";"2026-05-21";"North";"Delhi";"Power Bank 20000mAh";"Electronics";2;1738;"3476";"CUST-94909";"App"
"UK-2026-101740";"2026-03-14";"West";"Ahmedabad";"Badminton Racket Set";"Sports";1;2376;"2376";"CUST-93992";"Website"
"UK-2026-100901";"2026-02-25";"North";"Delhi";"Slim Fit Jeans";"Fashion";1;1595;"1595";"CUST-51353";"App"
"UK-2026-100051";"2026-01-28";"Central";"Indore";"43-inch Smart TV";"Electronics";1;25281;"25281";"CUST-29539";"App"
"UK-2026-103947";"2026-05-07";"North";"Noida";"Modern Wall Clock";"Home & Kitchen";1;772;"772";"CUST-86117";"App"
"UK-2026-101221";"2026-02-20";"West";"Mumbai";"Running Sneakers";"Fashion";2;2746;"5492";"CUST-45549";"App"
"UK-2026-102103";"2026-03-30";"West";"Ahmedabad";"Matte Lipstick Set";"Beauty";1;943;"943";"CUST-65614";"Website"
"UK-2026-100428";"2026-01-15";"South";"Chennai";"Running Sneakers";"Fashion";2;2756;"5512";"CUST-66914";"Website"
"UK-2026-101171";"2026-02-13";"West";"Ahmedabad";"Formal Shirt";"Fashion";1;1082;"1082";"CUST-40386";"App"
"UK-2026-101156";"2026-02-24";"North";"Delhi";"Mixer Grinder 750W";"Home & Kitchen";2;3326;"6652";"CUST-29033";"App"
"UK-2026-104097";"2026-06-29";"East";"Guwahati";"Formal Shirt";"Fashion";1;1131;"1131";"CUST-59625";"App"
"UK-2026-100510";"2026-01-25";"Central";"Indore";"Cotton Kurta Set";"Fashion";1;1293;"1293";"CUST-25074";"App"
"UK-2026-103056";"2026-04-25";"East";"Patna";"Cotton Bedsheet Set";"Home & Kitchen";1;1349;"1349";"CUST-80614";"Website"
"UK-2026-102897";"2026-04-27";"East";"Guwahati";"Modern Wall Clock";"Home & Kitchen";1;767;"767";"CUST-11548";"Website"
"UK-2026-101337";"2026-02-17";"East";"Patna";"Dinner Set 24pc";"Home & Kitchen";4;2429;"9716";"CUST-69131";"Website"
"UK-2026-101829";"2026-03-06";"Central";"Bhopal";"Non-Stick Cookware Set";"Home & Kitchen";1;2796;"2796";"CUST-16415";"App"
"UK-2026-100531";"2026-01-12";"North";"Noida";"Non-Stick Cookware Set";"Home & Kitchen";1;3034;"3034";"CUST-45903";"Marketplace"
"UK-2026-100171";"2026-01-09";"West";"Ahmedabad";"Noise-Cancelling Headphones";"Electronics";2;8582;"17164";"CUST-26348";"Marketplace"
"UK-2026-101384";"2026-02-13";"South";"Chennai";"Yoga Mat Pro";"Sports";1;1188;"1188";"CUST-14031";"App"
"UK-2026-100166";"2026-01-19";"South";"Chennai";"Dinner Set 24pc";"Home & Kitchen";1;2406;"2406";"CUST-51282";"Website"
"UK-2026-104869";"2026-06-26";"West";"Ahmedabad";"Football Size 5";"Sports";2;866;"1732";"CUST-45907";"Marketplace"
"UK-2026-102931";"2026-04-11";"North";"Delhi";"Slim Fit Jeans";"Fashion";1;1547;"1547";"CUST-94310";"Website"
"UK-2026-100916";"2026-02-21";"North";"Gurugram";"43-inch Smart TV";"Electronics";1;26793;"26793";"CUST-32235";"Website"
"UK-2026-103486";"2026-05-14";"Central";"Nagpur";"Power Bank 20000mAh";"Electronics";2;1812;"3624";"CUST-90977";"App"
"UK-2026-102822";"2026-04-14";"East";"Kolkata";"Modern Wall Clock";"Home & Kitchen";1;775;"775";"CUST-56360";"Website"
"UK-2026-101568";"2026-03-22";"North";"Noida";"Modern Wall Clock";"Home & Kitchen";1;788;"788";"CUST-31874";"App"
"UK-2026-101197";"2026-02-01";"Central";"Bhopal";"Mirrorless Camera Lite";"Electronics";1;29949;"29949";"CUST-14111";"App"
"UK-2026-101368";"2026-02-02";"South";"Hyderabad";"Modern Wall Clock";"Home & Kitchen";1;785;"785";"CUST-47684";"Website"
"UK-2026-100058";"2026-01-07";"South";"Bengaluru";"Running Sneakers";"Fashion";2;2919;"5838";"CUST-81522";"Website"
"UK-2026-103503";"2026-05-29";"East";"Patna";"Face Wash Combo";"Beauty";1;430;"430";"CUST-28352";"App"
"UK-2026-101690";"2026-03-26";"Central";"Nagpur";"Power Bank 20000mAh";"Electronics";1;1844;"1844";"CUST-18006";"Website"
"UK-2026-100532";"2026-01-09";"North";"Gurugram";"Vitamin C Serum";"Beauty";1;669;"669";"CUST-99752";"Website"
"UK-2026-104583";"2026-06-21";"East";"Patna";"Face Wash Combo";"Beauty";1;438;"438";"CUST-90396";"Website"
"UK-2026-104302";"2026-06-15";"North";"Delhi";"Smart Watch X2";"Electronics";2;4509;"9018";"CUST-47557";"App"
"UK-2026-103068";"2026-04-14";"East";"Kolkata";"Yoga Mat Pro";"Sports";1;1249;"1249";"CUST-56360";"Website"
"UK-2026-103191";"2026-05-12";"South";"Hyderabad";"Vitamin C Serum";"Beauty";1;672;"672";"CUST-61801";"Marketplace"
"UK-2026-104630";"2026-06-18";"North";"Gurugram";"Wireless Earbuds Pro";"Electronics";1;3109;"3109";"CUST-49664";"Marketplace"
"UK-2026-104392";"2026-06-27";"North";"Chandigarh";"Denim Jacket";"Fashion";2;2154;"4308";"CUST-54927";"App"
"UK-2026-101115";"2026-02-16";"South";"Chennai";"Non-Stick Cookware Set";"Home & Kitchen";1;2834;"2834";"CUST-55741";"App"
"UK-2026-101749";"2026-03-11";"West";"Ahmedabad";"Leather Wallet";"Fashion";1;936;"936";"CUST-57555";"App"
"UK-2026-100050";"2026-01-20";"East";"Patna";"Electric Kettle 1.5L";"Home & Kitchen";1;1115;"1115";"CUST-63028";"App"
"UK-2026-103769";"2026-05-04";"North";"Delhi";"Foldable Treadmill T2";"Sports";2;24661;"49322";"CUST-13522";"Website"
"UK-2026-103823";"2026-05-29";"South";"Chennai";"Noise-Cancelling Headphones";"Electronics";1;8662;"8662";"CUST-97518";"Marketplace"
"UK-2026-104492";"2026-06-09";"West";"Surat";"Adjustable Dumbbells 15kg";"Sports";3;5074;"15222.00";"CUST-46748";"App"
"UK-2026-100353";"2026-01-27";"Central";"Raipur";"Wireless Earbuds Pro";"Electronics";2;2959;"5918";"CUST-17159";"Marketplace"
"UK-2026-103572";"2026-05-10";"South";"Chennai";"Cricket Bat English Willow";"Sports";1;8576;"8576";"CUST-77999";"Marketplace"
"UK-2026-100723";"2026-02-24";"South";"Bengaluru";"Wireless Earbuds Pro";"Electronics";1;2891;"2891";"CUST-16142";"App"
"UK-2026-102122";"2026-03-02";"West";"Surat";"Cotton Bedsheet Set";"Home & Kitchen";1;1420;"1420";"CUST-95261";"Website"
"UK-2026-101132";"2026-02-08";"North";"Gurugram";"Modern Wall Clock";"Home & Kitchen";2;772;"1544";"CUST-76415";"Marketplace"
"UK-2026-103578";"2026-05-21";"South";"Kochi";"Beard Grooming Kit";"Beauty";1;955;"955";"CUST-62517";"Website"
"UK-2026-102154";"2026-03-13";"West";"Pune";"Ionic Hair Dryer";"Beauty";1;1847;"1847";"CUST-93259";"Website"
"UK-2026-102676";"2026-04-17";"East";"Kolkata";"Cotton Kurta Set";"Fashion";1;1265;"1265";"CUST-46748";"Website"
"UK-2026-102388";"2026-04-24";"West";"Surat";"Noise-Cancelling Headphones";"Electronics";1;8726;"8726";"CUST-64993";"Marketplace"
"UK-2026-100076";"2026-01-26";"West";"Mumbai";"Eau de Parfum 100ml";"Beauty";1;2049;"2049";"CUST-96054";"Website"
"UK-2026-100118";"2026-01-30";"South";"Kochi";"Running Sneakers";"Fashion";4;2923;"11692";"CUST-49664";"Website"
"UK-2026-103601";"2026-05-07";"Central";"Indore";"Noise-Cancelling Headphones";"Electronics";1;8777;"8777";"CUST-73398";"App"
"UK-2026-103007";"2026-04-25";"East";"Bhubaneswar";"Formal Shirt";"Fashion";1;1152;"1152";"CUST-89979";"Marketplace"
"UK-2026-103788";"2026-05-23";"North";"Delhi";"Foldable Treadmill T2";"Sports";1;24565;"24565";"CUST-78571";"App"
"UK-2026-102634";"2026-04-02";"South";"Hyderabad";"43-inch Smart TV";"Electronics";1;25730;"25730";"CUST-61531";"Website"
"UK-2026-103356";"2026-05-03";"South";"Hyderabad";"Mirrorless Camera Lite";"Electronics";4;28456;"113824";"CUST-20211";"App"
"UK-2026-104019";"2026-05-18";"North";"Noida";"Badminton Racket Set";"Sports";1;2426;"2426";"CUST-50824";"App"
"UK-2026-104281";"2026-06-04";"West";"Pune";"Eau de Parfum 100ml";"Beauty";1;1984;"1984";"CUST-49028";"App"
"UK-2026-100634";"2026-01-19";"North";"Noida";"Ultrabook Air 14";"Electronics";3;31038;"93114";"CUST-44429";"Marketplace"
"UK-2026-102920";"2026-04-16";"North";"Noida";"Yoga Mat Pro";"Sports";1;1185;"1185";"CUST-82816";"Website"
"UK-2026-102753";"2026-04-29";"Central";"Bhopal";"Makeup Brush Set";"Beauty";1;1291;"1291";"CUST-61391";"App"
"UK-2026-102379";"2026-04-30";"North";"Delhi";"Football Size 5";"Sports";1;876;"876";"CUST-50130";"App"
"UK-2026-104404";"2026-06-29";"North";"Gurugram";"Sunscreen SPF50";"Beauty";1;562;"562";"CUST-25873";"App"
"UK-2026-103402";"2026-05-17";"West";"Surat";"Running Sneakers";"Fashion";2;2889;"5778";"CUST-95347";"App"
"UK-2026-103040";"2026-04-23";"Central";"Indore";"Ethnic Dupatta";"Fashion";1;479;"479";"CUST-89873";"Website"
"UK-2026-103698";"2026-05-24";"West";"Ahmedabad";"Ultrabook Air 14";"Electronics";1;31490;"31490";"CUST-49139";"App"
"UK-2026-101859";"2026-03-18";"South";"Hyderabad";"Vitamin C Serum";"Beauty";1;708;"708";"CUST-45074";"Marketplace"
"UK-2026-103852";"2026-05-08";"North";"Delhi";"Gym Gloves";"Sports";1;501;"501";"CUST-63098";"Website"
"UK-2026-101826";"2026-03-18";"North";"Gurugram";"Ionic Hair Dryer";"Beauty";3;1961;"5883";"CUST-17533";"App"
"UK-2026-100357";"2026-01-29";"East";"Patna";"Formal Shirt";"Fashion";1;1049;"1049";"CUST-34744";"Website"
"UK-2026-102898";"2026-04-12";"South";"Bengaluru";"Matte Lipstick Set";"Beauty";2;917;"1834";"CUST-95215";"Website"
"UK-2026-102086";"2026-03-28";"South";"Hyderabad";"Leather Wallet";"Fashion";4;940;"3760";"CUST-55053";"Website"
"UK-2026-102655";"2026-04-04";"West";"Pune";"Slim Fit Jeans";"Fashion";2;1672;"3344";"CUST-40386";"Website"
"UK-2026-103372";"2026-05-01";"North";"Noida";"Gym Gloves";"Sports";1;477;"477";"CUST-23181";"Marketplace"
"UK-2026-104249";"2026-06-15";"West";"Pune";"Sunscreen SPF50";"Beauty";1;552;"552";"CUST-93259";"App"
"UK-2026-100401";"2026-01-22";"North";"Noida";"Cotton Bedsheet Set";"Home & Kitchen";3;1442;"4326";"CUST-32277";"Website"
"UK-2026-102458";"2026-04-29";"South";"Cochin";"Electric Kettle 1.5L";"Home & Kitchen";2;1106;"2212";"CUST-87421";"App"
"UK-2026-100782";"2026-02-01";"Central";"Indore";"Cotton Kurta Set";"Fashion";3;1355;"4065";"CUST-89979";"Website"
"UK-2026-102936";"2026-04-28";"Central";"Raipur";"Ethnic Dupatta";"Fashion";2;484;"968";"CUST-99157";"Website"
"UK-2026-102613";"2026-04-05";"East";"Kolkata";"Noise-Cancelling Headphones";"Electronics";1;9073;"9073";"CUST-23395";"Marketplace"
"UK-2026-103971";"2026-05-03";"West";"Mumbai";"Ultrabook Air 14";"Electronics";1;30752;"30752";"CUST-45577";"App"
"UK-2026-100406";"2026-01-11";"North";"Delhi";"43-inch Smart TV";"Electronics";2;26536;"53072";"CUST-55549";"Website"
"UK-2026-102831";"2026-04-30";"Central";"Bhopal";"Wireless Earbuds Pro";"Electronics";1;2895;"2895";"CUST-47927";"Website"
"UK-2026-102183";"2026-03-23";"East";"Patna";"Smart Watch X2";"Electronics";1;4514;"4514";"CUST-57555";"Marketplace"
"UK-2026-102179";"2026-03-12";"West";"Pune";"Robot Vacuum R7";"Home & Kitchen";1;19126;"19126";"CUST-79230";"App"
"UK-2026-101803";"2026-03-30";"Central";"Bhopal";"43-inch Smart TV";"Electronics";2;26112;"52224";"CUST-95347";"Website"
"UK-2026-102582";"2026-04-18";"South";"Hyderabad";"Mirrorless Camera Lite";"Electronics";1;28274;"28274";"CUST-80334";"Marketplace"
"UK-2026-104484";"2026-06-07";"North";"Delhi";"Yoga Mat Pro";"Sports";1;1140;"1140";"CUST-44517";"App"
"UK-2026-100913";"2026-02-09";"East";"Patna";"Silk Saree";"Fashion";1;3517;"3517";"CUST-40386";"App"
"UK-2026-102989";"2026-04-29";"North";"Chandigarh";"Non-Stick Cookware Set";"Home & Kitchen";1;2882;"2882";"CUST-31101";"Website"
"UK-2026-103807";"2026-05-06";"East";"Patna";"Bluetooth Speaker Mini";"Electronics";1;1540;"1540";"CUST-60470";"Website"
"UK-2026-103809";"2026-05-11";"South";"Hyderabad";"Denim Jacket";"Fashion";3;2147;"6441";"CUST-79743";"Marketplace"
"UK-2026-104014";"2026-05-07";"South";"Hyderabad";"Denim Jacket";"Fashion";1;2199;"2199";"CUST-85367";"Website"
"UK-2026-103584";"2026-05-20";"West";"Mumbai";"Adjustable Dumbbells 15kg";"Sports";1;5205;"5205";"CUST-66912";"Marketplace"
"UK-2026-103294";"2026-05-21";"East";"Guwahati";"Yoga Mat Pro";"Sports";1;1164;"1164";"CUST-63004";"App"
"UK-2026-104388";"2026-06-11";"West";"Ahmedabad";"POWER BANK 20000MAH";"Electronics";4;1806;"7224";"CUST-81642";"App"
"UK-2026-103205";"2026-05-22";"South";"Hyderabad";"Yoga Mat Pro";"Sports";2;1258;"2516";"CUST-16076";"App"
"UK-2026-100066";"2026-01-10";"East";"Bhubaneswar";"Makeup Brush Set";"Beauty";1;1268;"1268";"CUST-96083";"App"
"UK-2026-101674";"2026-03-01";"North";"Gurugram";"Beard Grooming Kit";"Beauty";1;965;"965";"CUST-12320";"App"
"UK-2026-101120";"2026-02-23";"South";"Kochi";"Mixer Grinder 750W";"Home & Kitchen";2;3388;"6776";"CUST-60834";"Website"
"UK-2026-100234";"2026-01-15";"South";"Bengaluru";"Denim Jacket";"Fashion";1;2307;"2307";"CUST-46136";"App"
"UK-2026-101843";"2026-03-28";"West";"Pune";"Foldable Treadmill T2";"Sports";1;24533;"24533";"CUST-57054";"Marketplace"
"UK-2026-100761";"2026-02-18";"North";"Noida";"43-inch Smart TV";"Electronics";1;27200;"27200";"CUST-72445";"Marketplace"
"UK-2026-102675";"2026-04-04";"Central";"Raipur";"Yoga Mat Pro";"Sports";1;1139;"1139";"CUST-16079";"Marketplace"
"UK-2026-101527";"2026-03-06";"North";"Noida";"Ionic Hair Dryer";"Beauty";2;1867;"3734";"CUST-55801";"Website"
"UK-2026-104044";"2026-06-30";"North";"Gurugram";"Sunscreen SPF50";"Beauty";1;525;"525";"CUST-98025";"Website"
"UK-2026-103896";"2026-05-21";"North";"Delhi";"Face Wash Combo";"Beauty";2;469;"938";"CUST-65197";"Website"
"UK-2026-100292";"2026-01-17";"Central";"Indore";"Silk Saree";"Fashion";1;3377;"3377";"CUST-10079";"Marketplace"
"UK-2026-100022";"2026-01-07";"North";"Chandigarh";"Ethnic Dupatta";"Fashion";2;492;"984";"CUST-42060";"App"
"UK-2026-104495";"2026-06-08";"South";"Kochi";"Cotton Kurta Set";"Fashion";1;1268;"1268";"CUST-56892";"Website"
"UK-2026-103108";"2026-05-22";"South";"Hyderabad";"Electric Kettle 1.5L";"Home & Kitchen";1;1126;"1126";"CUST-26061";"App"
"UK-2026-104137";"2026-06-13";"East";"Patna";"Power Bank 20000mAh";"Electronics";2;1792;"3584";"CUST-14585";"Marketplace"
"UK-2026-102340";"2026-04-02";"South";"Hyderabad";"Denim Jacket";"Fashion";1;2290;"2290";"CUST-58730";"App"
"UK-2026-103384";"2026-05-07";"Central";"Nagpur";"Cycling Helmet";"Sports";1;1539;"1539";"CUST-26362";"App"
"UK-2026-104398";"2026-06-10";"South";"Bengaluru";"Running Sneakers";"Fashion";1;2907;"2907";"CUST-89129";"Website"
"UK-2026-103526";"2026-05-03";"North";"Chandigarh";"Football Size 5";"Sports";3;894;"2682";"CUST-12575";"Website"
"UK-2026-102069";"2026-03-04";"West";"Pune";"Denim Jacket";"Fashion";1;2155;"2155";"CUST-46376";"Marketplace"
"UK-2026-104600";"2026-06-11";"South";"Chennai";"Adjustable Dumbbells 15kg";"Sports";1;4892;"4892";"CUST-17280";"Marketplace"
"UK-2026-100271";"2026-01-10";"West";"Pune";"Non-Stick Cookware Set";"Home & Kitchen";1;2759;"2759";"CUST-19384";"Website"
"UK-2026-102559";"2026-04-19";"West";"Surat";"Cotton Kurta Set";"Fashion";2;1245;"2490";"CUST-28590";"Website"
"UK-2026-101936";"2026-03-04";"North";"Gurugram";"Noise-Cancelling Headphones";"Electronics";1;9252;"9252";"CUST-54642";"Website"
"UK-2026-104150";"2026-06-30";"North";"Delhi";"Foldable Treadmill T2";"Sports";2;25610;"51220";"CUST-71188";"Marketplace"
"UK-2026-101637";"2026-03-18";"North";"Noida";"Mirrorless Camera Lite";"Electronics";2;27845;"55690";"CUST-58431";"Marketplace"
"UK-2026-100431";"2026-01-23";"East";"Guwahati";"Mirrorless Camera Lite";"Electronics";1;27823;"27823";"CUST-61522";"Marketplace"
"UK-2026-101490";"2026-03-05";"North";"Chandigarh";"43-inch Smart TV";"Electronics";1;25226;"25226";"CUST-65513";"App"
"UK-2026-104373";"2026-06-04";"West";"Surat";"Badminton Racket Set";"Sports";1;2480;"2480";"CUST-19149";"App"
"UK-2026-100778";"2026-02-22";"Central";"Indore";"Bluetooth Speaker Mini";"Electronics";2;1525;"3050";"CUST-38571";"Marketplace"
"UK-2026-104123";"2026-06-27";"East";"Kolkata";"Football Size 5";"Sports";2;943;"1886";"CUST-16459";"Website"
"UK-2026-101342";"2026-02-06";"North";"Delhi";"Cotton Bedsheet Set";"Home & Kitchen";2;1444;"2888";"CUST-12447";"App"
"UK-2026-103321";"2026-05-31";"South";"Kochi";"Matte Lipstick Set";"Beauty";1;914;"914";"CUST-24236";"App"
"UK-2026-100377";"2026-01-12";"East";"Kolkata";"Gym Gloves";"Sports";1;517;"517";"CUST-34633";"App"
"UK-2026-100628";"2026-01-10";"North";"Noida";"Foldable Treadmill T2";"Sports";1;25665;"25665";"CUST-47239";"Website"
"UK-2026-103827";"2026-05-11";"North";"Noida";"Makeup Brush Set";"Beauty";1;1362;"1362";"CUST-57320";"App"
"UK-2026-102543";"2026-04-10";"Central";"Raipur";"Formal Shirt";"Fashion";1;1125;"1125";"CUST-54513";"App"
"UK-2026-101584";"2026-03-28";"North";"Delhi";"Cycling Helmet";"Sports";2;1667;"3334";"CUST-56278";"App"
"UK-2026-100550";"2026-01-29";"West";"Mumbai";"Mirrorless Camera Lite";"Electronics";1;27814;"27814";"CUST-67035";"Marketplace"
"UK-2026-103887";"2026-05-03";"West";"Pune";"Smart Watch X2";"Electronics";1;4674;"4674";"CUST-29903";"Marketplace"
"UK-2026-101013";"2026-02-07";"West";"Surat";"Non-Stick Cookware Set";"Home & Kitchen";1;3013;"3013";"CUST-13757";"App"
"UK-2026-103335";"2026-05-03";"West";"Ahmedabad";"Vitamin C Serum";"Beauty";4;701;"2804";"CUST-55560";"Website"
"UK-2026-104899";"2026-06-15";"Central";"Nagpur";"Non-Stick Cookware Set";"Home & Kitchen";1;2798;"2798";"CUST-72874";"Website"
"UK-2026-103227";"2026-05-20";"North";"Gurugram";"43-inch Smart TV";"Electronics";1;26276;"26276";"CUST-44762";"Website"
"UK-2026-103390";"2026-05-26";"East";"Guwahati";"Wireless Earbuds Pro";"Electronics";1;2878;"2878";"CUST-89525";"App"
"UK-2026-102131";"2026-03-14";"West";"Surat";"Electric Kettle 1.5L";"Home & Kitchen";4;1049;"4196";"CUST-16716";"Marketplace"
"UK-2026-103183";"2026-05-27";"North";"Delhi";"Dinner Set 24pc";"Home & Kitchen";3;2432;"7296";"CUST-38562";"Marketplace"
"UK-2026-102166";"2026-03-26";"North";"Chandigarh";"Foldable Treadmill T2";"Sports";2;24690;"49380";"CUST-45152";"Marketplace"
"UK-2026-103305";"2026-05-10";"South";"Bengaluru";"Adjustable Dumbbells 15kg";"Sports";2;5056;"10112";"CUST-73398";"App"
"UK-2026-103460";"2026-05-16";"South";"Hyderabad";"Cotton Bedsheet Set";"Home & Kitchen";1;1352;"1352";"CUST-76773";"App"
"UK-2026-102319";"2026-04-21";"South";"Hyderabad";"Modern Wall Clock";"Home & Kitchen";1;814;"814";"CUST-40728";"Marketplace"
"UK-2026-100837";"2026-02-21";"South";"Hyderabad";"Non-Stick Cookware Set";"Home & Kitchen";1;2784;"2784";"CUST-34115";"Website"
"UK-2026-100667";"2026-01-05";"North";"Noida";"43-inch Smart TV";"Electronics";1;25731;"25731";"CUST-72290";"App"
"UK-2026-103663";"2026-05-30";"North";"Gurugram";"Yoga Mat Pro";"Sports";1;1152;"1152";"CUST-28968";"Website"
"UK-2026-101123";"2026-02-18";"North";"Delhi";"Air Fryer 5L";"Home & Kitchen";1;5420;"5420";"CUST-36146";"App"
"UK-2026-100596";"2026-01-13";"North";"Chandigarh";"Running Sneakers";"Fashion";1;2727;"2727";"CUST-97236";"Website"
"UK-2026-104476";"2026-06-15";"Central";"Nagpur";"Leather Wallet";"Fashion";1;940;"940";"CUST-45768";"App"
"UK-2026-101308";"2026-02-18";"North";"Delhi";"Yoga Mat Pro";"Sports";1;1154;"1154";"CUST-79905";"App"
"UK-2026-104723";"2026-06-26";"North";"Delhi";"Vitamin C Serum";"Beauty";4;696;"2784";"CUST-12877";"App"
"UK-2026-103710";"2026-05-10";"West";"Mumbai";"Non-Stick Cookware Set";"Home & Kitchen";2;2969;"5938";"CUST-70853";"Website"
"UK-2026-100155";"2026-01-29";"West";"Pune";"Dinner Set 24pc";"Home & Kitchen";1;2600;"2600";"CUST-44326";"Website"
"UK-2026-101381";"2026-02-26";"West";"Mumbai";"Smart Watch X2";"Electronics";3;4642;"13926";"CUST-80484";"App"
"UK-2026-104976";"2026-06-20";"Central";"Raipur";"Running Sneakers";"Fashion";1;2676;"2676";"CUST-12364";"App"
"UK-2026-100569";"2026-01-18";"North";"Gurugram";"Ionic Hair Dryer";"Beauty";2;1812;"3624";"CUST-19006";"App"
"UK-2026-100399";"2026-01-20";"North";"Noida";"Face Wash Combo";"Beauty";1;433;"433";"CUST-73398";"App"
"UK-2026-100820";"2026-02-03";"North";"Delhi";"Denim Jacket";"Fashion";2;2186;"4372";"CUST-61144";"Website"
"UK-2026-104602";"2026-06-15";"West";"Ahmedabad";"Modern Wall Clock";"Home & Kitchen";1;797;"797";"CUST-86118";"Website"
"UK-2026-102696";"2026-04-04";"North";"Delhi";"Silk Saree";"Fashion";1;3671;"3671";"CUST-60997";"Website"
"UK-2026-101449";"2026-02-10";"South";"Chennai";"Face Wash Combo";"Beauty";2;453;"906";"CUST-68876";"Website"
"UK-2026-101255";"2026-02-20";"North";"Chandigarh";"Cycling Helmet";"Sports";2;1669;"3338";"CUST-32186";"App"
"UK-2026-100573";"2026-01-10";"Central";"Raipur";"Ethnic Dupatta";"Fashion";1;482;"482";"CUST-76695";"App"
"UK-2026-104862";"2026-06-15";"Central";"Raipur";"Football Size 5";"Sports";1;903;"903";"CUST-68551";"App"
"UK-2026-100812";"2026-02-15";"South";"Bengaluru";"Football Size 5";"Sports";1;924;"924";"CUST-48792";"App"
"UK-2026-101282";"2026-02-02";"West";"Mumbai";"Adjustable Dumbbells 15kg";"Sports";1;5187;"5187";"CUST-15086";"App"
"UK-2026-102233";"2026-03-12";"North";"Gurugram";"43-inch Smart TV";"Electronics";1;26942;"26942";"CUST-43904";"Marketplace"
"UK-2026-103113";"2026-05-09";"North";"Chandigarh";"Foldable Treadmill T2";"Sports";1;25726;"25726";"CUST-52226";"App"
"UK-2026-101998";"2026-03-17";"North";"Noida";"Slim Fit Jeans";"Fashion";4;1613;"6452";"CUST-25372";"Website"
"UK-2026-104755";"2026-06-30";"South";"Hyderabad";"Wireless Earbuds Pro";"Electronics";1;3072;"3072";"CUST-32252";"Marketplace"
"UK-2026-102739";"2026-04-23";"South";"Hyderabad";"Power Bank 20000mAh";"Electronics";1;1882;"1882";"CUST-55741";"Marketplace"
"UK-2026-103985";"2026-05-08";"South";"Kochi";"43-inch Smart TV";"Electronics";2;26415;"52830";"CUST-66912";"Marketplace"
"UK-2026-104184";"2026-06-06";"Central";"Bhopal";"ULTRABOOK AIR 14";"Electronics";2;30917;"61834";"CUST-54301";"Marketplace"
"UK-2026-104864";"2026-06-24";"North";"Noida";"Dinner Set 24pc";"Home & Kitchen";1;2496;"2496";"CUST-37954";"Marketplace"
"UK-2026-104423";"2026-06-27";"North";"Delhi";"Electric Kettle 1.5L";"Home & Kitchen";1;1069;"1069";"CUST-71009";"Marketplace"
"UK-2026-100391";"2026-01-18";"North";"Gurugram";"Smart Watch X2";"Electronics";2;4453;"8906";"CUST-94909";"App"
"UK-2026-100310";"2026-01-14";"Central";"Raipur";"Dinner Set 24pc";"Home & Kitchen";1;2615;"2615";"CUST-84830";"App"
"UK-2026-104636";"2026-06-28";"South";"Hyderabad";"Mixer Grinder 750W";"Home & Kitchen";1;3229;"3229";"CUST-33723";"App"
"UK-2026-104786";"2026-06-20";"East";"Kolkata";"Noise-Cancelling Headphones";"Electronics";1;8803;"8803";"CUST-53023";"App"
"UK-2026-101046";"2026-02-12";"Central";"Indore";"Ionic Hair Dryer";"Beauty";1;1920;"1920";"CUST-80961";"Website"
"UK-2026-102723";"2026-04-12";"West";"Mumbai";"Wireless Earbuds Pro";"Electronics";2;3064;"6128";"CUST-14581";"Website"
"UK-2026-101677";"2026-03-28";"South";"Bengaluru";"Cotton Bedsheet Set";"Home & Kitchen";3;1386;"4158";"CUST-17985";"App"
"UK-2026-100702";"2026-01-29";"West";"Ahmedabad";"Matte Lipstick Set";"Beauty";1;868;"868";"CUST-60937";"Website"
"UK-2026-100095";"2026-01-26";"South";"Bengaluru";"NOISE-CANCELLING HEADPHONES";"Electronics";1;9396;"9396";"CUST-78196";"App"
"UK-2026-102136";"2026-03-21";"Central";"Bhopal";"Electric Kettle 1.5L";"Home & Kitchen";2;1113;"2226";"CUST-29493";"App"
"UK-2026-100580";"2026-01-22";"Central";"Nagpur";"Bluetooth Speaker Mini";"Electronics";1;1428;"1428";"CUST-59592";"App"
"UK-2026-102417";"2026-04-09";"North";"Gurugram";"Football Size 5";"Sports";1;860;"860";"CUST-31535";"Website"
"UK-2026-100671";"2026-01-04";"South";"Chennai";"Smart Watch X2";"Electronics";1;4630;"4630";"CUST-53338";"App"
"UK-2026-103882";"2026-05-06";"East";"Guwahati";"Mixer Grinder 750W";"Home & Kitchen";1;3206;"3206";"CUST-34791";"App"
"UK-2026-100190";"2026-01-06";"North";"Chandigarh";"Silk Saree";"Fashion";1;3543;"3543";"CUST-89487";"Website"
"UK-2026-100375";"2026-01-03";"West";"Ahmedabad";"Cotton Bedsheet Set";"Home & Kitchen";1;1360;"1360";"CUST-74153";"Website"
"UK-2026-101284";"2026-02-16";"North";"Chandigarh";"Mixer Grinder 750W";"Home & Kitchen";1;3331;"3331";"CUST-87694";"Website"
"UK-2026-100981";"2026-02-03";"East";"Guwahati";"Formal Shirt";"Fashion";2;1108;"2216";"CUST-58081";"Website"
"UK-2026-100298";"2026-01-13";"South";"Chennai";"Mixer Grinder 750W";"Home & Kitchen";1;3207;"3207";"CUST-93733";"Marketplace"
"UK-2026-104100";"2026-06-17";"North";"Gurugram";"Noise-Cancelling Headphones";"Electronics";1;9215;"9215";"CUST-77471";"Marketplace"
"UK-2026-104759";"2026-06-03";"West";"Surat";"Ethnic Dupatta";"Fashion";3;482;"1446";"CUST-64659";"Website"
"UK-2026-103571";"2026-05-22";"North";"Noida";"Ultrabook Air 14";"Electronics";1;29003;"29003";"CUST-79845";"Marketplace"
"UK-2026-102332";"2026-04-18";"West";"Ahmedabad";"Wireless Earbuds Pro";"Electronics";1;2905;"2905";"CUST-24964";"App"
"UK-2026-104164";"2026-06-23";"South";"Bengaluru";"Mirrorless Camera Lite";"Electronics";2;29762;"59524";"CUST-14031";"App"
"UK-2026-102460";"2026-04-21";"West";"Pune";"Mirrorless Camera Lite";"Electronics";1;29631;"29631";"CUST-51353";"App"
"UK-2026-102571";"2026-04-01";"South";"Bengaluru";"Smart Watch X2";"Electronics";1;4498;"4498";"CUST-27277";"Marketplace"
"UK-2026-101109";"2026-02-12";"Central";"Nagpur";"Running Sneakers";"Fashion";1;2789;"2789";"CUST-48329";"Website"
"UK-2026-101537";"2026-03-09";"West";"Ahmedabad";"Dinner Set 24pc";"Home & Kitchen";1;2527;"2527";"CUST-21140";"App"
"UK-2026-101331";"2026-02-25";"Central";"Indore";"Cotton Kurta Set";"Fashion";1;1333;"1333";"CUST-89486";"App"
"UK-2026-104493";"2026-06-10";"North";"Delhi";"Cotton Bedsheet Set";"Home & Kitchen";2;1335;"2670";"CUST-54204";"Marketplace"
"UK-2026-103934";"2026-05-09";"West";"Surat";"Smart Watch X2";"Electronics";2;4321;"8642";"CUST-64477";"Marketplace"
"UK-2026-103954";"2026-05-06";"South";"Chennai";"Matte Lipstick Set";"Beauty";1;941;"941";"CUST-89525";"Marketplace"
"UK-2026-101397";"2026-02-09";"South";"Kochi";"Smart Watch X2";"Electronics";2;4326;"8652";"CUST-18075";"Marketplace"
"UK-2026-103557";"2026-05-31";"North";"Chandigarh";"Noise-Cancelling Headphones";"Electronics";1;8858;"8858";"CUST-33520";"Marketplace"
"UK-2026-100765";"2026-02-01";"South";"Bengaluru";"Cotton Bedsheet Set";"Home & Kitchen";2;1344;"2688";"CUST-50524";"App"
"UK-2026-104045";"2026-06-17";"West";"Ahmedabad";"Adjustable Dumbbells 15kg";"Sports";1;4760;"4760";"CUST-75580";"App"
"UK-2026-103237";"2026-05-03";"North";"Gurugram";"Robot Vacuum R7";"Home & Kitchen";2;18913;"37826";"CUST-91529";"Website"
"UK-2026-100586";"2026-01-10";"South";"Kochi";"Football Size 5";"Sports";4;926;"3704";"CUST-66244";"Website"
"UK-2026-100443";"2026-01-07";"South";"Chennai";"Dinner Set 24pc";"Home & Kitchen";1;2546;"2546";"CUST-50060";"App"
"UK-2026-102260";"2026-04-24";"East";"Guwahati";"Noise-Cancelling Headphones";"Electronics";1;8769;"8769";"CUST-37404";"Marketplace"
"UK-2026-104536";"2026-06-23";"Central";"Raipur";"Silk Saree";"Fashion";1;3377;"3377";"CUST-25184";"App"
"UK-2026-101534";"2026-03-18";"West";"Ahmedabad";"Mirrorless Camera Lite";"Electronics";1;27880;"27880";"CUST-16459";"Marketplace"
"UK-2026-104624";"2026-06-11";"North";"Delhi";"Cycling Helmet";"Sports";1;1585;"1585";"CUST-16209";"Marketplace"
"UK-2026-101582";"2026-03-12";"North";"Delhi";"Cotton Bedsheet Set";"Home & Kitchen";2;1400;"2800";"CUST-25821";"App"
"UK-2026-103782";"2026-05-30";"South";"Kochi";"Cycling Helmet";"Sports";1;1625;"1625";"CUST-67786";"Website"
"UK-2026-103722";"2026-05-14";"South";"Chennai";"Cotton Kurta Set";"Fashion";1;1343;"1343";"CUST-70479";"App"
"UK-2026-104866";"2026-06-14";"South";"Chennai";"Cotton Kurta Set";"Fashion";2;1238;"2476";"CUST-87326";"App"
"UK-2026-104390";"2026-06-10";"North";"New Delhi";"Running Sneakers";"Fashion";1;2798;"2798";"CUST-29539";"Website"
"UK-2026-104028";"2026-06-06";"West";"Mumbai";"Power Bank 20000mAh";"Electronics";1;1796;"1796";"CUST-62734";"Marketplace"
"UK-2026-101217";"2026-02-17";"West";"Ahmedabad";"Mirrorless Camera Lite";"Electronics";1;27893;"27893";"CUST-24236";"Website"
"UK-2026-102843";"2026-04-29";"West";"Mumbai";"Cotton Bedsheet Set";"Home & Kitchen";2;1357;"2714.00";"CUST-78925";"App"
"UK-2026-102820";"2026-04-24";"West";"Mumbai";"Slim Fit Jeans";"Fashion";1;1611;"1611";"CUST-89979";"App"
"UK-2026-100272";"2026-01-07";"West";"Surat";"Cricket Bat English Willow";"Sports";1;8633;"8633";"CUST-91175";"Website"
"UK-2026-104916";"2026-06-17";"South";"Chennai";"Formal Shirt";"Fashion";1;1135;"1135";"CUST-93846";"Website"
"UK-2026-100032";"2026-01-15";"South";"Bengaluru";"Bluetooth Speaker Mini";"Electronics";2;1466;"2932";"CUST-57712";"Website"
"UK-2026-100640";"2026-01-08";"North";"Delhi";"Cycling Helmet";"Sports";1;1552;"1552";"CUST-45221";"App"
"UK-2026-103759";"2026-05-22";"South";"Hyderabad";"Modern Wall Clock";"Home & Kitchen";1;822;"822";"CUST-99161";"Website"
"UK-2026-104432";"2026-06-17";"West";"Ahmedabad";"Mixer Grinder 750W";"Home & Kitchen";2;3278;"6556";"CUST-45170";"App"
"UK-2026-104422";"2026-06-03";"West";"Pune";"Slim Fit Jeans";"Fashion";2;1663;"3326";"CUST-42542";"App"
"UK-2026-103740";"2026-05-12";"North";"Noida";"Vitamin C Serum";"Beauty";1;708;"708";"CUST-10350";"App"
"UK-2026-100052";"2026-01-30";"North";"Noida";"Power Bank 20000mAh";"Electronics";1;1764;"1764";"CUST-66065";"Marketplace"
"UK-2026-103041";"2026-04-22";"South";"Kochi";"Running Sneakers";"Fashion";1;2812;"2812";"CUST-59625";"Website"
"UK-2026-100799";"2026-02-14";"South";"Kochi";"Sunscreen SPF50";"Beauty";2;545;"1090";"CUST-41204";"App"
"UK-2026-103055";"2026-04-07";"West";"Pune";"Eau de Parfum 100ml";"Beauty";1;2094;"2094";"CUST-57320";"Website"
"UK-2026-102125";"2026-03-30";"North";"Noida";"Bluetooth Speaker Mini";"Electronics";4;1495;"5980";"CUST-84213";"App"
"UK-2026-104702";"2026-06-16";"North";"Delhi";"Dinner Set 24pc";"Home & Kitchen";2;2455;"4910";"CUST-68717";"Website"
"UK-2026-100143";"2026-01-02";"Central";"Bhopal";"Denim Jacket";"Fashion";1;2301;"2301";"CUST-95527";"App"
"UK-2026-101543";"2026-03-08";"North";"Noida";"Slim Fit Jeans";"Fashion";2;1629;"3258";"CUST-95834";"Website"
"UK-2026-101991";"2026-03-12";"North";"Gurugram";"Mixer Grinder 750W";"Home & Kitchen";1;3346;"3346";"CUST-10901";"App"
"UK-2026-103149";"2026-05-27";"North";"Delhi";"Cotton Bedsheet Set";"Home & Kitchen";1;1350;"1350";"CUST-49277";"Website"
"UK-2026-104796";"2026-06-28";"West";"Ahmedabad";"Denim Jacket";"Fashion";2;2111;"4222";"CUST-89513";"Website"
"UK-2026-104010";"2026-05-23";"South";"Bengaluru";"Cotton Kurta Set";"Fashion";1;1292;"1292";"CUST-21707";"Website"
"UK-2026-104186";"2026-06-04";"West";"Mumbai";"Non-Stick Cookware Set";"Home & Kitchen";1;2908;"2908";"CUST-93680";"Website"
"UK-2026-104162";"2026-06-29";"West";"Mumbai";"Vitamin C Serum";"Beauty";1;725;"725";"CUST-79124";"Website"
"UK-2026-102918";"2026-04-24";"South";"Chennai";"Mixer Grinder 750W";"Home & Kitchen";4;3400;"13600";"CUST-84830";"App"
"UK-2026-101943";"2026-03-12";"South";"Bengaluru";"Adjustable Dumbbells 15kg";"Sports";1;5202;"5202";"CUST-66474";"App"
"UK-2026-104978";"2026-06-13";"West";"Ahmedabad";"Cycling Helmet";"Sports";1;1646;"1646";"CUST-79034";"Website"
"UK-2026-101327";"2026-02-16";"North";"Noida";"Electric Kettle 1.5L";"Home & Kitchen";1;1121;"1121";"CUST-91314";"App"
"UK-2026-104460";"2026-06-17";"North";"Delhi";"Slim Fit Jeans";"Fashion";2;1667;"3334";"CUST-70660";"App"
"UK-2026-103173";"2026-05-25";"South";"Hyderabad";"Face Wash Combo";"Beauty";1;458;"458";"CUST-80334";"Website"
"UK-2026-101146";"2026-02-12";"West";"Pune";"Denim Jacket";"Fashion";4;2104;"8416";"CUST-31431";"Website"
"UK-2026-103727";"2026-05-04";"North";"Delhi";"Gym Gloves";"Sports";2;520;"1040";"CUST-28968";"Website"
"UK-2026-104383";"2026-06-23";"North";"Gurugram";"Cotton Kurta Set";"Fashion";1;1315;"1315";"CUST-61337";"Website"
"UK-2026-103793";"2026-05-03";"South";"Kochi";"Denim Jacket";"Fashion";1;2124;"2124";"CUST-38556";"App"
"UK-2026-100683";"2026-01-09";"North";"Delhi";"Slim Fit Jeans";"Fashion";1;1565;"1565";"CUST-70479";"App"
"UK-2026-102314";"2026-04-10";"North";"Gurugram";"Noise-Cancelling Headphones";"Electronics";1;8562;"8562";"CUST-75580";"Marketplace"
"UK-2026-100780";"2026-02-08";"South";"Bengaluru";"Non-Stick Cookware Set";"Home & Kitchen";1;2963;"2963";"CUST-48085";"App"
"UK-2026-100161";"2026-01-28";"North";"Gurugram";"Face Wash Combo";"Beauty";1;465;"465";"CUST-46035";"Website"
"UK-2026-100673";"2026-01-09";"West";"Mumbai";"Air Fryer 5L";"Home & Kitchen";1;5445;"5445";"CUST-47712";"Website"
"UK-2026-103638";"2026-05-02";"South";"Kochi";"Non-Stick Cookware Set";"Home & Kitchen";1;2908;"2908";"CUST-44531";"Website"
"UK-2026-100229";"2026-01-14";"East";"Kolkata";"Ionic Hair Dryer";"Beauty";1;1825;"1825";"CUST-91333";"Website"
"UK-2026-103456";"2026-05-03";"North";"chandigarh";"Football Size 5";"Sports";2;897;"1794";"CUST-75580";"App"
"UK-2026-101405";"2026-02-14";"South";"Hyderabad";"Electric Kettle 1.5L";"Home & Kitchen";2;1053;"2106";"CUST-95453";"App"
"UK-2026-104486";"2026-06-03";"East";"Patna";"43-inch Smart TV";"Electronics";1;26763;"26763";"CUST-65379";"App"
"UK-2026-102073";"2026-03-29";"North";"Delhi";"Non-Stick Cookware Set";"Home & Kitchen";2;2905;"5810";"CUST-35502";"Website"
"UK-2026-100764";"2026-02-17";"North";"Chandigarh";"Power Bank 20000mAh";"Electronics";2;1811;"3622";"CUST-71235";"Website"
"UK-2026-102071";"2026-03-21";"Central";"Raipur";"Noise-Cancelling Headphones";"Electronics";1;9370;"9370";"CUST-73190";"Marketplace"
"UK-2026-103633";"2026-05-03";"East";"Guwahati";"Makeup Brush Set";"Beauty";1;1267;"1267";"CUST-24182";"Marketplace"
"UK-2026-100932";"2026-02-22";"South";"Chennai";"Foldable Treadmill T2";"Sports";1;25201;"25201";"CUST-80006";"App"
"UK-2026-104609";"2026-06-30";"South";"Chennai";"Silk Saree";"Fashion";3;3339;"10017";"CUST-70856";"Website"
"UK-2026-101908";"2026-03-13";"West";"Ahmedabad";"Ethnic Dupatta";"Fashion";2;521;"1042";"CUST-16209";"App"
"UK-2026-101209";"2026-02-10";"Central";"Nagpur";"Makeup Brush Set";"Beauty";2;1307;"2614";"CUST-97748";"App"
"UK-2026-101990";"2026-03-13";"East";"Patna";"Modern Wall Clock";"Home & Kitchen";1;778;"778";"CUST-36083";"App"
"UK-2026-104585";"2026-06-06";"South";"Hyderabad";"Matte Lipstick Set";"Beauty";2;926;"1852";"CUST-87063";"Marketplace"
"UK-2026-100620";"2026-01-02";"Central";"Bhopal";"Slim Fit Jeans";"Fashion";2;1655;"3310";"CUST-68390";"Website"
"UK-2026-100608";"2026-01-15";"North";"Delhi";"Mixer Grinder 750W";"Home & Kitchen";1;3461;"3461";"CUST-16433";"App"
"UK-2026-102119";"2026-03-29";"West";"Surat";"Air Fryer 5L";"Home & Kitchen";1;5692;"5692";"CUST-55389";"App"
"UK-2026-103919";"2026-05-21";"Central";"Indore";"Electric Kettle 1.5L";"Home & Kitchen";1;1153;"1153";"CUST-89873";"Website"
"UK-2026-101202";"2026-02-09";"Central";"Bhopal";"Modern Wall Clock";"Home & Kitchen";1;809;"809";"CUST-19738";"Website"
"UK-2026-104276";"2026-06-22";"West";"Ahmedabad";"Modern Wall Clock";"Home & Kitchen";3;833;"2499";"CUST-51037";"Website"
"UK-2026-100201";"2026-01-31";"West";"Ahmedabad";"Cotton Kurta Set";"Fashion";1;1240;"1240";"CUST-29211";"Website"
"UK-2026-102424";"2026-04-19";"South";"Bengaluru";"Power Bank 20000mAh";"Electronics";1;1846;"1846";"CUST-64826";"Marketplace"
"UK-2026-102031";"2026-03-08";"East";"Guwahati";"Dinner Set 24pc";"Home & Kitchen";3;2446;"7338";"CUST-14409";"Marketplace"
"UK-2026-102440";"2026-04-24";"South";"Chennai";"Makeup Brush Set";"Beauty";1;1267;"1267";"CUST-19224";"Website"
"UK-2026-104953";"2026-06-14";"Central";"Indore";"Noise-Cancelling Headphones";"Electronics";1;9301;"9301";"CUST-44553";"App"
"UK-2026-104000";"2026-05-16";"East";"Bhubaneswar";"Noise-Cancelling Headphones";"Electronics";1;8859;"8859";"CUST-57555";"Website"
"UK-2026-104202";"2026-06-09";"North";"Noida";"Face Wash Combo";"Beauty";2;461;"922";"CUST-33628";"Website"
"UK-2026-102693";"2026-04-08";"South";"Bengaluru";"Bluetooth Speaker Mini";"Electronics";1;1555;"1555";"CUST-94172";"Marketplace"
"UK-2026-100430";"2026-01-07";"Central";"Indore";"Ionic Hair Dryer";"Beauty";4;1862;"7448";"CUST-38364";"Website"
"UK-2026-102051";"2026-03-12";"South";"Bengaluru";"Noise-Cancelling Headphones";"Electronics";2;8845;"17690";"CUST-74681";"Website"
"UK-2026-104177";"2026-06-21";"South";"Bengaluru";"43-inch Smart TV";"Electronics";3;26748;"80244";"CUST-33793";"App"
"UK-2026-101768";"2026-03-10";"South";"Bengaluru";"Smart Watch X2";"Electronics";1;4349;"4349";"CUST-95116";"Marketplace"
"UK-2026-101950";"2026-03-16";"South";"Bengaluru";"Robot Vacuum R7";"Home & Kitchen";4;18898;"75592";"CUST-62377";"Marketplace"
"UK-2026-102239";"2026-03-05";"South";"Kochi";"Eau de Parfum 100ml";"Beauty";2;1917;"3834";"CUST-55537";"App"
"UK-2026-101665";"2026-03-15";"West";"Mumbai";"Modern Wall Clock";"Home & Kitchen";1;786;"786";"CUST-40344";"Website"
"UK-2026-103707";"2026-05-15";"West";"Surat";"Beard Grooming Kit";"Beauty";1;1027;"1027";"CUST-93327";"App"
"UK-2026-104319";"2026-06-26";"West";"Mumbai";"Eau de Parfum 100ml";"Beauty";1;2052;"2052";"CUST-17986";"Website"
"UK-2026-103923";"2026-05-03";"West";"Ahmedabad";"Smart Watch X2";"Electronics";1;4319;"4319";"CUST-84872";"App"
"UK-2026-100011";"2026-01-13";"North";"Delhi";"Gym Gloves";"Sports";1;503;"503";"CUST-97518";"App"
"UK-2026-101772";"2026-03-25";"North";"Chandigarh";"Dinner Set 24pc";"Home & Kitchen";4;2541;"10164";"CUST-20704";"Website"
"UK-2026-100970";"2026-02-11";"West";"Pune";"Makeup Brush Set";"Beauty";1;1249;"1249";"CUST-37122";"App"
"UK-2026-102021";"2026-03-05";"South";"Kochi";"Mixer Grinder 750W";"Home & Kitchen";2;3246;"6492";"CUST-33545";"Website"
"UK-2026-101101";"2026-02-19";"South";"Bengaluru";"43-inch Smart TV";"Electronics";1;26391;"26391";"CUST-23395";"App"
"UK-2026-100821";"2026-02-03";"South";"Bengaluru";"Robot Vacuum R7";"Home & Kitchen";1;19810;"19810";"CUST-48740";"Website"
"UK-2026-100250";"2026-01-24";"West";"Pune";"Mixer Grinder 750W";"Home & Kitchen";1;3340;"3340";"CUST-76106";"App"
"UK-2026-102278";"2026-04-15";"North";"Delhi";"Running Sneakers";"Fashion";1;2736;"2736";"CUST-14255";"Website"
"UK-2026-101334";"2026-02-09";"South";"Kochi";"Sunscreen SPF50";"Beauty";4;567;"2268";"CUST-14581";"App"
"UK-2026-100490";"2026-01-17";"West";"Ahmedabad";"Eau de Parfum 100ml";"Beauty";1;1918;"1918";"CUST-75418";"Website"
"UK-2026-103702";"2026-05-01";"South";"Kochi";"Dinner Set 24pc";"Home & Kitchen";1;2389;"2389";"CUST-89056";"Website"
"UK-2026-102019";"2026-03-15";"South";"Hyderabad";"Eau de Parfum 100ml";"Beauty";1;2021;"2021";"CUST-40386";"Website"
"UK-2026-100107";"2026-01-20";"West";"Mumbai";"Adjustable Dumbbells 15kg";"Sports";1;5145;"5145.00";"CUST-65105";"Website"
"UK-2026-100224";"2026-01-05";"East";"Bhubaneswar";"Smart Watch X2";"Electronics";1;4335;"4335";"CUST-79467";"App"
"UK-2026-104644";"2026-06-10";"North";"Chandigarh";"Formal Shirt";"Fashion";1;1045;"1045";"CUST-27277";"App"
"UK-2026-103394";"2026-05-29";"South";"Bengaluru";"Non-Stick Cookware Set";"Home & Kitchen";2;2793;"5586";"CUST-16792";"Marketplace"
"UK-2026-103033";"2026-04-13";"West";"Mumbai";"Formal Shirt";"Fashion";4;1053;"4212";"CUST-36402";"App"
"UK-2026-102657";"2026-04-12";"North";"Delhi";"Foldable Treadmill T2";"Sports";1;26102;"26102";"CUST-62513";"App"
"UK-2026-102836";"2026-04-06";"South";"Chennai";"Gym Gloves";"Sports";1;516;"516";"CUST-81517";"Marketplace"
"UK-2026-103287";"2026-05-09";"South";"Bengaluru";"Bluetooth Speaker Mini";"Electronics";1;1562;"1562";"CUST-51207";"Marketplace"
"UK-2026-103306";"2026-05-06";"South";"Hyderabad";"Cotton Bedsheet Set";"Home & Kitchen";1;1354;"1354";"CUST-63647";"App"
"UK-2026-101213";"2026-02-22";"West";"Surat";"Adjustable Dumbbells 15kg";"Sports";1;4996;"4996";"CUST-92650";"App"
"UK-2026-104738";"2026-06-14";"North";"Noida";"Leather Wallet";"Fashion";2;924;"1848";"CUST-73612";"Website"
"UK-2026-102993";"2026-04-27";"South";"Kochi";"Modern Wall Clock";"Home & Kitchen";3;785;"2355";"CUST-68309";"App"
"UK-2026-104462";"2026-06-09";"East";"Guwahati";"Electric Kettle 1.5L";"Home & Kitchen";2;1099;"2198";"CUST-82521";"App"
"UK-2026-103446";"2026-05-03";"North";"Chandigarh";"Leather Wallet";"Fashion";2;877;"1754";"CUST-62731";"Website"
"UK-2026-101081";"2026-02-03";"West";"Mumbai";"Ionic Hair Dryer";"Beauty";1;1805;"1805";"CUST-94569";"App"
"UK-2026-104829";"2026-06-17";"West";"Mumbai";"Face Wash Combo";"Beauty";1;442;"442";"CUST-80507";"Website"
"UK-2026-102164";"2026-03-16";"Central";"Indore";"Makeup Brush Set";"Beauty";4;1315;"5260";"CUST-70719";"Marketplace"
"UK-2026-101580";"2026-03-07";"North";"Gurugram";"Ultrabook Air 14";"Electronics";1;28967;"28967";"CUST-95592";"Website"
"UK-2026-101837";"2026-03-23";"West";"Ahmedabad";"Ultrabook Air 14";"Electronics";1;29322;"29322";"CUST-88102";"Website"
"UK-2026-102504";"2026-04-21";"North";"Gurugram";"Badminton Racket Set";"Sports";2;2441;"4882";"CUST-67786";"Website"
"UK-2026-104401";"2026-06-14";"Central";"Nagpur";"Face Wash Combo";"Beauty";1;428;"428";"CUST-93327";"Website"
"UK-2026-100211";"2026-01-06";"South";"Bengaluru";"Air Fryer 5L";"Home & Kitchen";1;5264;"5264";"CUST-44391";"App"
"UK-2026-100829";"2026-02-21";"North";"Noida";"Ultrabook Air 14";"Electronics";1;28595;"28595";"CUST-75580";"App"
"UK-2026-102743";"2026-04-22";"South";"Bengaluru";"Mixer Grinder 750W";"Home & Kitchen";2;3336;"6672";"CUST-15646";"App"
"UK-2026-102408";"2026-04-06";"West";"Surat";"Mirrorless Camera Lite";"Electronics";1;29884;"29884";"CUST-27630";"App"
"UK-2026-100787";"2026-02-05";"South";"Kochi";"43-inch Smart TV";"Electronics";2;27232;"54464";"CUST-96054";"App"
"UK-2026-104961";"2026-06-14";"South";"Kochi";"Robot Vacuum R7";"Home & Kitchen";2;18623;"37246";"CUST-56671";"App"
"UK-2026-101801";"2026-03-28";"West";"Surat";"Mixer Grinder 750W";"Home & Kitchen";1;3367;"3367";"CUST-74976";"Website"
"UK-2026-100718";"2026-01-16";"North";"Chandigarh";"Cycling Helmet";"Sports";2;1668;"3336";"CUST-90180";"Website"
"UK-2026-101499";"2026-03-21";"West";"Ahmedabad";"43-inch Smart TV";"Electronics";2;24880;"49760";"CUST-55747";"Marketplace"
"UK-2026-102496";"2026-04-12";"South";"Kochi";"Electric Kettle 1.5L";"Home & Kitchen";1;1102;"1102";"CUST-27974";"App"
"UK-2026-104696";"2026-06-17";"South";"Bengaluru";"Foldable Treadmill T2";"Sports";1;24352;"24352";"CUST-51770";"App"
"UK-2026-100363";"2026-01-15";"South";"Chennai";"Mirrorless Camera Lite";"Electronics";2;29445;"58890";"CUST-33723";"Website"
"UK-2026-103689";"2026-05-31";"North";"Noida";"Mirrorless Camera Lite";"Electronics";1;30209;"30209";"CUST-78699";"App"
"UK-2026-101343";"2026-02-15";"West";"Pune";"Smart Watch X2";"Electronics";2;4295;"8590";"CUST-67929";"Website"
"UK-2026-104344";"2026-06-04";"North";"Delhi";"Vitamin C Serum";"Beauty";1;702;"702";"CUST-51318";"App"
"UK-2026-103619";"2026-05-20";"East";"Kolkata";"Noise-Cancelling Headphones";"Electronics";2;8979;"17958";"CUST-26012";"App"
"UK-2026-101531";"2026-03-24";"South";"Bengaluru";"43-inch Smart TV";"Electronics";1;26256;"26256";"CUST-49686";"Website"
"UK-2026-103563";"2026-05-11";"West";"Surat";"Cricket Bat English Willow";"Sports";1;8643;"8643";"CUST-78699";"App"
"UK-2026-104913";"2026-06-10";"North";"Delhi";"Mirrorless Camera Lite";"Electronics";1;29206;"29206";"CUST-11634";"App"
"UK-2026-104062";"2026-06-07";"South";"Hyderabad";"Ultrabook Air 14";"Electronics";1;28769;"28769";"CUST-29527";"App"
"UK-2026-100033";"2026-01-24";"North";"Noida";"Noise-Cancelling Headphones";"Electronics";2;9325;"18650";"CUST-94612";"Marketplace"
"UK-2026-102469";"2026-04-26";"West";"Pune";"Leather Wallet";"Fashion";2;875;"1750";"CUST-17116";"App"
"UK-2026-101302";"2026-02-02";"South";"Hyderabad";"Ethnic Dupatta";"Fashion";1;503;"503";"CUST-78941";"App"
"UK-2026-102212";"2026-03-16";"West";"Surat";"Bluetooth Speaker Mini";"Electronics";2;1444;"2888";"CUST-66803";"App"
"UK-2026-102858";"2026-04-16";"West";"Ahmedabad";"Matte Lipstick Set";"Beauty";2;862;"1724";"CUST-86230";"App"
"UK-2026-101746";"2026-03-14";"East";"Kolkata";"Electric Kettle 1.5L";"Home & Kitchen";2;1052;"2104";"CUST-65092";"Website"
"UK-2026-100168";"2026-01-22";"South";"Cochin";"Wireless Earbuds Pro";"Electronics";1;2910;"2910";"CUST-36990";"Marketplace"
"UK-2026-100040";"2026-01-29";"West";"Ahmedabad";"Air Fryer 5L";"Home & Kitchen";1;5265;"5265";"CUST-51044";"Website"
"UK-2026-101627";"2026-03-17";"North";"Chandigarh";"Face Wash Combo";"Beauty";1;438;"438";"CUST-72415";"App"
"UK-2026-100104";"2026-01-13";"North";"Noida";"Beard Grooming Kit";"Beauty";2;958;"1916";"CUST-49714";"App"
"UK-2026-104660";"2026-06-15";"North";"Gurugram";"Silk Saree";"Fashion";1;3586;"3586";"CUST-74907";"App"
"UK-2026-101359";"2026-02-05";"West";"Ahmedabad";"Denim Jacket";"Fashion";1;2196;"2196";"CUST-41455";"Website"
"UK-2026-101524";"2026-03-04";"South";"Hyderabad";"Face Wash Combo";"Beauty";1;467;"467";"CUST-49887";"App"
"UK-2026-104307";"2026-06-24";"South";"Bengaluru";"Beard Grooming Kit";"Beauty";1;949;"949";"CUST-61396";"Website"
"UK-2026-100082";"2026-01-29";"South";"Bengaluru";"Yoga Mat Pro";"Sports";1;1184;"1184";"CUST-50032";"App"
"UK-2026-104358";"2026-06-07";"North";"Delhi";"Mirrorless Camera Lite";"Electronics";1;29872;"29872";"CUST-36906";"App"
"UK-2026-100064";"2026-01-11";"East";"Bhubaneswar";"Dinner Set 24pc";"Home & Kitchen";1;2452;"2452";"CUST-27974";"Website"
"UK-2026-102037";"2026-03-15";"West";"Pune";"Sunscreen SPF50";"Beauty";1;557;"557";"CUST-61531";"Website"
"UK-2026-101609";"2026-03-11";"Central";"Bhopal";"Adjustable Dumbbells 15kg";"Sports";1;5234;"5234";"CUST-28095";"Website"
"UK-2026-103756";"2026-05-21";"West";"Pune";"Smart Watch X2";"Electronics";1;4329;"4329";"CUST-97730";"Marketplace"
"UK-2026-102153";"2026-03-12";"West";"Mumbai";"Cotton Bedsheet Set";"Home & Kitchen";1;1466;"1466";"CUST-33126";"App"
"UK-2026-103086";"2026-04-01";"West";"Ahmedabad";"43-inch Smart TV";"Electronics";1;24853;"24853";"CUST-92390";"Marketplace"
"UK-2026-101307";"2026-02-11";"Central";"Indore";"Power Bank 20000mAh";"Electronics";3;1862;"5586";"CUST-86709";"Marketplace"
"UK-2026-104894";"2026-06-18";"South";"Kochi";"Dinner Set 24pc";"Home & Kitchen";2;2578;"5156";"CUST-27498";"Website"
"UK-2026-101219";"2026-02-06";"West";"Mumbai";"Gym Gloves";"Sports";1;492;"492";"CUST-85856";"Website"
"UK-2026-102975";"2026-04-08";"East";"Kolkata";"Formal Shirt";"Fashion";2;1080;"2160";"CUST-18075";"App"
"UK-2026-104463";"2026-06-14";"North";"Chandigarh";"Cotton Bedsheet Set";"Home & Kitchen";1;1370;"1370";"CUST-78416";"Marketplace"
"UK-2026-101175";"2026-02-02";"South";"Kochi";"Non-Stick Cookware Set";"Home & Kitchen";1;2913;"2913";"CUST-96579";"App"
"UK-2026-100131";"2026-01-26";"South";"Bengaluru";"Dinner Set 24pc";"Home & Kitchen";2;2391;"4782";"CUST-33723";"App"
"UK-2026-100075";"2026-01-08";"South";"Chennai";"Face Wash Combo";"Beauty";1;455;"455";"CUST-70925";"App"
"UK-2026-103151";"2026-05-01";"South";"Chennai";"Non-Stick Cookware Set";"Home & Kitchen";1;2997;"2997";"CUST-67689";"Website"
"UK-2026-100045";"2026-01-02";"East";"Guwahati";"Smart Watch X2";"Electronics";1;4602;"4602";"CUST-56942";"App"
"UK-2026-100193";"2026-01-27";"Central";"Raipur";"Denim Jacket";"Fashion";1;2191;"2191";"CUST-47743";"Website"
"UK-2026-102855";"2026-04-29";"West";"Surat";"Silk Saree";"Fashion";1;3391;"3391";"CUST-57183";"App"
"UK-2026-100716";"2026-01-20";"South";"Kochi";"Robot Vacuum R7";"Home & Kitchen";1;18724;"18724";"CUST-53026";"Website"
"UK-2026-103922";"2026-05-17";"South";"Bengaluru";"Football Size 5";"Sports";1;876;"876";"CUST-98738";"Website"
"UK-2026-104963";"2026-06-06";"North";"Chandigarh";"Leather Wallet";"Fashion";1;925;"925";"CUST-64968";"App"
"UK-2026-102049";"2026-03-18";"South";"Chennai";"Bluetooth Speaker Mini";"Electronics";1;1573;"1573";"CUST-42366";"Website"
"UK-2026-102790";"2026-04-30";"North";"Chandigarh";"Ethnic Dupatta";"Fashion";1;519;"519";"CUST-87326";"Website"
"UK-2026-104105";"2026-06-28";"South";"Hyderabad";"Face Wash Combo";"Beauty";1;469;"469";"CUST-89042";"App"
"UK-2026-104693";"2026-06-08";"South";"Bengaluru";"Robot Vacuum R7";"Home & Kitchen";2;18301;"36602";"CUST-90070";"Website"
"UK-2026-101601";"2026-03-30";"West";"Pune";"Running Sneakers";"Fashion";1;2835;"2835";"CUST-35579";"Website"
"UK-2026-103789";"2026-05-25";"East";"Patna";"Running Sneakers";"Fashion";1;2720;"2720";"CUST-78039";"App"
"UK-2026-101259";"2026-02-08";"Central";"Nagpur";"Smart Watch X2";"Electronics";1;4532;"4532";"CUST-17210";"App"
"UK-2026-103369";"2026-05-09";"North";"Gurugram";"Robot Vacuum R7";"Home & Kitchen";1;19278;"19278";"CUST-54856";"App"
"UK-2026-103669";"2026-05-12";"South";"Bengaluru";"Smart Watch X2";"Electronics";2;4581;"9162";"CUST-60707";"Marketplace"
"UK-2026-102521";"2026-04-29";"South";"Hyderabad";"Sunscreen SPF50";"Beauty";1;533;"533";"CUST-13360";"App"
"UK-2026-101501";"2026-03-10";"Central";"Raipur";"Bluetooth Speaker Mini";"Electronics";2;1481;"2962";"CUST-59596";"Marketplace"
"UK-2026-103428";"2026-05-09";"Central";"Nagpur";"Dinner Set 24pc";"Home & Kitchen";4;2437;"9748";"CUST-35696";"Marketplace"
"UK-2026-100289";"2026-01-24";"Central";"Raipur";"Foldable Treadmill T2";"Sports";2;25516;"51032";"CUST-75452";"Website"
"UK-2026-104694";"2026-06-06";"West";"Surat";"Vitamin C Serum";"Beauty";1;710;"710";"CUST-57067";"Marketplace"
"UK-2026-100841";"2026-02-13";"South";"Chennai";"Ionic Hair Dryer";"Beauty";1;1961;"1961";"CUST-66384";"App"
"UK-2026-100101";"2026-01-05";"North";"New Delhi";"Mixer Grinder 750W";"Home & Kitchen";1;3436;"3436";"CUST-96973";"App"
"UK-2026-102937";"2026-04-05";"West";"Ahmedabad";"Cotton Bedsheet Set";"Home & Kitchen";1;1405;"1405";"CUST-84379";"Website"
"UK-2026-103928";"2026-05-05";"South";"Kochi";"Smart Watch X2";"Electronics";1;4703;"4703";"CUST-95633";"App"
"UK-2026-101425";"2026-02-18";"North";"Noida";"Slim Fit Jeans";"Fashion";1;1652;"1652";"CUST-24236";"Website"
"UK-2026-104943";"2026-06-28";"West";"Surat";"Ethnic Dupatta";"Fashion";1;494;"494";"CUST-64971";"App"
"UK-2026-101873";"2026-03-09";"Central";"Bhopal";"Leather Wallet";"Fashion";1;926;"926";"CUST-26611";"Marketplace"
"UK-2026-100687";"2026-01-10";"North";"Gurugram";"Gym Gloves";"Sports";1;505;"505";"CUST-72885";"Website"
"UK-2026-102064";"2026-03-18";"East";"Guwahati";"Power Bank 20000mAh";"Electronics";1;1752;"1752";"CUST-15807";"Website"
"UK-2026-102222";"2026-03-31";"West";"Pune";"Non-Stick Cookware Set";"Home & Kitchen";1;2853;"2853";"CUST-80334";"App"
"UK-2026-102793";"2026-04-25";"East";"Guwahati";"43-inch Smart TV";"Electronics";1;26823;"26823";"CUST-36083";"App"
"UK-2026-101619";"2026-03-27";"South";"Chennai";"Non-Stick Cookware Set";"Home & Kitchen";1;2779;"2779";"CUST-35414";"Website"
"UK-2026-104596";"2026-06-09";"South";"Chennai";"Slim Fit Jeans";"Fashion";1;1546;"1546";"CUST-16451";"App"
"UK-2026-101734";"2026-03-03";"West";"Ahmedabad";"Adjustable Dumbbells 15kg";"Sports";1;4781;"4781";"CUST-65426";"App"
"UK-2026-102951";"2026-04-30";"West";"Ahmedabad";"Badminton Racket Set";"Sports";1;2377;"2377";"CUST-21140";"Marketplace"
"UK-2026-101646";"2026-03-17";"South";"Kochi";"Smart Watch X2";"Electronics";3;4569;"13707";"CUST-55810";"Marketplace"
"UK-2026-101276";"2026-02-01";"North";"Gurugram";"Mirrorless Camera Lite";"Electronics";1;29842;"29842";"CUST-31586";"App"
"UK-2026-102366";"2026-04-28";"East";"Bhubaneswar";"Noise-Cancelling Headphones";"Electronics";1;9098;"9098";"CUST-46248";"App"
"UK-2026-102685";"2026-04-09";"North";"Delhi";"Bluetooth Speaker Mini";"Electronics";1;1475;"1475";"CUST-78079";"Website"
"UK-2026-103631";"2026-05-07";"West";"Ahmedabad";"Cotton Bedsheet Set";"Home & Kitchen";1;1355;"1355";"CUST-75462";"Website"
"UK-2026-102505";"2026-04-13";"West";"Pune";"Eau de Parfum 100ml";"Beauty";1;2090;"2090";"CUST-66102";"App"
"UK-2026-100120";"2026-01-29";"West";"Ahmedabad";"Slim Fit Jeans";"Fashion";1;1595;"1595";"CUST-48213";"App"
"UK-2026-101861";"2026-03-03";"Central";"Indore";"Leather Wallet";"Fashion";2;942;"1884";"CUST-27904";"App"
"UK-2026-100068";"2026-01-23";"South";"Bengaluru";"Smart Watch X2";"Electronics";1;4470;"4470";"CUST-12575";"Marketplace"
"UK-2026-100378";"2026-01-30";"West";"Surat";"Denim Jacket";"Fashion";1;2098;"2098";"CUST-50060";"Marketplace"
"UK-2026-101128";"2026-02-08";"East";"Patna";"Silk Saree";"Fashion";1;3516;"3516";"CUST-25358";"App"
"UK-2026-101477";"2026-03-18";"East";"Kolkata";"Wireless Earbuds Pro";"Electronics";1;2893;"2893.00";"CUST-33810";"App"
"UK-2026-100529";"2026-01-23";"West";"Surat";"Modern Wall Clock";"Home & Kitchen";3;775;"2325";"CUST-65550";"App"
"UK-2026-104567";"2026-06-24";"North";"CHANDIGARH";"Bluetooth Speaker Mini";"Electronics";1;1557;"1557";"CUST-67734";"App"
"UK-2026-103820";"2026-05-25";"South";"Chennai";"Cotton Kurta Set";"Fashion";2;1354;"2708";"CUST-18937";"App"
"UK-2026-103746";"2026-05-12";"East";"Guwahati";"Cotton Bedsheet Set";"Home & Kitchen";1;1459;"1459";"CUST-57353";"Website"
"UK-2026-102963";"2026-04-10";"North";"Gurugram";"Ultrabook Air 14";"Electronics";1;31207;"31207";"CUST-45291";"App"
"UK-2026-102452";"2026-04-18";"West";"Ahmedabad";"Vitamin C Serum";"Beauty";3;677;"2031";"CUST-27286";"Website"
"UK-2026-102667";"2026-04-14";"West";"Ahmedabad";"Mirrorless Camera Lite";"Electronics";1;29125;"29125";"CUST-52894";"App"
"UK-2026-103966";"2026-05-04";"South";"Chennai";"Modern Wall Clock";"Home & Kitchen";1;822;"822";"CUST-95305";"App"
"UK-2026-102672";"2026-04-23";"East";"Patna";"Beard Grooming Kit";"Beauty";2;979;"1958";"CUST-74681";"App"
"UK-2026-101675";"2026-03-07";"Central";"Nagpur";"Football Size 5";"Sports";1;866;"866";"CUST-54301";"Website"
"UK-2026-103440";"2026-05-04";"West";"Mumbai";"43-inch Smart TV";"Electronics";1;25780;"25780";"CUST-29211";"Marketplace"
"UK-2026-102638";"2026-04-28";"North";"Delhi";"Mixer Grinder 750W";"Home & Kitchen";1;3272;"3272";"CUST-77175";"App"
"UK-2026-102237";"2026-03-04";"North";"Gurugram";"43-inch Smart TV";"Electronics";1;24889;"24889";"CUST-27938";"App"
"UK-2026-102884";"2026-04-14";"Central";"Raipur";"Slim Fit Jeans";"Fashion";1;1559;"1559";"CUST-43365";"App"
"UK-2026-104555";"2026-06-24";"South";"Kochi";"Dinner Set 24pc";"Home & Kitchen";1;2546;"2546";"CUST-76697";"App"
"UK-2026-103048";"2026-04-14";"West";"Ahmedabad";"Modern Wall Clock";"Home & Kitchen";1;766;"766";"CUST-31333";"Website"
"UK-2026-101186";"2026-02-11";"South";"Chennai";"Running Sneakers";"Fashion";1;2832;"2832";"CUST-44746";"Marketplace"
"UK-2026-100602";"2026-01-07";"West";"Ahmedabad";"Slim Fit Jeans";"Fashion";2;1675;"3350";"CUST-86626";"Website"
"UK-2026-101639";"2026-03-07";"Central";"Indore";"Sunscreen SPF50";"Beauty";2;524;"1048";"CUST-57262";"Marketplace"
"UK-2026-102145";"2026-03-06";"West";"Mumbai";"Cycling Helmet";"Sports";1;1617;"1617";"CUST-82015";"App"
"UK-2026-104749";"2026-06-20";"East";"Guwahati";"Noise-Cancelling Headphones";"Electronics";1;8813;"8813";"CUST-72138";"Website"
"UK-2026-102349";"2026-04-15";"West";"Mumbai";"Leather Wallet";"Fashion";4;891;"3564";"CUST-64993";"App"
"UK-2026-100593";"2026-01-02";"East";"Guwahati";"Ultrabook Air 14";"Electronics";2;29166;"58332";"CUST-70856";"App"
"UK-2026-103443";"2026-05-21";"North";"Gurugram";"Noise-Cancelling Headphones";"Electronics";1;9390;"9390";"CUST-37122";"Website"
"UK-2026-103547";"2026-05-26";"West";"Pune";"Formal Shirt";"Fashion";1;1073;"1073";"CUST-52100";"App"
"UK-2026-102518";"2026-04-01";"South";"Bengaluru";"Cricket Bat English Willow";"Sports";1;8830;"8830";"CUST-74547";"App"
"UK-2026-102839";"2026-04-21";"North";"Delhi";"Leather Wallet";"Fashion";1;901;"901";"CUST-84457";"App"
"UK-2026-101411";"2026-02-05";"South";"Hyderabad";"Makeup Brush Set";"Beauty";1;1278;"1278";"CUST-38899";"App"
"UK-2026-104849";"2026-06-07";"West";"Pune";"Smart Watch X2";"Electronics";1;4382;"4382";"CUST-56671";"Marketplace"
"UK-2026-100057";"2026-01-12";"North";"Delhi";"Smart Watch X2";"Electronics";1;4688;"4688.00";"CUST-38900";"App"
"UK-2026-100533";"2026-01-24";"South";"Kochi";"Denim Jacket";"Fashion";4;2120;"8480";"CUST-23710";"App"
"UK-2026-100451";"2026-01-29";"West";"Mumbai";"Leather Wallet";"Fashion";1;915;"915";"CUST-12568";"App"
"UK-2026-100183";"2026-01-09";"South";"Kochi";"Leather Wallet";"Fashion";2;878;"1756";"CUST-27277";"App"
"UK-2026-103777";"2026-05-26";"East";"Patna";"Beard Grooming Kit";"Beauty";1;970;"970";"CUST-88915";"Marketplace"
"UK-2026-101802";"2026-03-14";"West";"Surat";"Robot Vacuum R7";"Home & Kitchen";1;18877;"18877";"CUST-66571";"Website"
"UK-2026-104004";"2026-05-09";"North";"Gurugram";"Wireless Earbuds Pro";"Electronics";1;3075;"3075";"CUST-58889";"Website"
"UK-2026-103920";"2026-05-25";"East";"Kolkata";"Mirrorless Camera Lite";"Electronics";1;29497;"29497";"CUST-21267";"Website"
"UK-2026-104532";"2026-06-18";"East";"Guwahati";"Gym Gloves";"Sports";1;512;"512";"CUST-18893";"Website"
"UK-2026-101592";"2026-03-23";"South";"Kochi";"Ultrabook Air 14";"Electronics";1;30618;"30618";"CUST-87827";"Website"
"UK-2026-100999";"2026-02-25";"West";"Mumbai";"Mixer Grinder 750W";"Home & Kitchen";2;3310;"6620";"CUST-41249";"Website"
"UK-2026-103312";"2026-05-07";"East";"Kolkata";"Leather Wallet";"Fashion";1;882;"882";"CUST-68717";"Website"
"UK-2026-104419";"2026-06-23";"South";"Hyderabad";"Eau de Parfum 100ml";"Beauty";1;1982;"1982";"CUST-59175";"App"
"UK-2026-100001";"2026-01-17";"Central";"Nagpur";"Ethnic Dupatta";"Fashion";1;523;"523";"CUST-70925";"App"
"UK-2026-101940";"2026-03-19";"East";"Kolkata";"Denim Jacket";"Fashion";1;2221;"2221";"CUST-32112";"App"
"UK-2026-104224";"2026-06-24";"North";"Chandigarh";"Ultrabook Air 14";"Electronics";1;28852;"28852";"CUST-25074";"Marketplace"
"UK-2026-101972";"2026-03-27";"West";"Surat";"adjustable dumbbells 15kg";"Sports";1;5083;"5083";"CUST-93583";"App"
"UK-2026-104731";"2026-06-09";"North";"Gurugram";"Leather Wallet";"Fashion";1;911;"911";"CUST-94310";"Marketplace"
"UK-2026-103865";"2026-05-26";"North";"Noida";"Noise-Cancelling Headphones";"Electronics";1;8707;"8707";"CUST-48462";"App"
"UK-2026-103347";"2026-05-12";"North";"Chandigarh";"Ionic Hair Dryer";"Beauty";2;1930;"3860.00";"CUST-81387";"App"
"UK-2026-102643";"2026-04-23";"West";"Ahmedabad";"Mirrorless Camera Lite";"Electronics";2;29375;"58750";"CUST-70998";"App"
"UK-2026-100985";"2026-02-28";"North";"Chandigarh";"Beard Grooming Kit";"Beauty";1;989;"989";"CUST-42155";"App"
"UK-2026-101184";"2026-02-13";"South";"Chennai";"Football Size 5";"Sports";1;929;"929";"CUST-44429";"App"
"UK-2026-102882";"2026-04-15";"North";"Delhi";"Sunscreen SPF50";"Beauty";1;533;"533";"CUST-61396";"App"
"UK-2026-100606";"2026-01-03";"Central";"Nagpur";"Matte Lipstick Set";"Beauty";1;878;"878";"CUST-66247";"Website"
"UK-2026-104709";"2026-06-14";"West";"Mumbai";"Sunscreen SPF50";"Beauty";1;574;"574";"CUST-79817";"App"
"UK-2026-100505";"2026-01-07";"South";"Kochi";"Smart Watch X2";"Electronics";1;4581;"4581";"CUST-98025";"App"
"UK-2026-101553";"2026-03-27";"South";"Hyderabad";"Football Size 5";"Sports";1;911;"911";"CUST-37390";"App"
"UK-2026-103483";"2026-05-24";"East";"Guwahati";"Foldable Treadmill T2";"Sports";1;24728;"24728";"CUST-22989";"App"
"UK-2026-103816";"2026-05-02";"East";"Kolkata";"Modern Wall Clock";"Home & Kitchen";1;828;"828";"CUST-78925";"Marketplace"
"UK-2026-104792";"2026-06-26";"West";"Ahmedabad";"Sunscreen SPF50";"Beauty";1;555;"555";"CUST-78090";"Website"
"UK-2026-103268";"2026-05-31";"West";"Pune";"Slim Fit Jeans";"Fashion";1;1608;"1608";"CUST-54856";"Website"
"UK-2026-101060";"2026-02-19";"Central";"Nagpur";"Beard Grooming Kit";"Beauty";1;1015;"1015";"CUST-76471";"Website"
"UK-2026-102067";"2026-03-27";"North";"Chandigarh";"Mixer Grinder 750W";"Home & Kitchen";1;3462;"3462";"CUST-79620";"App"
"UK-2026-100316";"2026-01-26";"West";"Ahmedabad";"Beard Grooming Kit";"Beauty";3;1009;"3027";"CUST-60309";"App"
"UK-2026-103597";"2026-05-16";"East";"Guwahati";"Mixer Grinder 750W";"Home & Kitchen";1;3383;"3383";"CUST-69095";"App"
"UK-2026-102026";"2026-03-28";"South";"Kochi";"Modern Wall Clock";"Home & Kitchen";2;770;"1540";"CUST-22587";"Marketplace"
"UK-2026-100106";"2026-01-27";"West";"Ahmedabad";"Ionic Hair Dryer";"Beauty";1;1979;"1979";"CUST-40338";"Website"
"UK-2026-104719";"2026-06-27";"East";"Patna";"Air Fryer 5L";"Home & Kitchen";1;5589;"5589";"CUST-82174";"App"
"UK-2026-104579";"2026-06-14";"West";"Ahmedabad";"Smart Watch X2";"Electronics";1;4298;"4298";"CUST-33603";"Website"
"UK-2026-101546";"2026-03-14";"South";"Hyderabad";"Denim Jacket";"Fashion";1;2207;"2207";"CUST-71609";"App"
"UK-2026-101253";"2026-02-10";"South";"Kochi";"Makeup Brush Set";"Beauty";2;1252;"2504";"CUST-72665";"App"
"UK-2026-102768";"2026-04-19";"South";"Kochi";"Modern Wall Clock";"Home & Kitchen";1;807;"807";"CUST-25692";"App"
"UK-2026-103396";"2026-05-18";"Central";"Indore";"Ionic Hair Dryer";"Beauty";1;1840;"1840";"CUST-24749";"App"
"UK-2026-102701";"2026-04-01";"North";"Gurugram";"Running Sneakers";"Fashion";2;2923;"5846";"CUST-81546";"Marketplace"
"UK-2026-103323";"2026-05-05";"East";"Guwahati";"Air Fryer 5L";"Home & Kitchen";2;5646;"11292";"CUST-88268";"Marketplace"
"UK-2026-103993";"2026-05-06";"West";"Pune";"Mirrorless Camera Lite";"Electronics";2;28123;"56246";"CUST-25762";"App"
"UK-2026-100243";"2026-01-11";"North";"Noida";"Formal Shirt";"Fashion";3;1102;"3306";"CUST-42969";"App"
"UK-2026-103550";"2026-05-16";"East";"Patna";"Cotton Bedsheet Set";"Home & Kitchen";1;1463;"1463";"CUST-42155";"Website"
"UK-2026-103585";"2026-05-14";"North";"Gurugram";"Vitamin C Serum";"Beauty";1;730;"730";"CUST-79416";"App"
"UK-2026-100609";"2026-01-02";"North";"Noida";"Running Sneakers";"Fashion";2;2758;"5516";"CUST-55497";"Website"
"UK-2026-100800";"2026-02-02";"West";"Surat";"Ultrabook Air 14";"Electronics";1;28893;"28893.00";"CUST-44658";"Marketplace"
"UK-2026-101685";"2026-03-29";"Central";"Indore";"Bluetooth Speaker Mini";"Electronics";1;1437;"1437";"CUST-53338";"App"
"UK-2026-103588";"2026-05-09";"Central";"Bhopal";"Vitamin C Serum";"Beauty";1;701;"701";"CUST-82184";"App"
"UK-2026-101578";"2026-03-07";"South";"Hyderabad";"Smart Watch X2";"Electronics";4;4296;"17184";"CUST-14109";"Marketplace"
"UK-2026-100497";"2026-01-11";"North";"Noida";"Power Bank 20000mAh";"Electronics";2;1885;"3770";"CUST-54393";"Marketplace"
"UK-2026-103337";"2026-05-03";"North";"Gurugram";"Eau de Parfum 100ml";"Beauty";2;2018;"4036";"CUST-91211";"App"
"UK-2026-104075";"2026-06-19";"West";"Ahmedabad";"Cotton Kurta Set";"Fashion";1;1293;"1293";"CUST-16142";"App"
"UK-2026-100158";"2026-01-02";"North";"Gurugram";"Formal Shirt";"Fashion";1;1046;"1046";"CUST-19494";"App"
"UK-2026-101121";"2026-02-19";"South";"Hyderabad";"43-inch Smart TV";"Electronics";1;25308;"25308";"CUST-31686";"Marketplace"
"UK-2026-102389";"2026-04-17";"North";"New Delhi";"Cotton Kurta Set";"Fashion";1;1271;"1271";"CUST-45221";"Website"
"UK-2026-102713";"2026-04-15";"Central";"Bhopal";"Robot Vacuum R7";"Home & Kitchen";1;19244;"19244";"CUST-61909";"Website"
"UK-2026-104994";"2026-06-29";"East";"Patna";"Air Fryer 5L";"Home & Kitchen";2;5577;"11154";"CUST-36373";"Marketplace"
"UK-2026-100093";"2026-01-18";"Central";"Nagpur";"Badminton Racket Set";"Sports";4;2575;"10300";"CUST-62377";"App"
"UK-2026-104599";"2026-06-27";"North";"Chandigarh";"Yoga Mat Pro";"Sports";1;1188;"1188";"CUST-98738";"App"
"UK-2026-104840";"2026-06-11";"East";"Kolkata";"Noise-Cancelling Headphones";"Electronics";1;8960;"8960";"CUST-88562";"Marketplace"
"UK-2026-101854";"2026-03-04";"South";"Kochi";"Bluetooth Speaker Mini";"Electronics";1;1460;"1460";"CUST-35696";"App"
"UK-2026-104770";"2026-06-18";"East";"Bhubaneswar";"Silk Saree";"Fashion";1;3537;"3537";"CUST-31874";"Website"
"UK-2026-104646";"2026-06-28";"East";"Bhubaneswar";"Matte Lipstick Set";"Beauty";1;898;"898";"CUST-44237";"App"
"UK-2026-103645";"2026-05-19";"South";"Bengaluru";"Face Wash Combo";"Beauty";1;467;"467";"CUST-73692";"Marketplace"
"UK-2026-101804";"2026-03-20";"West";"Surat";"Cotton Bedsheet Set";"Home & Kitchen";1;1351;"1351";"CUST-51080";"App"
"UK-2026-102146";"2026-03-03";"North";"Chandigarh";"Foldable Treadmill T2";"Sports";1;26052;"26052";"CUST-46892";"Website"
"UK-2026-100670";"2026-01-01";"South";"Madras";"Yoga Mat Pro";"Sports";1;1217;"1217";"CUST-25865";"Website"
"UK-2026-103023";"2026-04-16";"West";"Mumbai";"Bluetooth Speaker Mini";"Electronics";2;1561;"3122";"CUST-95597";"Marketplace"
"UK-2026-104757";"2026-06-24";"North";"New Delhi";"Power Bank 20000mAh";"Electronics";1;1792;"1792";"CUST-58569";"App"
"UK-2026-104802";"2026-06-21";"West";"Surat";"Slim Fit Jeans";"Fashion";1;1524;"1524";"CUST-32235";"App"
"UK-2026-101526";"2026-03-05";"East";"Patna";"Bluetooth Speaker Mini";"Electronics";2;1484;"2968";"CUST-55772";"Website"
"UK-2026-104052";"2026-06-24";"East";"Guwahati";"Face Wash Combo";"Beauty";1;450;"450";"CUST-62981";"Marketplace"
"UK-2026-103095";"2026-05-30";"South";"Kochi";"Ultrabook Air 14";"Electronics";1;29015;"29015";"CUST-76697";"Website"
"UK-2026-100004";"2026-01-29";"South";"Hyderabad";"Cycling Helmet";"Sports";2;1621;"3242";"CUST-31033";"Website"
"UK-2026-101417";"2026-02-21";"South";"Hyderabad";"Cycling Helmet";"Sports";1;1644;"1644";"CUST-28764";"Website"
"UK-2026-104109";"2026-06-14";"East";"Bhubaneswar";"Ethnic Dupatta";"Fashion";1;483;"483";"CUST-55549";"Marketplace"
"UK-2026-104958";"2026-06-01";"North";"Noida";"Bluetooth Speaker Mini";"Electronics";1;1498;"1498";"CUST-70347";"Marketplace"
"UK-2026-101009";"2026-02-08";"West";"Mumbai";"Badminton Racket Set";"Sports";1;2386;"2386";"CUST-77021";"App"
"UK-2026-103725";"2026-05-15";"North";"Delhi";"Badminton Racket Set";"Sports";1;2542;"2542";"CUST-68825";"Marketplace"
"UK-2026-101100";"2026-02-18";"West";"Ahmedabad";"Air Fryer 5L";"Home & Kitchen";1;5611;"5611";"CUST-95116";"App"
"UK-2026-100843";"2026-02-02";"North";"Delhi";"Power Bank 20000mAh";"Electronics";1;1773;"1773";"CUST-19616";"App"
"UK-2026-103352";"2026-05-21";"South";"Hyderabad";"Smart Watch X2";"Electronics";1;4275;"4275";"CUST-45159";"App"
"UK-2026-103459";"2026-05-13";"North";"Gurugram";"Modern Wall Clock";"Home & Kitchen";1;825;"825";"CUST-76739";"App"
"UK-2026-101332";"2026-02-15";"North";"Noida";"Cotton Bedsheet Set";"Home & Kitchen";1;1455;"1455";"CUST-85861";"Website"
"UK-2026-101203";"2026-02-18";"South";"Bengaluru";"Robot Vacuum R7";"Home & Kitchen";1;19715;"19715";"CUST-84163";"Website"
"UK-2026-102515";"2026-04-30";"North";"Delhi";"Silk Saree";"Fashion";1;3633;"3633";"CUST-96083";"Website"
"UK-2026-104241";"2026-06-19";"South";"Bengaluru";"Smart Watch X2";"Electronics";2;4366;"8732";"CUST-52634";"Website"
"UK-2026-103368";"2026-05-03";"West";"Ahmedabad";"Ultrabook Air 14";"Electronics";2;29823;"59646";"CUST-32314";"Marketplace"
"UK-2026-103424";"2026-05-11";"North";"Noida";"Robot Vacuum R7";"Home & Kitchen";1;19742;"19742";"CUST-97109";"App"
"UK-2026-100308";"2026-01-01";"North";"Chandigarh";"Ultrabook Air 14";"Electronics";2;30088;"60176";"CUST-10901";"App"
"UK-2026-103277";"2026-05-13";"East";"Patna";"Leather Wallet";"Fashion";1;921;"921";"CUST-70856";"Website"
"UK-2026-100247";"2026-01-08";"South";"Hyderabad";"Bluetooth Speaker Mini";"Electronics";1;1537;"1537";"CUST-75917";"App"
"UK-2026-100899";"2026-02-14";"East";"Bhubaneswar";"Denim Jacket";"Fashion";2;2173;"4346";"CUST-62130";"App"
"UK-2026-102939";"2026-04-22";"South";"Chennai";"Formal Shirt";"Fashion";1;1126;"1126";"CUST-34744";"Website"
"UK-2026-104966";"2026-06-26";"South";"Kochi";"Power Bank 20000mAh";"Electronics";1;1737;"1737";"CUST-70441";"App"
"UK-2026-101180";"2026-02-06";"South";"Kochi";"Adjustable Dumbbells 15kg";"Sports";2;5172;"10344";"CUST-90233";"Marketplace"
"UK-2026-100605";"2026-01-22";"South";"Chennai";"Formal Shirt";"Fashion";3;1085;"3255";"CUST-31833";"Website"
"UK-2026-100979";"2026-02-27";"North";"Chandigarh";"Wireless Earbuds Pro";"Electronics";1;3146;"3146";"CUST-90977";"Marketplace"
"UK-2026-104086";"2026-06-04";"North";"Gurugram";"Foldable Treadmill T2";"Sports";3;25934;"77802";"CUST-13757";"App"
"UK-2026-102935";"2026-04-25";"Central";"Bhopal";"Adjustable Dumbbells 15kg";"Sports";1;4916;"4916";"CUST-56222";"App"
"UK-2026-101777";"2026-03-28";"South";"Hyderabad";"Power Bank 20000mAh";"Electronics";1;1833;"1833";"CUST-72290";"Marketplace"
"UK-2026-103168";"2026-05-09";"West";"Pune";"Robot Vacuum R7";"Home & Kitchen";1;19312;"19312";"CUST-23613";"App"
"UK-2026-103313";"2026-05-29";"North";"Gurugram";"Electric Kettle 1.5L";"Home & Kitchen";3;1150;"3450";"CUST-52639";"Marketplace"
"UK-2026-103326";"2026-05-05";"East";"Guwahati";"Denim Jacket";"Fashion";1;2127;"2127";"CUST-69563";"App"
"UK-2026-100721";"2026-02-24";"North";"Gurugram";"Cotton Kurta Set";"Fashion";1;1309;"1309";"CUST-75840";"App"
"UK-2026-103009";"2026-04-07";"North";"Chandigarh";"Dinner Set 24pc";"Home & Kitchen";1;2395;"2395";"CUST-13180";"App"
"UK-2026-102603";"2026-04-05";"South";"Chennai";"Running Sneakers";"Fashion";1;2664;"2664";"CUST-61192";"Website"
"UK-2026-102350";"2026-04-11";"North";"Gurugram";"LEATHER WALLET";"Fashion";2;942;"1884";"CUST-37112";"App"
"UK-2026-101024";"2026-02-16";"South";"Kochi";"Power Bank 20000mAh";"Electronics";1;1831;"1831";"CUST-26362";"App"
"UK-2026-104092";"2026-06-08";"South";"Chennai";"Cotton Kurta Set";"Fashion";2;1251;"2502";"CUST-59625";"App"
"UK-2026-102485";"2026-04-28";"South";"Bengaluru";"Cotton Bedsheet Set";"Home & Kitchen";1;1378;"1378";"CUST-60710";"App"
"UK-2026-101195";"2026-02-25";"North";"Noida";"Leather Wallet";"Fashion";1;885;"885";"CUST-82084";"Website"
"UK-2026-103833";"2026-05-01";"North";"Chandigarh";"Leather Wallet";"Fashion";1;919;"919";"CUST-89348";"App"
"UK-2026-104427";"2026-06-27";"North";"Delhi";"Matte Lipstick Set";"Beauty";1;900;"900";"CUST-72320";"Website"
"UK-2026-102746";"2026-04-23";"North";"Chandigarh";"Slim Fit Jeans";"Fashion";2;1645;"3290";"CUST-38899";"Website"
"UK-2026-103642";"2026-05-16";"South";"Kochi";"Badminton Racket Set";"Sports";2;2577;"5154";"CUST-47646";"Marketplace"
"UK-2026-103076";"2026-04-09";"South";"Bengaluru";"Yoga Mat Pro";"Sports";1;1162;"1162";"CUST-68309";"App"
"UK-2026-100822";"2026-02-07";"South";"Chennai";"Ultrabook Air 14";"Electronics";2;29404;"58808";"CUST-46257";"Marketplace"
"UK-2026-104563";"2026-06-09";"East";"Kolkata";"Smart Watch X2";"Electronics";1;4279;"4279";"CUST-21352";"Marketplace"
"UK-2026-102819";"2026-04-07";"West";"Mumbai";"Running Sneakers";"Fashion";1;2720;"2720";"CUST-79620";"Website"
"UK-2026-101005";"2026-02-11";"North";"Gurugram";"Ethnic Dupatta";"Fashion";1;521;"521";"CUST-24141";"Website"
"UK-2026-101865";"2026-03-25";"East";"Bhubaneswar";"Running Sneakers";"Fashion";2;2869;"5738";"CUST-94644";"App"
"UK-2026-104684";"2026-06-19";"East";"Guwahati";"Ultrabook Air 14";"Electronics";4;30462;"121848";"CUST-45670";"App"
"UK-2026-102755";"2026-04-08";"North";"Delhi";"Cotton Kurta Set";"Fashion";1;1252;"1252";"CUST-40386";"App"
"UK-2026-101729";"2026-03-01";"South";"Hyderabad";"Matte Lipstick Set";"Beauty";2;904;"1808";"CUST-54927";"Marketplace"
"UK-2026-100868";"2026-02-15";"West";"Ahmedabad";"Adjustable Dumbbells 15kg";"Sports";1;4921;"4921";"CUST-11503";"App"
"UK-2026-100871";"2026-02-25";"South";"Hyderabad";"Eau de Parfum 100ml";"Beauty";1;1943;"1943";"CUST-70441";"Website"
"UK-2026-103391";"2026-05-18";"East";"Kolkata";"Non-Stick Cookware Set";"Home & Kitchen";2;2875;"5750";"CUST-73612";"Website"
"UK-2026-102948";"2026-04-14";"East";"Bhubaneswar";"Denim Jacket";"Fashion";2;2097;"4194";"CUST-91960";"App"
"UK-2026-100698";"2026-01-16";"Central";"Nagpur";"Ionic Hair Dryer";"Beauty";1;1878;"1878";"CUST-24236";"Website"
"UK-2026-104210";"2026-06-11";"Central";"Nagpur";"Ethnic Dupatta";"Fashion";1;478;"478";"CUST-17533";"App"
"UK-2026-100221";"2026-01-27";"North";"Chandigarh";"Non-Stick Cookware Set";"Home & Kitchen";2;2887;"5774";"CUST-23334";"Website"
"UK-2026-100869";"2026-02-04";"West";"Ahmedabad";"Badminton Racket Set";"Sports";1;2423;"2423";"CUST-33493";"Website"
"UK-2026-102054";"2026-03-26";"North";"Delhi";"Sunscreen SPF50";"Beauty";1;543;"543";"CUST-88970";"Website"
"UK-2026-102190";"2026-03-07";"North";"Delhi";"Non-Stick Cookware Set";"Home & Kitchen";2;2914;"5828";"CUST-29664";"App"
"UK-2026-103281";"2026-05-10";"West";"Surat";"Smart Watch X2";"Electronics";1;4663;"4663";"CUST-33139";"App"
"UK-2026-101648";"2026-03-07";"Central";"Raipur";"Cricket Bat English Willow";"Sports";1;8819;"8819";"CUST-97770";"Marketplace"
"UK-2026-103260";"2026-05-30";"South";"Bengaluru";"Smart Watch X2";"Electronics";1;4565;"4565";"CUST-83601";"Marketplace"
"UK-2026-100809";"2026-02-24";"East";"Bhubaneswar";"Smart Watch X2";"Electronics";1;4318;"4318";"CUST-57487";"App"
"UK-2026-101008";"2026-02-25";"West";"Mumbai";"Foldable Treadmill T2";"Sports";3;25696;"77088";"CUST-95965";"App"
"UK-2026-102669";"2026-04-07";"West";"Mumbai";"Mirrorless Camera Lite";"Electronics";1;28732;"28732";"CUST-85383";"Marketplace"
"UK-2026-101976";"2026-03-18";"North";"Noida";"Wireless Earbuds Pro";"Electronics";1;3099;"3099";"CUST-55497";"App"
"UK-2026-102955";"2026-04-29";"North";"Delhi";"Yoga Mat Pro";"Sports";1;1248;"1248";"CUST-79620";"Marketplace"
"UK-2026-103230";"2026-05-25";"North";"Chandigarh";"Bluetooth Speaker Mini";"Electronics";3;1461;"4383";"CUST-89231";"Website"
"UK-2026-101074";"2026-02-14";"South";"Chennai";"Denim Jacket";"Fashion";1;2192;"2192";"CUST-14672";"App"
"UK-2026-101272";"2026-02-15";"Central";"Raipur";"43-INCH SMART TV";"Electronics";1;26184;"26184";"CUST-82682";"App"
"UK-2026-102105";"2026-03-29";"West";"Surat";"Dinner Set 24pc";"Home & Kitchen";1;2557;"2557";"CUST-49887";"Website"
"UK-2026-100877";"2026-02-23";"West";"Surat";"Ethnic Dupatta";"Fashion";2;480;"960";"CUST-54168";"App"
"UK-2026-102906";"2026-04-06";"West";"Ahmedabad";"Slim Fit Jeans";"Fashion";2;1592;"3184";"CUST-12486";"Marketplace"
"UK-2026-102503";"2026-04-09";"North";"Noida";"43-inch Smart TV";"Electronics";2;25930;"51860";"CUST-71708";"Marketplace"
"UK-2026-100136";"2026-01-26";"North";"Delhi";"43-inch Smart TV";"Electronics";1;25051;"25051";"CUST-97084";"Marketplace"
"UK-2026-102215";"2026-03-22";"South";"Bengaluru";"Ultrabook Air 14";"Electronics";1;28856;"28856";"CUST-89016";"Website"
"UK-2026-103629";"2026-05-04";"South";"Hyderabad";"Ionic Hair Dryer";"Beauty";1;1894;"1894";"CUST-52226";"Marketplace"
"UK-2026-102059";"2026-03-30";"South";"Hyderabad";"Smart Watch X2";"Electronics";2;4358;"8716";"CUST-35059";"App"
"UK-2026-103199";"2026-05-21";"South";"Kochi";"Air Fryer 5L";"Home & Kitchen";1;5443;"5443";"CUST-67423";"Marketplace"
"UK-2026-103592";"2026-05-31";"South";"Hyderabad";"Cycling Helmet";"Sports";2;1607;"3214";"CUST-44433";"Marketplace"
"UK-2026-100597";"2026-01-05";"South";"Chennai";"Ultrabook Air 14";"Electronics";1;29118;"29118";"CUST-41408";"App"
"UK-2026-104393";"2026-06-29";"South";"Hyderabad";"Smart Watch X2";"Electronics";1;4463;"4463";"CUST-70323";"Marketplace"
"UK-2026-103969";"2026-05-13";"South";"Kochi";"Slim Fit Jeans";"Fashion";1;1651;"1651";"CUST-46396";"Marketplace"
"UK-2026-102911";"2026-04-01";"South";"Hyderabad";"Robot Vacuum R7";"Home & Kitchen";1;19909;"19909";"CUST-17986";"App"
"UK-2026-101909";"2026-03-26";"West";"Mumbai";"Non-Stick Cookware Set";"Home & Kitchen";2;2761;"5522";"CUST-15462";"App"
"UK-2026-102986";"2026-04-07";"East";"Calcutta";"Noise-Cancelling Headphones";"Electronics";1;8797;"8797";"CUST-89487";"App"
"UK-2026-102268";"2026-04-02";"South";"Bengaluru";"Beard Grooming Kit";"Beauty";1;1012;"1012";"CUST-61826";"App"
"UK-2026-100354";"2026-01-20";"South";"Hyderabad";"Wireless Earbuds Pro";"Electronics";2;2914;"5828";"CUST-14093";"App"
"UK-2026-104449";"2026-06-01";"South";"Chennai";"Mirrorless Camera Lite";"Electronics";1;28914;"28914";"CUST-35550";"App"
"UK-2026-100755";"2026-02-16";"Central";"Indore";"Cycling Helmet";"Sports";1;1573;"1573";"CUST-72320";"App"
"UK-2026-104012";"2026-05-18";"East";"Patna";"Badminton Racket Set";"Sports";2;2423;"4846";"CUST-62732";"App"
"UK-2026-101963";"2026-03-14";"South";"Kochi";"Gym Gloves";"Sports";1;478;"478";"CUST-93417";"Website"
"UK-2026-102730";"2026-04-22";"West";"Pune";"Modern Wall Clock";"Home & Kitchen";1;832;"832";"CUST-31659";"App"
"UK-2026-100502";"2026-01-02";"Central";"Raipur";"Gym Gloves";"Sports";2;522;"1044";"CUST-20769";"Website"
"UK-2026-100017";"2026-01-01";"Central";"Bhopal";"Modern Wall Clock";"Home & Kitchen";1;803;"803";"CUST-31033";"Website"
"UK-2026-101108";"2026-02-11";"South";"Chennai";"Ionic Hair Dryer";"Beauty";1;1850;"1850";"CUST-19611";"Website"
"UK-2026-102507";"2026-04-26";"South";"Kochi";"Denim Jacket";"Fashion";1;2195;"2195";"CUST-56442";"Marketplace"
"UK-2026-103650";"2026-05-05";"South";"Kochi";"Modern Wall Clock";"Home & Kitchen";1;806;"806";"CUST-49105";"Marketplace"
"UK-2026-102191";"2026-03-12";"West";"Mumbai";"Ultrabook Air 14";"Electronics";1;29988;"29988";"CUST-93741";"Website"
"UK-2026-104368";"2026-06-29";"West";"Surat";"Eau de Parfum 100ml";"Beauty";1;1915;"1915";"CUST-27286";"Website"
"UK-2026-100371";"2026-01-28";"West";"Ahmedabad";"Running Sneakers";"Fashion";1;2756;"2756";"CUST-34002";"App"
"UK-2026-100415";"2026-01-23";"Central";"Bhopal";"Cotton Kurta Set";"Fashion";1;1247;"1247";"CUST-61913";"App"
"UK-2026-104706";"2026-06-10";"Central";"Raipur";"Modern Wall Clock";"Home & Kitchen";1;806;"806";"CUST-78430";"App"
"UK-2026-104498";"2026-06-18";"Central";"Nagpur";"Vitamin C Serum";"Beauty";2;671;"1342";"CUST-23028";"Website"
"UK-2026-102695";"2026-04-17";"West";"Surat";"Badminton Racket Set";"Sports";1;2473;"2473";"CUST-51037";"App"
"UK-2026-103997";"2026-05-07";"Central";"Bhopal";"Ultrabook Air 14";"Electronics";2;29427;"58854";"CUST-99217";"Marketplace"
"UK-2026-100956";"2026-02-06";"North";"Gurugram";"Badminton Racket Set";"Sports";1;2579;"2579";"CUST-47642";"App"
"UK-2026-102035";"2026-03-11";"North";"Gurugram";"Ethnic Dupatta";"Fashion";1;521;"521";"CUST-87060";"Marketplace"
"UK-2026-100549";"2026-01-22";"Central";"Indore";"Eau de Parfum 100ml";"Beauty";2;1996;"3992";"CUST-90083";"Website"
"UK-2026-100227";"2026-01-27";"East";"Bhubaneswar";"Slim Fit Jeans";"Fashion";1;1660;"1660";"CUST-40083";"App"
"UK-2026-102185";"2026-03-08";"East";"Kolkata";"Electric Kettle 1.5L";"Home & Kitchen";3;1088;"3264";"CUST-52002";"App"
"UK-2026-100070";"2026-01-09";"Central";"Nagpur";"Noise-Cancelling Headphones";"Electronics";1;8597;"8597";"CUST-42792";"App"
"UK-2026-102330";"2026-04-29";"East";"Bhubaneswar";"43-inch Smart TV";"Electronics";1;26268;"26268";"CUST-64826";"App"
"UK-2026-104627";"2026-06-16";"South";"Bengaluru";"Badminton Racket Set";"Sports";1;2617;"2617";"CUST-24504";"App"
"UK-2026-101622";"2026-03-15";"South";"Kochi";"Ultrabook Air 14";"Electronics";2;29050;"58100";"CUST-66803";"App"
"UK-2026-100373";"2026-01-23";"East";"Bhubaneswar";"Beard Grooming Kit";"Beauty";2;969;"1938";"CUST-34042";"App"
"UK-2026-100647";"2026-01-09";"West";"Surat";"Denim Jacket";"Fashion";2;2291;"4582";"CUST-79537";"App"
"UK-2026-100741";"2026-02-01";"North";"Delhi";"Ethnic Dupatta";"Fashion";2;491;"982";"CUST-84465";"App"
"UK-2026-103783";"2026-05-26";"North";"Chandigarh";"Robot Vacuum R7";"Home & Kitchen";1;19427;"19427";"CUST-65602";"App"
"UK-2026-101724";"2026-03-20";"South";"Chennai";"Denim Jacket";"Fashion";1;2144;"2144";"CUST-77021";"Website"
"UK-2026-101072";"2026-02-07";"Central";"Bhopal";"Noise-Cancelling Headphones";"Electronics";1;9380;"9380";"CUST-62981";"Website"
"UK-2026-101469";"2026-03-04";"North";"Noida";"Non-Stick Cookware Set";"Home & Kitchen";1;2819;"2819";"CUST-45196";"App"
"UK-2026-104803";"2026-06-13";"North";"Chandigarh";"Mixer Grinder 750W";"Home & Kitchen";1;3139;"3139";"CUST-37586";"Website"
"UK-2026-100604";"2026-01-19";"South";"Chennai";"Ethnic Dupatta";"Fashion";2;493;"986";"CUST-25074";"Website"
"UK-2026-103144";"2026-05-08";"West";"Mumbai";"Bluetooth Speaker Mini";"Electronics";1;1556;"1556";"CUST-78571";"Website"
"UK-2026-103602";"2026-05-05";"North";"Chandigarh";"Robot Vacuum R7";"Home & Kitchen";1;19530;"19530";"CUST-79145";"Website"
"UK-2026-101585";"2026-03-02";"North";"Noida";"Leather Wallet";"Fashion";2;876;"1752";"CUST-79947";"App"
"UK-2026-100474";"2026-01-10";"South";"Kochi";"43-inch Smart TV";"Electronics";1;25870;"25870";"CUST-11547";"Marketplace"
"UK-2026-102269";"2026-04-01";"South";"Bengaluru";"Ionic Hair Dryer";"Beauty";1;1842;"1842";"CUST-46748";"Website"
"UK-2026-100873";"2026-02-18";"South";"Bengaluru";"Denim Jacket";"Fashion";1;2146;"2146";"CUST-74432";"App"
"UK-2026-103600";"2026-05-27";"North";"Gurugram";"Robot Vacuum R7";"Home & Kitchen";1;18812;"18812";"CUST-91078";"Marketplace"
"UK-2026-104819";"2026-06-20";"West";"Mumbai";"Ultrabook Air 14";"Electronics";1;29840;"29840";"CUST-89525";"Website"
"UK-2026-103359";"2026-05-04";"South";"Kochi";"Bluetooth Speaker Mini";"Electronics";2;1492;"2984";"CUST-60962";"App"
"UK-2026-103815";"2026-05-25";"West";"Pune";"Wireless Earbuds Pro";"Electronics";3;3115;"9345";"CUST-88545";"Marketplace"
"UK-2026-102218";"2026-03-13";"South";"Madras";"Mixer Grinder 750W";"Home & Kitchen";1;3379;"3379";"CUST-67219";"Website"
"UK-2026-102150";"2026-03-30";"West";"Mumbai";"Beard Grooming Kit";"Beauty";1;990;"990";"CUST-51452";"App"
"UK-2026-100456";"2026-01-23";"North";"Gurugram";"Smart Watch X2";"Electronics";1;4690;"4690";"CUST-32884";"Website"
"UK-2026-100463";"2026-01-18";"West";"Mumbai";"Ultrabook Air 14";"Electronics";1;30123;"30123";"CUST-29105";"App"
"UK-2026-100971";"2026-02-14";"South";"Hyderabad";"Mirrorless Camera Lite";"Electronics";3;29935;"89805";"CUST-71353";"App"
"UK-2026-102594";"2026-04-07";"North";"Gurugram";"Vitamin C Serum";"Beauty";1;716;"716";"CUST-43184";"App"
"UK-2026-100678";"2026-01-19";"North";"Gurugram";"Air Fryer 5L";"Home & Kitchen";2;5567;"11134";"CUST-20824";"App"
"UK-2026-102916";"2026-04-06";"East";"Guwahati";"Ethnic Dupatta";"Fashion";1;502;"502";"CUST-13667";"App"
"UK-2026-101014";"2026-02-12";"North";"Delhi";"Ionic Hair Dryer";"Beauty";1;1942;"1942";"CUST-90427";"Marketplace"
"UK-2026-104420";"2026-06-22";"North";"Noida";"Sunscreen SPF50";"Beauty";2;553;"1106";"CUST-61391";"Website"
"UK-2026-104571";"2026-06-13";"West";"Pune";"Cotton Kurta Set";"Fashion";1;1256;"1256";"CUST-94569";"Website"
"UK-2026-103939";"2026-05-29";"West";"Surat";"Air Fryer 5L";"Home & Kitchen";2;5569;"11138";"CUST-84948";"App"
"UK-2026-101444";"2026-02-24";"West";"Pune";"Foldable Treadmill T2";"Sports";1;26226;"26226";"CUST-62130";"App"
"UK-2026-104584";"2026-06-10";"North";"Chandigarh";"43-inch Smart TV";"Electronics";1;25990;"25990";"CUST-21707";"Marketplace"
"UK-2026-100547";"2026-01-27";"West";"Mumbai";"Non-Stick Cookware Set";"Home & Kitchen";1;2983;"2983";"CUST-58000";"Website"
"UK-2026-104530";"2026-06-24";"South";"Bengaluru";"Wireless Earbuds Pro";"Electronics";3;3080;"9240";"CUST-81546";"Marketplace"
"UK-2026-104500";"2026-06-01";"West";"Mumbai";"Slim Fit Jeans";"Fashion";1;1593;"1593";"CUST-35414";"Website"
"UK-2026-104257";"2026-06-28";"East";"Bhubaneswar";"Silk Saree";"Fashion";1;3590;"3590";"CUST-55772";"App"
"UK-2026-103838";"2026-05-08";"Central";"Indore";"Beard Grooming Kit";"Beauty";1;990;"990";"CUST-98833";"Website"
"UK-2026-102487";"2026-04-28";"South";"Kochi";"Badminton Racket Set";"Sports";1;2401;"2401";"CUST-78503";"App"
"UK-2026-104084";"2026-06-24";"Central";"Raipur";"Denim Jacket";"Fashion";1;2107;"2107";"CUST-40473";"App"
"UK-2026-104233";"2026-06-27";"West";"Surat";"43-inch Smart TV";"Electronics";1;26090;"26090";"CUST-48336";"App"
"UK-2026-100518";"2026-01-27";"West";"Surat";"Makeup Brush Set";"Beauty";2;1290;"2580";"CUST-41406";"App"
"UK-2026-102321";"2026-04-02";"West";"Pune";"Air Fryer 5L";"Home & Kitchen";2;5561;"11122";"CUST-35825";"App"
"UK-2026-104516";"2026-06-01";"West";"Pune";"Formal Shirt";"Fashion";1;1059;"1059";"CUST-77999";"Website"
"UK-2026-102172";"2026-03-05";"Central";"Bhopal";"Wireless Earbuds Pro";"Electronics";1;3001;"3001";"CUST-30632";"App"
"UK-2026-101352";"2026-02-12";"South";"Kochi";"Wireless Earbuds Pro";"Electronics";1;3046;"3046";"CUST-94559";"Website"
"UK-2026-100966";"2026-02-28";"Central";"Bhopal";"Robot Vacuum R7";"Home & Kitchen";1;19405;"19405";"CUST-98833";"Marketplace"
"UK-2026-100995";"2026-02-16";"Central";"Indore";"Smart Watch X2";"Electronics";2;4530;"9060";"CUST-23200";"App"
"UK-2026-101409";"2026-02-12";"West";"Surat";"Ethnic Dupatta";"Fashion";1;512;"512";"CUST-95249";"Marketplace"
"UK-2026-103038";"2026-04-19";"East";"Bhubaneswar";"Cotton Kurta Set";"Fashion";1;1312;"1312";"CUST-63925";"Website"
"UK-2026-101914";"2026-03-30";"East";"Guwahati";"Non-Stick Cookware Set";"Home & Kitchen";1;2942;"2942";"CUST-36428";"Website"
"UK-2026-104941";"2026-06-11";"West";"Mumbai";"Makeup Brush Set";"Beauty";1;1315;"1315";"CUST-84221";"Website"
"UK-2026-103000";"2026-04-20";"West";"Mumbai";"Formal Shirt";"Fashion";1;1094;"1094";"CUST-97846";"Marketplace"
"UK-2026-100309";"2026-01-28";"Central";"Raipur";"Football Size 5";"Sports";1;929;"929";"CUST-80006";"Website"
"UK-2026-103539";"2026-05-15";"South";"Chennai";"Ionic Hair Dryer";"Beauty";1;1993;"1993";"CUST-65105";"Marketplace"
"UK-2026-103233";"2026-05-07";"South";"Hyderabad";"Modern Wall Clock";"Home & Kitchen";1;791;"791";"CUST-27705";"Marketplace"
"UK-2026-104271";"2026-06-16";"Central";"Indore";"Cotton Bedsheet Set";"Home & Kitchen";4;1454;"5816";"CUST-95249";"Marketplace"
"UK-2026-104321";"2026-06-25";"South";"Bengaluru";"Dinner Set 24pc";"Home & Kitchen";1;2493;"2493";"CUST-25358";"App"
"UK-2026-102981";"2026-04-29";"West";"Ahmedabad";"Mixer Grinder 750W";"Home & Kitchen";1;3421;"3421";"CUST-71967";"Marketplace"
"UK-2026-100742";"2026-02-14";"North";"Chandigarh";"Robot Vacuum R7";"Home & Kitchen";1;19289;"19289";"CUST-26105";"App"
"UK-2026-100172";"2026-01-01";"North";"Gurugram";"Ultrabook Air 14";"Electronics";1;31327;"31327";"CUST-74831";"Website"
"UK-2026-104216";"2026-06-08";"East";"Guwahati";"43-inch Smart TV";"Electronics";1;26812;"26812";"CUST-10893";"Marketplace"
"UK-2026-101739";"2026-03-03";"North";"Noida";"Ultrabook Air 14";"Electronics";1;28629;"28629";"CUST-16076";"App"
"UK-2026-104677";"2026-06-03";"North";"Gurgaon";"Noise-Cancelling Headphones";"Electronics";1;9081;"9081";"CUST-20355";"Marketplace"
"UK-2026-103180";"2026-05-15";"Central";"Bhopal";"Cotton Kurta Set";"Fashion";2;1360;"2720";"CUST-79669";"Website"
"UK-2026-104744";"2026-06-24";"North";"Noida";"Electric Kettle 1.5L";"Home & Kitchen";1;1109;"1109";"CUST-52100";"App"
"UK-2026-100567";"2026-01-24";"West";"Surat";"Smart Watch X2";"Electronics";1;4614;"4614";"CUST-12223";"App"
"UK-2026-101305";"2026-02-24";"South";"Chennai";"Formal Shirt";"Fashion";2;1061;"2122";"CUST-86988";"Website"
"UK-2026-100879";"2026-02-23";"South";"Hyderabad";"Beard Grooming Kit";"Beauty";1;1018;"1018";"CUST-77662";"App"
"UK-2026-103641";"2026-05-16";"West";"Surat";"Ultrabook Air 14";"Electronics";1;29286;"29286";"CUST-89525";"Website"
"UK-2026-104708";"2026-06-19";"North";"Delhi";"Robot Vacuum R7";"Home & Kitchen";2;18900;"37800";"CUST-65989";"App"
"UK-2026-101358";"2026-02-03";"South";"Kochi";"Non-Stick Cookware Set";"Home & Kitchen";2;2918;"5836";"CUST-84784";"App"
"UK-2026-103198";"2026-05-16";"South";"Hyderabad";"Wireless Earbuds Pro";"Electronics";1;3065;"3065";"CUST-35257";"Marketplace"
"UK-2026-101630";"2026-03-25";"South";"Chennai";"Smart Watch X2";"Electronics";2;4615;"9230";"CUST-32235";"App"
"UK-2026-104397";"2026-06-20";"South";"Chennai";"Formal Shirt";"Fashion";1;1113;"1113";"CUST-62117";"App"
"UK-2026-100344";"2026-01-25";"Central";"Nagpur";"Air Fryer 5L";"Home & Kitchen";1;5229;"5229";"CUST-52138";"Website"
"UK-2026-104987";"2026-06-28";"West";"Surat";"Ionic Hair Dryer";"Beauty";1;1834;"1834";"CUST-55026";"App"
"UK-2026-103011";"2026-04-08";"South";"Hyderabad";"43-inch Smart TV";"Electronics";2;25741;"51482";"CUST-97770";"Marketplace"
"UK-2026-101844";"2026-03-24";"South";"Bengaluru";"Vitamin C Serum";"Beauty";1;711;"711";"CUST-92976";"App"
"UK-2026-104355";"2026-06-19";"Central";"Indore";"Ultrabook Air 14";"Electronics";1;31232;"31232";"CUST-10309";"Website"
"UK-2026-100766";"2026-02-28";"North";"Delhi";"Cotton Bedsheet Set";"Home & Kitchen";3;1395;"4185";"CUST-16210";"Website"
"UK-2026-102063";"2026-03-20";"North";"Noida";"Noise-Cancelling Headphones";"Electronics";1;8622;"8622";"CUST-96093";"Marketplace"
"UK-2026-104621";"2026-06-06";"West";"Pune";"Noise-Cancelling Headphones";"Electronics";1;9137;"9137";"CUST-82821";"Website"
"UK-2026-100823";"2026-02-26";"South";"Hyderabad";"Foldable Treadmill T2";"Sports";2;24926;"49852";"CUST-49636";"App"
"UK-2026-102706";"2026-04-28";"South";"Bengaluru";"Electric Kettle 1.5L";"Home & Kitchen";4;1119;"4476";"CUST-52226";"Website"
"UK-2026-102547";"2026-04-29";"North";"Noida";"Eau de Parfum 100ml";"Beauty";3;1914;"5742";"CUST-90767";"Website"
"UK-2026-100607";"2026-01-06";"South";"Chennai";"Wireless Earbuds Pro";"Electronics";1;2865;"2865";"CUST-33126";"Website"
"UK-2026-104068";"2026-06-21";"Central";"Bhopal";"Leather Wallet";"Fashion";1;904;"904";"CUST-62044";"Website"
"UK-2026-100157";"2026-01-14";"South";"Kochi";"Robot Vacuum R7";"Home & Kitchen";1;18798;"18798";"CUST-93721";"Website"
"UK-2026-101741";"2026-03-08";"North";"Chandigarh";"Smart Watch X2";"Electronics";1;4548;"4548";"CUST-26822";"App"
"UK-2026-102871";"2026-04-22";"East";"Bhubaneswar";"Wireless Earbuds Pro";"Electronics";1;2954;"2954";"CUST-38916";"App"
"UK-2026-102490";"2026-04-17";"North";"Gurugram";"Eau de Parfum 100ml";"Beauty";1;1919;"1919";"CUST-97980";"Website"
"UK-2026-100300";"2026-01-18";"North";"GGN";"Dinner Set 24pc";"Home & Kitchen";1;2530;"2530";"CUST-48871";"Website"
"UK-2026-104724";"2026-06-20";"South";"Bengaluru";"Air Fryer 5L";"Home & Kitchen";1;5575;"5575";"CUST-36283";"App"
"UK-2026-104880";"2026-06-19";"East";"Guwahati";"Cotton Bedsheet Set";"Home & Kitchen";1;1347;"1347";"CUST-39363";"Website"
"UK-2026-100882";"2026-02-05";"East";"Kolkata";"Air Fryer 5L";"Home & Kitchen";1;5235;"5235";"CUST-77673";"App"
"UK-2026-101752";"2026-03-12";"South";"Bengaluru";"Power Bank 20000mAh";"Electronics";1;1851;"1851";"CUST-24081";"App"
"UK-2026-102618";"2026-04-10";"Central";"Raipur";"Mirrorless Camera Lite";"Electronics";1;30096;"30096";"CUST-65602";"Website"
"UK-2026-101201";"2026-02-04";"East";"Bhubaneswar";"Gym Gloves";"Sports";1;513;"513";"CUST-68893";"App"
"UK-2026-102806";"2026-04-04";"South";"Bengaluru";"43-inch Smart TV";"Electronics";1;27083;"27083";"CUST-31659";"Website"
"UK-2026-104303";"2026-06-23";"South";"Hyderabad";"Mirrorless Camera Lite";"Electronics";1;28049;"28049";"CUST-84438";"Marketplace"
"UK-2026-104551";"2026-06-09";"West";"Mumbai";"Robot Vacuum R7";"Home & Kitchen";2;18802;"37604";"CUST-49225";"Marketplace"
"UK-2026-103105";"2026-05-20";"North";"Gurugram";"Makeup Brush Set";"Beauty";2;1346;"2692";"CUST-29640";"App"
"UK-2026-103899";"2026-05-09";"South";"Chennai";"Slim Fit Jeans";"Fashion";1;1584;"1584";"CUST-45096";"App"
"UK-2026-102950";"2026-04-14";"South";"Kochi";"Noise-Cancelling Headphones";"Electronics";1;8612;"8612";"CUST-35555";"App"
"UK-2026-102467";"2026-04-12";"West";"Ahmedabad";"Slim Fit Jeans";"Fashion";2;1607;"3214";"CUST-39914";"App"
"UK-2026-104778";"2026-06-10";"South";"Bengaluru";"Power Bank 20000mAh";"Electronics";2;1743;"3486";"CUST-11402";"Marketplace"
"UK-2026-104230";"2026-06-26";"South";"Hyderabad";"Cotton Kurta Set";"Fashion";1;1276;"1276";"CUST-11749";"App"
"UK-2026-102247";"2026-04-03";"North";"Gurugram";"Leather Wallet";"Fashion";1;910;"910";"CUST-18006";"Website"
"UK-2026-102992";"2026-04-21";"Central";"Indore";"Smart Watch X2";"Electronics";1;4495;"4495";"CUST-57553";"App"
"UK-2026-103150";"2026-05-13";"North";"Noida";"Silk Saree";"Fashion";1;3351;"3351";"CUST-47482";"Marketplace"
"UK-2026-103032";"2026-04-25";"North";"Gurgaon";"Leather Wallet";"Fashion";2;857;"1714";"CUST-66421";"App"
"UK-2026-100997";"2026-02-02";"North";"Noida";"Football Size 5";"Sports";1;943;"943";"CUST-18439";"App"
"UK-2026-103758";"2026-05-26";"South";"Hyderabad";"Vitamin C Serum";"Beauty";2;729;"1458";"CUST-67885";"Website"
"UK-2026-102342";"2026-04-14";"South";"Kochi";"Face Wash Combo";"Beauty";1;430;"430";"CUST-97729";"App"
"UK-2026-101366";"2026-02-04";"North";"Chandigarh";"Electric Kettle 1.5L";"Home & Kitchen";2;1093;"2186";"CUST-74371";"App"
"UK-2026-103467";"2026-05-25";"East";"Guwahati";"Silk Saree";"Fashion";2;3469;"6938";"CUST-63028";"Website"
"UK-2026-102944";"2026-04-16";"South";"Kochi";"Noise-Cancelling Headphones";"Electronics";1;8738;"8738";"CUST-87848";"Website"
"UK-2026-103236";"2026-05-15";"West";"Ahmedabad";"Bluetooth Speaker Mini";"Electronics";2;1453;"2906";"CUST-21324";"App"
"UK-2026-100506";"2026-01-24";"West";"Ahmedabad";"Noise-Cancelling Headphones";"Electronics";1;9103;"9103";"CUST-19109";"App"
"UK-2026-102322";"2026-04-05";"Central";"Indore";"Face Wash Combo";"Beauty";1;457;"457";"CUST-64044";"App"
"UK-2026-103654";"2026-05-11";"Central";"Indore";"Mirrorless Camera Lite";"Electronics";2;29414;"58828";"CUST-97236";"Website"
"UK-2026-103072";"2026-04-29";"South";"Hyderabad";"Football Size 5";"Sports";1;892;"892";"CUST-94435";"App"
"UK-2026-104601";"2026-06-11";"East";"Guwahati";"Yoga Mat Pro";"Sports";1;1239;"1239";"CUST-89979";"Website"
"UK-2026-100290";"2026-01-24";"East";"Guwahati";"Running Sneakers";"Fashion";1;2784;"2784";"CUST-21611";"App"
"UK-2026-103699";"2026-05-26";"Central";"Raipur";"Dinner Set 24pc";"Home & Kitchen";1;2467;"2467";"CUST-46248";"App"
"UK-2026-102187";"2026-03-29";"East";"Patna";"Formal Shirt";"Fashion";3;1133;"3399";"CUST-71609";"Website"
"UK-2026-104610";"2026-06-07";"West";"Ahmedabad";"Power Bank 20000mAh";"Electronics";4;1832;"7328";"CUST-26044";"App"
"UK-2026-103531";"2026-05-10";"Central";"Raipur";"Face Wash Combo";"Beauty";1;454;"454";"CUST-64993";"App"
"UK-2026-100029";"2026-01-19";"North";"Delhi";"Mixer Grinder 750W";"Home & Kitchen";1;3236;"3236";"CUST-34600";"App"
"UK-2026-103762";"2026-05-08";"Central";"Indore";"Dinner Set 24pc";"Home & Kitchen";2;2607;"5214";"CUST-55091";"Website"
"UK-2026-103464";"2026-05-12";"West";"Ahmedabad";"Power Bank 20000mAh";"Electronics";1;1869;"1869";"CUST-71299";"Marketplace"
"UK-2026-101875";"2026-03-07";"North";"Gurugram";"Denim Jacket";"Fashion";2;2222;"4444";"CUST-67786";"Website"
"UK-2026-103677";"2026-05-24";"North";"Chandigarh";"Electric Kettle 1.5L";"Home & Kitchen";1;1067;"1067";"CUST-62513";"Website"
"UK-2026-104339";"2026-06-08";"West";"Ahmedabad";"Electric Kettle 1.5L";"Home & Kitchen";3;1125;"3375";"CUST-99637";"Marketplace"
"UK-2026-102480";"2026-04-27";"West";"Mumbai";"Robot Vacuum R7";"Home & Kitchen";3;19591;"58773";"CUST-95214";"Website"
"UK-2026-100648";"2026-01-13";"West";"Pune";"Cotton Kurta Set";"Fashion";1;1274;"1274";"CUST-19257";"App"
"UK-2026-102369";"2026-04-21";"West";"Pune";"Ethnic Dupatta";"Fashion";1;499;"499";"CUST-79303";"Marketplace"
"UK-2026-101170";"2026-02-02";"West";"Pune";"Adjustable Dumbbells 15kg";"Sports";1;4821;"4821";"CUST-50317";"Website"
"UK-2026-102004";"2026-03-04";"South";"Hyderabad";"Power Bank 20000mAh";"Electronics";1;1866;"1866";"CUST-18455";"App"
"UK-2026-101831";"2026-03-20";"East";"Patna";"Gym Gloves";"Sports";1;507;"507";"CUST-26362";"App"
"UK-2026-103630";"2026-05-02";"East";"Guwahati";"Smart Watch X2";"Electronics";1;4546;"4546";"CUST-88545";"App"
"UK-2026-103778";"2026-05-13";"North";"Chandigarh";"Eau de Parfum 100ml";"Beauty";1;2039;"2039";"CUST-61700";"App"
"UK-2026-101363";"2026-02-23";"North";"Chandigarh";"Bluetooth Speaker Mini";"Electronics";1;1567;"1567";"CUST-23774";"Marketplace"
"UK-2026-100627";"2026-01-03";"Central";"Nagpur";"Mirrorless Camera Lite";"Electronics";1;27696;"27696";"CUST-77370";"Website"
"UK-2026-100392";"2026-01-31";"West";"Mumbai";"Silk Saree";"Fashion";1;3330;"3330";"CUST-18937";"App"
"UK-2026-100239";"2026-01-30";"North";"Chandigarh";"Formal Shirt";"Fashion";1;1068;"1068";"CUST-58807";"Marketplace"
"UK-2026-104629";"2026-06-21";"South";"Chennai";"Matte Lipstick Set";"Beauty";1;868;"868";"CUST-49277";"App"
"UK-2026-100026";"2026-01-17";"East";"Kolkata";"Bluetooth Speaker Mini";"Electronics";3;1494;"4482";"CUST-69131";"App"
"UK-2026-100545";"2026-01-01";"South";"Madras";"Non-Stick Cookware Set";"Home & Kitchen";1;2921;"2921";"CUST-33545";"Marketplace"
"UK-2026-104277";"2026-06-02";"Central";"Bhopal";"Yoga Mat Pro";"Sports";1;1228;"1228";"CUST-58436";"Website"
"UK-2026-104017";"2026-05-28";"South";"Bengaluru";"Eau de Parfum 100ml";"Beauty";1;2035;"2035";"CUST-47003";"Marketplace"
"UK-2026-102878";"2026-04-25";"North";"Gurugram";"Badminton Racket Set";"Sports";1;2464;"2464";"CUST-41538";"Website"
"UK-2026-100276";"2026-01-06";"South";"Chennai";"Robot Vacuum R7";"Home & Kitchen";1;18444;"18444";"CUST-92859";"App"
"UK-2026-102569";"2026-04-01";"South";"Kochi";"Ionic Hair Dryer";"Beauty";1;1829;"1829";"CUST-71884";"Website"
"UK-2026-104403";"2026-06-09";"North";"GGN";"Modern Wall Clock";"Home & Kitchen";1;799;"799";"CUST-92390";"App"
"UK-2026-104801";"2026-06-29";"North";"Noida";"Running Sneakers";"Fashion";3;2887;"8661";"CUST-53467";"App"
"UK-2026-104160";"2026-06-02";"North";"Chandigarh";"43-inch Smart TV";"Electronics";2;27290;"54580";"CUST-46396";"App"
"UK-2026-102498";"2026-04-01";"South";"Chennai";"Denim Jacket";"Fashion";2;2254;"4508";"CUST-16147";"Marketplace"
"UK-2026-103679";"2026-05-26";"West";"Mumbai";"Mixer Grinder 750W";"Home & Kitchen";1;3265;"3265";"CUST-45170";"App"
"UK-2026-102983";"2026-04-28";"North";"Gurugram";"Formal Shirt";"Fashion";1;1133;"1133";"CUST-33126";"Website"
"UK-2026-104263";"2026-06-02";"East";"Kolkata";"Cotton Kurta Set";"Fashion";1;1252;"1252";"CUST-28987";"App"
"UK-2026-102668";"2026-04-27";"North";"Chandigarh";"Air Fryer 5L";"Home & Kitchen";4;5548;"22192";"CUST-94209";"App"
"UK-2026-103272";"2026-05-02";"East";"Patna";"43-inch Smart TV";"Electronics";2;26820;"53640";"CUST-41455";"App"
"UK-2026-101211";"2026-02-08";"Central";"Nagpur";"Beard Grooming Kit";"Beauty";2;954;"1908";"CUST-44237";"Marketplace"
"UK-2026-104533";"2026-06-27";"North";"Noida";"Electric Kettle 1.5L";"Home & Kitchen";1;1052;"1052";"CUST-15731";"App"
"UK-2026-101010";"2026-02-21";"West";"Mumbai";"Running Sneakers";"Fashion";1;2741;"2741";"CUST-55920";"App"
"UK-2026-101231";"2026-02-10";"West";"Mumbai";"Cricket Bat English Willow";"Sports";2;8665;"17330";"CUST-71358";"Website"
"UK-2026-104798";"2026-06-26";"West";"Ahmedabad";"Formal Shirt";"Fashion";1;1097;"1097";"CUST-99939";"App"
"UK-2026-102112";"2026-03-18";"East";"Guwahati";"Badminton Racket Set";"Sports";3;2380;"7140";"CUST-44237";"Website"
"UK-2026-104332";"2026-06-24";"South";"Chennai";"Face Wash Combo";"Beauty";1;428;"428";"CUST-67885";"App"
"UK-2026-102662";"2026-04-07";"North";"Noida";"Adjustable Dumbbells 15kg";"Sports";1;4792;"4792";"CUST-67731";"App"
"UK-2026-103098";"2026-05-27";"West";"Surat";"Football Size 5";"Sports";4;897;"3588";"CUST-33110";"Website"
"UK-2026-101223";"2026-02-01";"North";"Noida";"Electric Kettle 1.5L";"Home & Kitchen";1;1115;"1115";"CUST-24805";"App"
"UK-2026-104275";"2026-06-21";"South";"Kochi";"Slim Fit Jeans";"Fashion";1;1667;"1667";"CUST-58375";"App"
"UK-2026-104535";"2026-06-24";"Central";"Raipur";"Badminton Racket Set";"Sports";1;2544;"2544";"CUST-34633";"Marketplace"
"UK-2026-103371";"2026-05-31";"West";"Pune";"Ethnic Dupatta";"Fashion";1;503;"503";"CUST-59933";"Website"
"UK-2026-104861";"2026-06-01";"East";"Patna";"Smart Watch X2";"Electronics";1;4325;"4325";"CUST-79892";"Marketplace"
"UK-2026-100464";"2026-01-28";"South";"Chennai";"Leather Wallet";"Fashion";1;943;"943";"CUST-15086";"App"
"UK-2026-100455";"2026-01-14";"North";"Chandigarh";"Dinner Set 24pc";"Home & Kitchen";1;2586;"2586";"CUST-88268";"App"
"UK-2026-101061";"2026-02-20";"South";"Hyderabad";"Ultrabook Air 14";"Electronics";1;31360;"31360";"CUST-28199";"App"
"UK-2026-102087";"2026-03-18";"South";"Hyderabad";"Cotton Kurta Set";"Fashion";2;1266;"2532";"CUST-60367";"App"
"UK-2026-104617";"2026-06-01";"West";"Bombay";"Non-Stick Cookware Set";"Home & Kitchen";2;2763;"5526";"CUST-75340";"Website"
"UK-2026-102265";"2026-04-07";"East";"Kolkata";"Smart Watch X2";"Electronics";1;4670;"4670";"CUST-84872";"Marketplace"
"UK-2026-102630";"2026-04-15";"West";"Surat";"Ultrabook Air 14";"Electronics";1;28995;"28995";"CUST-21611";"Marketplace"
"UK-2026-103595";"2026-05-22";"East";"Guwahati";"Ultrabook Air 14";"Electronics";2;31107;"62214";"CUST-16887";"Marketplace"
"UK-2026-104860";"2026-06-09";"East";"Patna";"Dinner Set 24pc";"Home & Kitchen";1;2436;"2436";"CUST-59175";"App"
"UK-2026-104248";"2026-06-15";"North";"Delhi";"Ethnic Dupatta";"Fashion";1;499;"499";"CUST-37954";"App"
"UK-2026-102343";"2026-04-15";"South";"Hyderabad";"Air Fryer 5L";"Home & Kitchen";1;5452;"5452";"CUST-19791";"App"
"UK-2026-100063";"2026-01-28";"North";"Delhi";"Wireless Earbuds Pro";"Electronics";1;3079;"3079";"CUST-23181";"Marketplace"
"UK-2026-104509";"2026-06-27";"East";"Bhubaneswar";"Vitamin C Serum";"Beauty";1;703;"703";"CUST-44237";"Website"
"UK-2026-102789";"2026-04-26";"East";"Bhubaneswar";"Face Wash Combo";"Beauty";1;444;"444";"CUST-46894";"Website"
"UK-2026-103639";"2026-05-23";"North";"Delhi";"Non-Stick Cookware Set";"Home & Kitchen";2;2817;"5634";"CUST-30552";"App"
"UK-2026-102597";"2026-04-08";"North";"Noida";"Denim Jacket";"Fashion";1;2173;"2173";"CUST-61391";"App"
"UK-2026-102011";"2026-03-16";"South";"Bengaluru";"Yoga Mat Pro";"Sports";1;1208;"1208";"CUST-71358";"Website"
"UK-2026-102570";"2026-04-13";"West";"Surat";"Smart Watch X2";"Electronics";1;4709;"4709";"CUST-88131";"Website"
"UK-2026-100856";"2026-02-22";"South";"Chennai";"Gym Gloves";"Sports";1;481;"481";"CUST-31833";"Website"
"UK-2026-103972";"2026-05-18";"West";"Pune";"Cotton Bedsheet Set";"Home & Kitchen";2;1434;"2868";"CUST-44465";"Marketplace"
"UK-2026-101869";"2026-03-11";"South";"Hyderabad";"Mirrorless Camera Lite";"Electronics";1;28927;"28927";"CUST-95927";"App"
"UK-2026-101642";"2026-03-12";"South";"Chennai";"43-inch Smart TV";"Electronics";3;27205;"81615";"CUST-46257";"App"
"UK-2026-101288";"2026-02-06";"East";"Kolkata";"Silk Saree";"Fashion";1;3374;"3374";"CUST-36423";"App"
"UK-2026-102709";"2026-04-16";"West";"Surat";"Robot Vacuum R7";"Home & Kitchen";1;18362;"18362";"CUST-65136";"App"
"UK-2026-104063";"2026-06-09";"North";"Noida";"Silk Saree";"Fashion";1;3371;"3371";"CUST-76098";"Marketplace"
"UK-2026-102066";"2026-03-14";"East";"Bhubaneswar";"Slim Fit Jeans";"Fashion";2;1649;"3298";"CUST-94664";"Marketplace"
"UK-2026-103986";"2026-05-30";"South";"Chennai";"Running Sneakers";"Fashion";2;2798;"5596";"CUST-33793";"Website"
"UK-2026-102468";"2026-04-10";"South";"Hyderabad";"Cotton Bedsheet Set";"Home & Kitchen";1;1357;"1357";"CUST-22784";"App"
"UK-2026-102873";"2026-04-16";"East";"Guwahati";"Cycling Helmet";"Sports";1;1544;"1544";"CUST-57555";"App"
"UK-2026-100261";"2026-01-09";"East";"Patna";"Cycling Helmet";"Sports";1;1626;"1626";"CUST-64659";"Website"
"UK-2026-101033";"2026-02-23";"West";"Pune";"Air Fryer 5L";"Home & Kitchen";1;5375;"5375";"CUST-87161";"Website"
"UK-2026-104527";"2026-06-22";"West";"Mumbai";"Air Fryer 5L";"Home & Kitchen";1;5537;"5537";"CUST-29493";"App"
"UK-2026-102352";"2026-04-19";"West";"Pune";"Cotton Kurta Set";"Fashion";1;1336;"1336";"CUST-76638";"Website"
"UK-2026-100862";"2026-02-26";"North";"Noida";"Leather Wallet";"Fashion";1;891;"891";"CUST-32711";"Website"
"UK-2026-104559";"2026-06-06";"East";"Bhubaneswar";"Denim Jacket";"Fashion";1;2193;"2193";"CUST-21489";"Marketplace"
"UK-2026-101799";"2026-03-06";"South";"Hyderabad";"Running Sneakers";"Fashion";1;2713;"2713";"CUST-99161";"App"
"UK-2026-102083";"2026-03-10";"South";"Hyderabad";"Cycling Helmet";"Sports";2;1554;"3108";"CUST-92390";"App"
"UK-2026-100417";"2026-01-09";"South";"Hyderabad";"Ultrabook Air 14";"Electronics";1;30119;"30119";"CUST-29136";"App"
"UK-2026-100537";"2026-01-20";"South";"Chennai";"Power Bank 20000mAh";"Electronics";1;1723;"1723";"CUST-53023";"App"
"UK-2026-100867";"2026-02-24";"Central";"Raipur";"Denim Jacket";"Fashion";2;2195;"4390";"CUST-10302";"Marketplace"
"UK-2026-103063";"2026-04-17";"West";"Mumbai";"Sunscreen SPF50";"Beauty";1;574;"574";"CUST-46781";"Website"
"UK-2026-101590";"2026-03-22";"East";"Bhubaneswar";"Ionic Hair Dryer";"Beauty";1;1880;"1880";"CUST-67574";"Website"
"UK-2026-104147";"2026-06-29";"West";"Surat";"Face Wash Combo";"Beauty";1;451;"451";"CUST-73422";"App"
"UK-2026-104414";"2026-06-09";"West";"Surat";"Gym Gloves";"Sports";1;518;"518";"CUST-84882";"Marketplace"
"UK-2026-101794";"2026-03-07";"Central";"Nagpur";"Leather Wallet";"Fashion";1;896;"896";"CUST-81875";"App"
"UK-2026-104727";"2026-06-13";"East";"Guwahati";"Football Size 5";"Sports";2;943;"1886";"CUST-55039";"Website"
"UK-2026-104993";"2026-06-28";"North";"Chandigarh";"Cotton Bedsheet Set";"Home & Kitchen";1;1335;"1335";"CUST-40473";"App"
"UK-2026-102382";"2026-04-10";"East";"Calcutta";"Electric Kettle 1.5L";"Home & Kitchen";1;1113;"1113";"CUST-16958";"App"
"UK-2026-102418";"2026-04-16";"North";"Delhi";"Silk Saree";"Fashion";1;3364;"3364";"CUST-54927";"App"
"UK-2026-100790";"2026-02-21";"Central";"Indore";"Non-Stick Cookware Set";"Home & Kitchen";1;3019;"3019";"CUST-69135";"App"
"UK-2026-100162";"2026-01-04";"South";"Kochi";"Electric Kettle 1.5L";"Home & Kitchen";1;1069;"1069";"CUST-40386";"Website"
"UK-2026-104832";"2026-06-24";"North";"Delhi";"Matte Lipstick Set";"Beauty";1;890;"890";"CUST-32543";"Marketplace"
"UK-2026-104468";"2026-06-04";"South";"Hyderabad";"Cricket Bat English Willow";"Sports";1;8990;"8990";"CUST-24141";"App"
"UK-2026-101275";"2026-02-18";"North";"Noida";"Formal Shirt";"Fashion";1;1084;"1084";"CUST-94397";"Website"
"UK-2026-102117";"2026-03-21";"East";"Kolkata";"Ultrabook Air 14";"Electronics";1;30161;"30161";"CUST-21821";"Website"
"UK-2026-101769";"2026-03-15";"North";"Noida";"Foldable Treadmill T2";"Sports";1;25015;"25015";"CUST-81387";"Marketplace"
"UK-2026-103319";"2026-05-28";"South";"Kochi";"Badminton Racket Set";"Sports";1;2462;"2462";"CUST-87063";"Marketplace"
"UK-2026-103640";"2026-05-31";"East";"Guwahati";"Running Sneakers";"Fashion";1;2696;"2696";"CUST-92685";"App"
"UK-2026-104322";"2026-06-25";"South";"Hyderabad";"Noise-Cancelling Headphones";"Electronics";2;8676;"17352";"CUST-24166";"Marketplace"
"UK-2026-102393";"2026-04-12";"South";"Chennai";"Robot Vacuum R7";"Home & Kitchen";2;19104;"38208";"CUST-23521";"Website"
"UK-2026-102098";"2026-03-29";"West";"Pune";"Silk Saree";"Fashion";1;3411;"3411";"CUST-89486";"Marketplace"
"UK-2026-104623";"2026-06-26";"North";"Noida";"Leather Wallet";"Fashion";1;868;"868";"CUST-29640";"App"
"UK-2026-104459";"2026-06-10";"West";"Mumbai";"43-inch Smart TV";"Electronics";1;26768;"26768";"CUST-87601";"App"
"UK-2026-103622";"2026-05-22";"Central";"Indore";"Foldable Treadmill T2";"Sports";1;24287;"24287";"CUST-70165";"App"
"UK-2026-104853";"2026-06-20";"West";"Surat";"Non-Stick Cookware Set";"Home & Kitchen";1;2894;"2894";"CUST-30254";"App"
"UK-2026-103386";"2026-05-07";"West";"Pune";"43-inch Smart TV";"Electronics";1;26977;"26977";"CUST-66191";"App"
"UK-2026-100751";"2026-02-06";"East";"Guwahati";"Silk Saree";"Fashion";2;3512;"7024";"CUST-50824";"Website"
"UK-2026-101031";"2026-02-07";"North";"Delhi";"Football Size 5";"Sports";1;907;"907";"CUST-12267";"Marketplace"
"UK-2026-101793";"2026-03-20";"North";"Chandigarh";"43-inch Smart TV";"Electronics";1;26959;"26959";"CUST-46959";"Marketplace"
"UK-2026-102704";"2026-04-19";"South";"Hyderabad";"Power Bank 20000mAh";"Electronics";1;1719;"1719";"CUST-25835";"Website"
"UK-2026-104311";"2026-06-19";"East";"Guwahati";"Slim Fit Jeans";"Fashion";1;1553;"1553";"CUST-79176";"Website"
"UK-2026-104791";"2026-06-02";"Central";"Raipur";"Noise-Cancelling Headphones";"Electronics";1;8935;"8935";"CUST-21248";"App"
"UK-2026-103370";"2026-05-29";"South";"Hyderabad";"Bluetooth Speaker Mini";"Electronics";1;1443;"1443";"CUST-46435";"App"
"UK-2026-103450";"2026-05-27";"West";"Mumbai";"Cotton Bedsheet Set";"Home & Kitchen";2;1437;"2874";"CUST-92512";"App"
"UK-2026-102395";"2026-04-10";"North";"Delhi";"Modern Wall Clock";"Home & Kitchen";1;836;"836";"CUST-65171";"Website"
"UK-2026-101243";"2026-02-24";"South";"Chennai";"Running Sneakers";"Fashion";3;2756;"8268";"CUST-32817";"App"
"UK-2026-104949";"2026-06-07";"North";"Chandigarh";"Cotton Kurta Set";"Fashion";1;1275;"1275";"CUST-68641";"App"
"UK-2026-101473";"2026-03-11";"Central";"Raipur";"Slim Fit Jeans";"Fashion";2;1588;"3176";"CUST-16147";"App"
"UK-2026-104446";"2026-06-08";"East";"Kolkata";"Bluetooth Speaker Mini";"Electronics";1;1494;"1494";"CUST-91848";"Marketplace"
"UK-2026-103043";"2026-04-08";"Central";"Nagpur";"Formal Shirt";"Fashion";1;1048;"1048";"CUST-31551";"Website"
"UK-2026-101785";"2026-03-23";"East";"Kolkata";"Cotton Kurta Set";"Fashion";1;1351;"1351";"CUST-71439";"App"
"UK-2026-101063";"2026-02-24";"East";"Kolkata";"Beard Grooming Kit";"Beauty";2;957;"1914";"CUST-29272";"Website"
"UK-2026-100069";"2026-01-12";"North";"Noida";"Ultrabook Air 14";"Electronics";1;29137;"29137";"CUST-18075";"App"
"UK-2026-103475";"2026-05-26";"Central";"Nagpur";"Electric Kettle 1.5L";"Home & Kitchen";1;1112;"1112";"CUST-89599";"Website"
"UK-2026-100432";"2026-01-19";"West";"Pune";"Slim Fit Jeans";"Fashion";1;1563;"1563";"CUST-36373";"App"
"UK-2026-101093";"2026-02-21";"West";"Surat";"Power Bank 20000mAh";"Electronics";1;1835;"1835";"CUST-17137";"Marketplace"
"UK-2026-102716";"2026-04-12";"Central";"Bhopal";"Cycling Helmet";"Sports";1;1602;"1602";"CUST-78786";"Marketplace"
"UK-2026-100080";"2026-01-11";"East";"Guwahati";"Sunscreen SPF50";"Beauty";2;553;"1106";"CUST-49714";"Website"
"UK-2026-103873";"2026-05-30";"East";"Bhubaneswar";"Formal Shirt";"Fashion";1;1150;"1150";"CUST-41103";"Marketplace"
"UK-2026-101040";"2026-02-22";"South";"Hyderabad";"Leather Wallet";"Fashion";2;926;"1852";"CUST-26236";"App"
"UK-2026-103589";"2026-05-27";"North";"Delhi";"Denim Jacket";"Fashion";1;2123;"2123";"CUST-98648";"App"
"UK-2026-104134";"2026-06-30";"North";"Chandigarh";"Modern Wall Clock";"Home & Kitchen";1;772;"772";"CUST-95495";"Website"
"UK-2026-103721";"2026-05-06";"West";"Pune";"Ultrabook Air 14";"Electronics";1;28563;"28563";"CUST-14932";"App"
"UK-2026-103876";"2026-05-05";"South";"Bengaluru";"Dinner Set 24pc";"Home & Kitchen";1;2481;"2481";"CUST-47640";"App"
"UK-2026-101126";"2026-02-19";"West";"Ahmedabad";"Cotton Bedsheet Set";"Home & Kitchen";1;1352;"1352";"CUST-89045";"Website"
"UK-2026-103849";"2026-05-02";"South";"Kochi";"Cotton Bedsheet Set";"Home & Kitchen";1;1433;"1433";"CUST-48867";"Website"
"UK-2026-104873";"2026-06-12";"North";"Chandigarh";"Robot Vacuum R7";"Home & Kitchen";1;18496;"18496";"CUST-97931";"App"
"UK-2026-104218";"2026-06-19";"South";"Chennai";"Mirrorless Camera Lite";"Electronics";1;29607;"29607";"CUST-55174";"App"
"UK-2026-103122";"2026-05-02";"North";"Chandigarh";"Face Wash Combo";"Beauty";1;444;"444";"CUST-48085";"Website"
"UK-2026-104127";"2026-06-15";"Central";"Raipur";"Electric Kettle 1.5L";"Home & Kitchen";1;1151;"1151";"CUST-19189";"Website"
"UK-2026-104605";"2026-06-30";"East";"Patna";"Cricket Bat English Willow";"Sports";1;9406;"9406";"CUST-85679";"App"
"UK-2026-103973";"2026-05-04";"South";"Madras";"Modern Wall Clock";"Home & Kitchen";1;819;"819";"CUST-49103";"App"
"UK-2026-102254";"2026-04-19";"South";"Chennai";"Slim Fit Jeans";"Fashion";2;1628;"3256";"CUST-70998";"Website"
"UK-2026-102447";"2026-04-27";"West";"Ahmedabad";"Vitamin C Serum";"Beauty";1;673;"673";"CUST-49277";"Website"
"UK-2026-103812";"2026-05-08";"North";"Gurugram";"Electric Kettle 1.5L";"Home & Kitchen";1;1142;"1142";"CUST-90958";"Website"
"UK-2026-101497";"2026-03-09";"Central";"Indore";"Electric Kettle 1.5L";"Home & Kitchen";2;1093;"2186";"CUST-26822";"Marketplace"
"UK-2026-103980";"2026-05-26";"North";"Delhi";"Yoga Mat Pro";"Sports";4;1223;"4892";"CUST-35414";"Marketplace"
"UK-2026-101286";"2026-02-08";"East";"Patna";"Beard Grooming Kit";"Beauty";1;1001;"1001";"CUST-33793";"App"
"UK-2026-104098";"2026-06-01";"South";"Kochi";"Foldable Treadmill T2";"Sports";1;25729;"25729";"CUST-25865";"App"
"UK-2026-103308";"2026-05-15";"West";"Pune";"Air Fryer 5L";"Home & Kitchen";1;5749;"5749";"CUST-23685";"App"
"UK-2026-104380";"2026-06-21";"South";"Hyderabad";"Formal Shirt";"Fashion";1;1135;"1135";"CUST-56655";"Marketplace"
"UK-2026-102828";"2026-04-24";"South";"Bengaluru";"Cotton Kurta Set";"Fashion";1;1324;"1324";"CUST-85820";"App"
"UK-2026-100904";"2026-02-26";"South";"Cochin";"Foldable Treadmill T2";"Sports";1;26045;"26045";"CUST-10836";"App"
"UK-2026-103506";"2026-05-05";"North";"Chandigarh";"Smart Watch X2";"Electronics";2;4336;"8672";"CUST-60158";"App"
"UK-2026-101982";"2026-03-16";"North";"Chandigarh";"Football Size 5";"Sports";1;865;"865";"CUST-95883";"Website"
"UK-2026-103021";"2026-04-08";"North";"Chandigarh";"Wireless Earbuds Pro";"Electronics";1;2887;"2887";"CUST-21707";"Website"
"UK-2026-102113";"2026-03-19";"West";"Pune";"Formal Shirt";"Fashion";1;1135;"1135";"CUST-86709";"Marketplace"
"UK-2026-100750";"2026-02-10";"South";"Kochi";"Air Fryer 5L";"Home & Kitchen";1;5468;"5468";"CUST-72320";"App"
"UK-2026-101151";"2026-02-10";"North";"Delhi";"Mixer Grinder 750W";"Home & Kitchen";2;3422;"6844";"CUST-85436";"Website"
"UK-2026-100105";"2026-01-27";"Central";"Nagpur";"Makeup Brush Set";"Beauty";1;1268;"1268";"CUST-73669";"Website"
"UK-2026-100495";"2026-01-02";"West";"Ahmedabad";"Bluetooth Speaker Mini";"Electronics";1;1510;"1510";"CUST-96101";"Marketplace"
"UK-2026-103764";"2026-05-25";"South";"Bengaluru";"Ethnic Dupatta";"Fashion";2;489;"978";"CUST-16451";"Website"
"UK-2026-104548";"2026-06-13";"West";"Ahmedabad";"Cotton Bedsheet Set";"Home & Kitchen";1;1352;"1352";"CUST-67196";"Marketplace"
"UK-2026-103028";"2026-04-28";"West";"Mumbai";"Bluetooth Speaker Mini";"Electronics";1;1467;"1467";"CUST-41408";"Website"
"UK-2026-102678";"2026-04-13";"North";"Delhi";"Cricket Bat English Willow";"Sports";4;9134;"36536";"CUST-35749";"Marketplace"
"UK-2026-101025";"2026-02-02";"East";"Patna";"Bluetooth Speaker Mini";"Electronics";1;1437;"1437";"CUST-89649";"Website"
"UK-2026-103874";"2026-05-24";"North";"Noida";"Ethnic Dupatta";"Fashion";1;490;"490";"CUST-92072";"Website"
"UK-2026-101971";"2026-03-27";"South";"Kochi";"Bluetooth Speaker Mini";"Electronics";2;1515;"3030";"CUST-55389";"Website"
"UK-2026-101468";"2026-03-01";"West";"Surat";"Cotton Kurta Set";"Fashion";1;1259;"1259";"CUST-19714";"App"
"UK-2026-102600";"2026-04-12";"West";"Surat";"43-inch Smart TV";"Electronics";4;26730;"106920";"CUST-70719";"App"
"UK-2026-100637";"2026-01-25";"East";"Bhubaneswar";"Modern Wall Clock";"Home & Kitchen";1;836;"836";"CUST-76815";"App"
"UK-2026-103598";"2026-05-09";"Central";"Indore";"Mixer Grinder 750W";"Home & Kitchen";1;3320;"3320";"CUST-13447";"App"
"UK-2026-100771";"2026-02-24";"West";"Ahmedabad";"Ionic Hair Dryer";"Beauty";1;1923;"1923";"CUST-63303";"Website"
"UK-2026-103911";"2026-05-17";"West";"Pune";"Power Bank 20000mAh";"Electronics";1;1776;"1776";"CUST-25419";"App"
"UK-2026-103221";"2026-05-02";"South";"Kochi";"Badminton Racket Set";"Sports";3;2574;"7722";"CUST-36920";"App"
"UK-2026-103771";"2026-05-30";"South";"Kochi";"Makeup Brush Set";"Beauty";1;1238;"1238";"CUST-23181";"App"
"UK-2026-100314";"2026-01-06";"East";"Kolkata";"Mixer Grinder 750W";"Home & Kitchen";1;3192;"3192";"CUST-69641";"Marketplace"
"UK-2026-102206";"2026-03-08";"East";"Bhubaneswar";"Sunscreen SPF50";"Beauty";2;559;"1118";"CUST-67423";"App"
"UK-2026-100621";"2026-01-25";"South";"Chennai";"Formal Shirt";"Fashion";2;1056;"2112";"CUST-58081";"App"
"UK-2026-103159";"2026-05-29";"North";"Chandigarh";"Bluetooth Speaker Mini";"Electronics";1;1438;"1438";"CUST-41739";"Website"
"UK-2026-100835";"2026-02-11";"South";"Bengaluru";"Beard Grooming Kit";"Beauty";1;962;"962";"CUST-17579";"Website"
"UK-2026-101864";"2026-03-10";"West";"Ahmedabad";"Matte Lipstick Set";"Beauty";2;940;"1880";"CUST-31551";"Website"
"UK-2026-100927";"2026-02-23";"Central";"Raipur";"Adjustable Dumbbells 15kg";"Sports";1;4791;"4791";"CUST-99723";"App"
"UK-2026-102208";"2026-03-07";"East";"Guwahati";"Slim Fit Jeans";"Fashion";1;1573;"1573";"CUST-51044";"App"
"UK-2026-100006";"2026-01-30";"North";"Noida";"Silk Saree";"Fashion";1;3640;"3640";"CUST-27537";"Website"
"UK-2026-104764";"2026-06-18";"South";"Bengaluru";"Robot Vacuum R7";"Home & Kitchen";1;18343;"18343";"CUST-37612";"Website"
"UK-2026-103957";"2026-05-27";"West";"Surat";"Mirrorless Camera Lite";"Electronics";2;30349;"60698";"CUST-46892";"App"
"UK-2026-101832";"2026-03-26";"West";"Pune";"Slim Fit Jeans";"Fashion";1;1660;"1660";"CUST-95883";"Website"
"UK-2026-100278";"2026-01-03";"North";"Noida";"Modern Wall Clock";"Home & Kitchen";1;807;"807";"CUST-93733";"Website"
"UK-2026-101296";"2026-02-01";"South";"Hyderabad";"Smart Watch X2";"Electronics";1;4594;"4594";"CUST-98738";"Marketplace"
"UK-2026-104800";"2026-06-04";"North";"Noida";"Cycling Helmet";"Sports";2;1575;"3150";"CUST-22784";"App"
"UK-2026-102965";"2026-04-12";"West";"Ahmedabad";"Silk Saree";"Fashion";1;3653;"3653";"CUST-69675";"App"
"UK-2026-103720";"2026-05-16";"East";"Kolkata";"Sunscreen SPF50";"Beauty";2;566;"1132";"CUST-25835";"App"
"UK-2026-100067";"2026-01-19";"South";"Hyderabad";"Electric Kettle 1.5L";"Home & Kitchen";2;1100;"2200";"CUST-73948";"Website"
"UK-2026-101838";"2026-03-30";"West";"Mumbai";"Robot Vacuum R7";"Home & Kitchen";1;19728;"19728";"CUST-34072";"App"
"UK-2026-102879";"2026-04-20";"East";"Kolkata";"Silk Saree";"Fashion";1;3350;"3350";"CUST-57213";"App"
"UK-2026-103770";"2026-05-22";"East";"Bhubaneswar";"Formal Shirt";"Fashion";2;1137;"2274";"CUST-33252";"Marketplace"
"UK-2026-100416";"2026-01-26";"Central";"Nagpur";"Electric Kettle 1.5L";"Home & Kitchen";3;1062;"3186";"CUST-68592";"Marketplace"
"UK-2026-100838";"2026-02-23";"Central";"Nagpur";"Eau de Parfum 100ml";"Beauty";1;1905;"1905";"CUST-36428";"Website"
"UK-2026-101020";"2026-02-26";"East";"Kolkata";"Running Sneakers";"Fashion";2;2845;"5690";"CUST-79632";"App"
"UK-2026-102624";"2026-04-07";"West";"Mumbai";"Matte Lipstick Set";"Beauty";4;903;"3612";"CUST-84004";"Marketplace"
"UK-2026-103734";"2026-05-22";"East";"Kolkata";"Makeup Brush Set";"Beauty";2;1264;"2528";"CUST-33110";"App"
"UK-2026-104512";"2026-06-20";"South";"Bengaluru";"Matte Lipstick Set";"Beauty";4;874;"3496";"CUST-93327";"App"
"UK-2026-102646";"2026-04-08";"Central";"Indore";"43-inch Smart TV";"Electronics";1;26671;"26671";"CUST-35517";"App"
"UK-2026-101456";"2026-03-08";"South";"Kochi";"Modern Wall Clock";"Home & Kitchen";1;773;"773";"CUST-91360";"Website"
"UK-2026-101857";"2026-03-01";"West";"Ahmedabad";"Yoga Mat Pro";"Sports";1;1233;"1233";"CUST-53026";"Website"
"UK-2026-103231";"2026-05-02";"Central";"Indore";"Non-Stick Cookware Set";"Home & Kitchen";1;2989;"2989";"CUST-59271";"App"
"UK-2026-100438";"2026-01-15";"South";"Chennai";"Badminton Racket Set";"Sports";1;2624;"2624";"CUST-79608";"Marketplace"
"UK-2026-103929";"2026-05-27";"North";"Gurugram";"Beard Grooming Kit";"Beauty";1;1036;"1036";"CUST-35945";"App"
"UK-2026-102055";"2026-03-31";"South";"Hyderabad";"Electric Kettle 1.5L";"Home & Kitchen";1;1055;"1055";"CUST-42060";"App"
"UK-2026-104618";"2026-06-24";"South";"Hyderabad";"Wireless Earbuds Pro";"Electronics";1;2925;"2925";"CUST-74420";"Marketplace"
"UK-2026-101496";"2026-03-13";"West";"Mumbai";"Ultrabook Air 14";"Electronics";1;30290;"30290";"CUST-67734";"Marketplace"
"UK-2026-101520";"2026-03-11";"South";"Hyderabad";"Ethnic Dupatta";"Fashion";1;524;"524";"CUST-23368";"Website"
"UK-2026-101431";"2026-02-18";"South";"Kochi";"Silk Saree";"Fashion";1;3355;"3355";"CUST-97980";"App"
"UK-2026-104980";"2026-06-18";"South";"Hyderabad";"Ultrabook Air 14";"Electronics";1;29487;"29487";"CUST-45196";"Marketplace"
"UK-2026-101373";"2026-02-17";"North";"Delhi";"Bluetooth Speaker Mini";"Electronics";1;1571;"1571";"CUST-60367";"App"
"UK-2026-102337";"2026-04-21";"South";"Hyderabad";"Smart Watch X2";"Electronics";1;4693;"4693";"CUST-57213";"App"
"UK-2026-101125";"2026-02-17";"North";"Gurugram";"Modern Wall Clock";"Home & Kitchen";2;771;"1542";"CUST-85905";"App"
"UK-2026-102943";"2026-04-14";"West";"Ahmedabad";"Robot Vacuum R7";"Home & Kitchen";3;18789;"56367";"CUST-68580";"App"
"UK-2026-102365";"2026-04-18";"West";"Bombay";"Wireless Earbuds Pro";"Electronics";1;3002;"3002";"CUST-21707";"Marketplace"
"UK-2026-100412";"2026-01-28";"East";"Patna";"Matte Lipstick Set";"Beauty";1;877;"877";"CUST-89649";"App"
"UK-2026-100127";"2026-01-07";"North";"Chandigarh";"43-inch Smart TV";"Electronics";1;25891;"25891";"CUST-79094";"Marketplace"
"UK-2026-102502";"2026-04-11";"North";"Chandigarh";"Modern Wall Clock";"Home & Kitchen";1;827;"827";"CUST-46227";"Website"
"UK-2026-101624";"2026-03-05";"Central";"Raipur";"Silk Saree";"Fashion";1;3595;"3595";"CUST-92856";"App"
"UK-2026-103878";"2026-05-26";"North";"Noida";"43-inch Smart TV";"Electronics";1;26645;"26645";"CUST-61958";"App"
"UK-2026-104804";"2026-06-14";"South";"Bengaluru";"Football Size 5";"Sports";3;938;"2814";"CUST-79632";"App"
"UK-2026-100530";"2026-01-19";"West";"Ahmedabad";"Ultrabook Air 14";"Electronics";1;31261;"31261";"CUST-34958";"Website"
"UK-2026-102876";"2026-04-14";"East";"Guwahati";"Bluetooth Speaker Mini";"Electronics";1;1444;"1444";"CUST-16147";"Website"
"UK-2026-102489";"2026-04-26";"West";"Pune";"Makeup Brush Set";"Beauty";2;1349;"2698";"CUST-75917";"App"
"UK-2026-100459";"2026-01-23";"South";"Chennai";"Cotton Bedsheet Set";"Home & Kitchen";1;1345;"1345";"CUST-45159";"App"
"UK-2026-102758";"2026-04-12";"South";"Kochi";"Noise-Cancelling Headphones";"Electronics";2;8613;"17226";"CUST-64247";"App"
"UK-2026-100509";"2026-01-10";"South";"Hyderabad";"Robot Vacuum R7";"Home & Kitchen";1;18620;"18620";"CUST-28968";"App"
"UK-2026-104156";"2026-06-02";"East";"Kolkata";"Mirrorless Camera Lite";"Electronics";1;27828;"27828";"CUST-92390";"Website"
"UK-2026-101098";"2026-02-20";"South";"Kochi";"43-inch Smart TV";"Electronics";3;26074;"78222";"CUST-70536";"Website"
"UK-2026-100124";"2026-01-15";"South";"BLR";"Matte Lipstick Set";"Beauty";1;855;"855";"CUST-72445";"Website"
"UK-2026-100517";"2026-01-09";"Central";"Bhopal";"Denim Jacket";"Fashion";1;2307;"2307";"CUST-67937";"App"
"UK-2026-101698";"2026-03-10";"South";"Bengaluru";"Bluetooth Speaker Mini";"Electronics";1;1567;"1567";"CUST-96599";"App"
"UK-2026-103256";"2026-05-29";"Central";"Raipur";"Wireless Earbuds Pro";"Electronics";1;2872;"2872";"CUST-77370";"Marketplace"
"UK-2026-103491";"2026-05-09";"South";"Chennai";"Air Fryer 5L";"Home & Kitchen";2;5438;"10876";"CUST-17668";"App"
"UK-2026-103775";"2026-05-29";"West";"Pune";"Cotton Kurta Set";"Fashion";1;1346;"1346";"CUST-30361";"App"
"UK-2026-102779";"2026-04-28";"South";"Chennai";"Silk Saree";"Fashion";1;3494;"3494";"CUST-88371";"Website"
"UK-2026-103138";"2026-05-09";"North";"Gurugram";"Formal Shirt";"Fashion";1;1080;"1080";"CUST-69563";"App"
"UK-2026-100959";"2026-02-15";"Central";"Indore";"Power Bank 20000mAh";"Electronics";2;1778;"3556";"CUST-42689";"Marketplace"
"UK-2026-102607";"2026-04-13";"West";"Surat";"Robot Vacuum R7";"Home & Kitchen";1;19711;"19711";"CUST-60470";"Marketplace"
"UK-2026-104641";"2026-06-10";"South";"Chennai";"WIRELESS EARBUDS PRO";"Electronics";1;3036;"3036";"CUST-22206";"App"
"UK-2026-101904";"2026-03-25";"North";"Chandigarh";"Cricket Bat English Willow";"Sports";1;9057;"9057";"CUST-81648";"Website"
"UK-2026-101149";"2026-02-12";"South";"Cochin";"Football Size 5";"Sports";2;883;"1766";"CUST-98738";"App"
"UK-2026-103322";"2026-05-19";"North";"Delhi";"Noise-Cancelling Headphones";"Electronics";1;8947;"8947";"CUST-69409";"Website"
"UK-2026-104790";"2026-06-18";"North";"Noida";"Yoga Mat Pro";"Sports";1;1208;"1208";"CUST-53888";"Website"
"UK-2026-101166";"2026-02-05";"West";"Surat";"Denim Jacket";"Fashion";2;2108;"4216";"CUST-82640";"Website"
"UK-2026-103839";"2026-05-21";"Central";"Raipur";"Dinner Set 24pc";"Home & Kitchen";1;2615;"2615";"CUST-10200";"App"
"UK-2026-103904";"2026-05-27";"North";"Delhi";"Power Bank 20000mAh";"Electronics";2;1871;"3742";"CUST-46227";"Marketplace"
"UK-2026-102188";"2026-03-13";"South";"Chennai";"Cotton Kurta Set";"Fashion";1;1317;"1317";"CUST-90977";"App"
"UK-2026-104852";"2026-06-29";"South";"Kochi";"Power Bank 20000mAh";"Electronics";1;1816;"1816";"CUST-82084";"Website"
"UK-2026-102835";"2026-04-12";"South";"Hyderabad";"Leather Wallet";"Fashion";1;862;"862";"CUST-55338";"App"
"UK-2026-102719";"2026-04-07";"East";"Bhubaneswar";"Cycling Helmet";"Sports";2;1524;"3048";"CUST-20572";"Website"
"UK-2026-101145";"2026-02-24";"Central";"Indore";"Gym Gloves";"Sports";1;508;"508";"CUST-49143";"Website"
"UK-2026-102130";"2026-03-29";"East";"Patna";"Smart Watch X2";"Electronics";1;4432;"4432";"CUST-95453";"Marketplace"
"UK-2026-102162";"2026-03-14";"Central";"Nagpur";"Cotton Bedsheet Set";"Home & Kitchen";1;1426;"1426";"CUST-68876";"App"
"UK-2026-101758";"2026-03-25";"South";"Hyderabad";"Electric Kettle 1.5L";"Home & Kitchen";1;1065;"1065";"CUST-62117";"Marketplace"
"UK-2026-100581";"2026-01-11";"Central";"Nagpur";"Wireless Earbuds Pro";"Electronics";1;2995;"2995";"CUST-11025";"Marketplace"
"UK-2026-103201";"2026-05-07";"North";"Gurugram";"Running Sneakers";"Fashion";1;2930;"2930";"CUST-98899";"App"
"UK-2026-101320";"2026-02-26";"East";"Guwahati";"Beard Grooming Kit";"Beauty";1;1043;"1043";"CUST-75340";"Website"
"UK-2026-102219";"2026-03-25";"East";"Patna";"Matte Lipstick Set";"Beauty";1;921;"921";"CUST-78448";"Website"
"UK-2026-103932";"2026-05-30";"West";"Pune";"Badminton Racket Set";"Sports";1;2611;"2611";"CUST-71708";"Marketplace"
"UK-2026-103561";"2026-05-02";"South";"Chennai";"Cycling Helmet";"Sports";1;1669;"1669";"CUST-56442";"Website"
"UK-2026-100037";"2026-01-05";"South";"Bengaluru";"Mixer Grinder 750W";"Home & Kitchen";1;3432;"3432";"CUST-14400";"Website"
"UK-2026-104448";"2026-06-11";"North";"Delhi";"Cotton Bedsheet Set";"Home & Kitchen";1;1377;"1377";"CUST-31093";"App"
"UK-2026-104547";"2026-06-08";"South";"Chennai";"Power Bank 20000mAh";"Electronics";1;1784;"1784";"CUST-84163";"App"
"UK-2026-101361";"2026-02-21";"North";"Delhi";"Cycling Helmet";"Sports";1;1613;"1613";"CUST-47482";"Website"
"UK-2026-104811";"2026-06-20";"South";"Kochi";"Cotton Kurta Set";"Fashion";1;1345;"1345";"CUST-83156";"App"
"UK-2026-101169";"2026-02-12";"Central";"Bhopal";"Football Size 5";"Sports";3;910;"2730";"CUST-46496";"App"
"UK-2026-104176";"2026-06-25";"West";"Mumbai";"Ethnic Dupatta";"Fashion";1;500;"500";"CUST-55549";"App"
"UK-2026-103208";"2026-05-25";"West";"Mumbai";"Running Sneakers";"Fashion";1;2792;"2792";"CUST-20167";"App"
"UK-2026-102860";"2026-04-20";"East";"Kolkata";"Bluetooth Speaker Mini";"Electronics";1;1427;"1427";"CUST-76739";"Website"
"UK-2026-101891";"2026-03-18";"West";"AHMEDABAD";"Robot Vacuum R7";"Home & Kitchen";2;19467;"38934";"CUST-86446";"App"
"UK-2026-102018";"2026-03-30";"South";"Bengaluru";"Mirrorless Camera Lite";"Electronics";2;28529;"57058";"CUST-68893";"Website"
"UK-2026-100269";"2026-01-08";"East";"Patna";"Non-Stick Cookware Set";"Home & Kitchen";2;2849;"5698";"CUST-97236";"Website"
"UK-2026-101418";"2026-02-23";"West";"Ahmedabad";"Bluetooth Speaker Mini";"Electronics";1;1526;"1526";"CUST-72931";"Marketplace"
"UK-2026-100304";"2026-01-30";"South";"Kochi";"Mixer Grinder 750W";"Home & Kitchen";1;3239;"3239";"CUST-87601";"Website"
"UK-2026-101204";"2026-02-09";"North";"Chandigarh";"Formal Shirt";"Fashion";1;1071;"1071";"CUST-85723";"App"
"UK-2026-104192";"2026-06-24";"Central";"Bhopal";"Wireless Earbuds Pro";"Electronics";4;2908;"11632";"CUST-43270";"Marketplace"
"UK-2026-100770";"2026-02-24";"North";"Delhi";"Running Sneakers";"Fashion";1;2910;"2910";"CUST-61909";"Website"
"UK-2026-100745";"2026-02-12";"South";"Bengaluru";"Slim Fit Jeans";"Fashion";1;1636;"1636";"CUST-55500";"App"
"UK-2026-101228";"2026-02-01";"West";"Mumbai";"Smart Watch X2";"Electronics";1;4482;"4482";"CUST-61801";"Marketplace"
"UK-2026-102334";"2026-04-07";"East";"Guwahati";"Gym Gloves";"Sports";1;489;"489";"CUST-28807";"App"
"UK-2026-104318";"2026-06-19";"South";"Bangalore";"Silk Saree";"Fashion";2;3655;"7310";"CUST-45925";"App"
"UK-2026-103147";"2026-05-11";"East";"Guwahati";"Football Size 5";"Sports";2;887;"1774";"CUST-91028";"App"
"UK-2026-102178";"2026-03-22";"South";"Chennai";"Cotton Kurta Set";"Fashion";1;1264;"1264";"CUST-69641";"App"
"UK-2026-102315";"2026-04-30";"East";"Guwahati";"Dinner Set 24pc";"Home & Kitchen";1;2438;"2438";"CUST-23395";"App"
"UK-2026-100360";"2026-01-04";"West";"Ahmedabad";"Denim Jacket";"Fashion";1;2121;"2121";"CUST-67929";"Marketplace"
"UK-2026-103397";"2026-05-15";"North";"Noida";"Smart Watch X2";"Electronics";2;4415;"8830";"CUST-27420";"App"
"UK-2026-103747";"2026-05-24";"East";"Kolkata";"Running Sneakers";"Fashion";2;2901;"5802";"CUST-51207";"Website"
"UK-2026-102381";"2026-04-13";"South";"Hyderabad";"Beard Grooming Kit";"Beauty";1;984;"984";"CUST-31102";"Website"
"UK-2026-103324";"2026-05-27";"East";"Patna";"Slim Fit Jeans";"Fashion";1;1573;"1573";"CUST-64968";"Marketplace"
"UK-2026-100041";"2026-01-18";"West";"Mumbai";"Makeup Brush Set";"Beauty";2;1363;"2726";"CUST-90360";"App"
"UK-2026-102364";"2026-04-17";"East";"Bhubaneswar";"Adjustable Dumbbells 15kg";"Sports";1;5175;"5175";"CUST-65136";"App"
"UK-2026-100618";"2026-01-20";"South";"Hyderabad";"Ultrabook Air 14";"Electronics";1;28883;"28883";"CUST-56671";"Website"
"UK-2026-103275";"2026-05-03";"South";"Chennai";"Football Size 5";"Sports";1;877;"877";"CUST-19149";"Marketplace"
"UK-2026-104737";"2026-06-02";"South";"Kochi";"Leather Wallet";"Fashion";2;889;"1778";"CUST-72874";"Marketplace"
"UK-2026-102816";"2026-04-30";"North";"Chandigarh";"Adjustable Dumbbells 15kg";"Sports";1;5173;"5173";"CUST-57712";"App"
"UK-2026-103931";"2026-05-10";"Central";"Nagpur";"Bluetooth Speaker Mini";"Electronics";4;1462;"5848";"CUST-47003";"App"
"UK-2026-102708";"2026-04-22";"North";"Gurugram";"Running Sneakers";"Fashion";4;2834;"11336";"CUST-22587";"Marketplace"
"UK-2026-100084";"2026-01-01";"South";"Kochi";"Ionic Hair Dryer";"Beauty";1;1948;"1948";"CUST-67423";"Website"
"UK-2026-102383";"2026-04-18";"East";"Patna";"Gym Gloves";"Sports";2;509;"1018";"CUST-41103";"App"
"UK-2026-103008";"2026-04-20";"South";"Kochi";"Modern Wall Clock";"Home & Kitchen";1;825;"825";"CUST-65513";"Marketplace"
"UK-2026-100568";"2026-01-13";"East";"Patna";"Cotton Bedsheet Set";"Home & Kitchen";2;1369;"2738";"CUST-33628";"Website"
"UK-2026-100283";"2026-01-22";"Central";"Raipur";"Running Sneakers";"Fashion";1;2671;"2671";"CUST-53352";"Website"
"UK-2026-101552";"2026-03-05";"West";"Pune";"Noise-Cancelling Headphones";"Electronics";3;8614;"25842";"CUST-51842";"Marketplace"
"UK-2026-100748";"2026-02-17";"North";"Chandigarh";"Cotton Kurta Set";"Fashion";1;1285;"1285";"CUST-71609";"App"
"UK-2026-100579";"2026-01-20";"North";"Noida";"Noise-Cancelling Headphones";"Electronics";1;8723;"8723";"CUST-14400";"Marketplace"
"UK-2026-102608";"2026-04-03";"North";"Gurugram";"43-inch Smart TV";"Electronics";1;25390;"25390";"CUST-20355";"Marketplace"
"UK-2026-103060";"2026-04-30";"West";"Mumbai";"Slim Fit Jeans";"Fashion";1;1673;"1673";"CUST-70660";"App"
"UK-2026-100855";"2026-02-18";"Central";"Indore";"Ultrabook Air 14";"Electronics";1;30319;"30319";"CUST-20748";"App"
"UK-2026-101603";"2026-03-16";"West";"Mumbai";"Ultrabook Air 14";"Electronics";1;30092;"30092";"CUST-29493";"App"
"UK-2026-104354";"2026-06-11";"West";"Surat";"Silk Saree";"Fashion";1;3513;"3513";"CUST-65989";"Marketplace"
"UK-2026-103560";"2026-05-13";"South";"Kochi";"Silk Saree";"Fashion";2;3410;"6820";"CUST-48085";"Marketplace"
"UK-2026-104163";"2026-06-12";"West";"Ahmedabad";"Ultrabook Air 14";"Electronics";1;30816;"30816";"CUST-25530";"Marketplace"
"UK-2026-104542";"2026-06-16";"South";"Chennai";"43-inch Smart TV";"Electronics";1;25032;"25032";"CUST-35831";"Marketplace"
"UK-2026-101278";"2026-02-14";"South";"Hyderabad";"Bluetooth Speaker Mini";"Electronics";1;1479;"1479";"CUST-68079";"App"
"UK-2026-104107";"2026-06-11";"South";"Bengaluru";"Mirrorless Camera Lite";"Electronics";1;29197;"29197";"CUST-81522";"App"
"UK-2026-102481";"2026-04-26";"North";"Delhi";"Formal Shirt";"Fashion";2;1134;"2268";"CUST-46444";"Website"
"UK-2026-104771";"2026-06-18";"West";"Pune";"Dinner Set 24pc";"Home & Kitchen";1;2594;"2594";"CUST-61337";"Website"
"UK-2026-103632";"2026-05-04";"North";"Gurugram";"Denim Jacket";"Fashion";2;2216;"4432";"CUST-52474";"App"
"UK-2026-102802";"2026-04-15";"East";"Kolkata";"Matte Lipstick Set";"Beauty";1;870;"870";"CUST-31333";"Website"
"UK-2026-101575";"2026-03-20";"Central";"Raipur";"Denim Jacket";"Fashion";1;2247;"2247";"CUST-11548";"App"
"UK-2026-103829";"2026-05-27";"East";"Guwahati";"Bluetooth Speaker Mini";"Electronics";4;1555;"6220";"CUST-51734";"Marketplace"
"UK-2026-102326";"2026-04-09";"North";"Gurugram";"43-inch Smart TV";"Electronics";1;25415;"25415";"CUST-51238";"App"
"UK-2026-100562";"2026-01-29";"South";"Hyderabad";"Non-Stick Cookware Set";"Home & Kitchen";2;2774;"5548";"CUST-24885";"Website"
"UK-2026-100225";"2026-01-16";"North";"Noida";"Denim Jacket";"Fashion";1;2235;"2235";"CUST-11849";"Marketplace"
"UK-2026-102288";"2026-04-24";"Central";"Indore";"Sunscreen SPF50";"Beauty";4;570;"2280";"CUST-33793";"App"
"UK-2026-101969";"2026-03-19";"South";"Kochi";"Ultrabook Air 14";"Electronics";1;30885;"30885";"CUST-92390";"App"
"UK-2026-102631";"2026-04-21";"Central";"Raipur";"Ethnic Dupatta";"Fashion";1;489;"489";"CUST-34042";"Marketplace"
"UK-2026-102074";"2026-03-07";"South";"Chennai";"Makeup Brush Set";"Beauty";1;1335;"1335";"CUST-64969";"App"
"UK-2026-103096";"2026-05-01";"West";"Ahmedabad";"Formal Shirt";"Fashion";2;1050;"2100";"CUST-93741";"Marketplace"
"UK-2026-102109";"2026-03-11";"West";"Mumbai";"Non-Stick Cookware Set";"Home & Kitchen";1;3042;"3042";"CUST-86015";"App"
"UK-2026-103579";"2026-05-24";"Central";"Nagpur";"Leather Wallet";"Fashion";3;932;"2796";"CUST-45433";"Website"
"UK-2026-103892";"2026-05-06";"Central";"Raipur";"Cotton Bedsheet Set";"Home & Kitchen";2;1360;"2720";"CUST-12384";"App"
"UK-2026-100275";"2026-01-09";"North";"Gurugram";"Foldable Treadmill T2";"Sports";1;25643;"25643";"CUST-54856";"App"
"UK-2026-104037";"2026-06-12";"South";"Kochi";"Face Wash Combo";"Beauty";1;445;"445";"CUST-88281";"App"
"UK-2026-104211";"2026-06-05";"West";"Mumbai";"Denim Jacket";"Fashion";1;2273;"2273";"CUST-63156";"Website"
"UK-2026-102707";"2026-04-08";"South";"Kochi";"Formal Shirt";"Fashion";1;1100;"1100";"CUST-14255";"Website"
"UK-2026-102837";"2026-04-16";"Central";"Raipur";"Silk Saree";"Fashion";1;3363;"3363";"CUST-79845";"Website"
"UK-2026-102946";"2026-04-17";"North";"Chandigarh";"Wireless Earbuds Pro";"Electronics";1;2906;"2906";"CUST-32853";"Website"
"UK-2026-102568";"2026-04-30";"South";"Bengaluru";"Smart Watch X2";"Electronics";2;4668;"9336";"CUST-80722";"App"
"UK-2026-102308";"2026-04-24";"West";"Mumbai";"Denim Jacket";"Fashion";1;2105;"2105";"CUST-45291";"Website"
"UK-2026-103244";"2026-05-18";"North";"Delhi";"Foldable Treadmill T2";"Sports";1;24638;"24638";"CUST-12373";"Website"
"UK-2026-100558";"2026-01-25";"West";"Pune";"Smart Watch X2";"Electronics";3;4691;"14073";"CUST-33520";"Website"
"UK-2026-101901";"2026-03-10";"South";"Hyderabad";"Mirrorless Camera Lite";"Electronics";3;27773;"83319";"CUST-59728";"Website"
"UK-2026-104133";"2026-06-18";"East";"Patna";"Ethnic Dupatta";"Fashion";1;483;"483";"CUST-19109";"App"
"UK-2026-104691";"2026-06-30";"East";"Guwahati";"Cycling Helmet";"Sports";1;1564;"1564";"CUST-35544";"Marketplace"
"UK-2026-103363";"2026-05-14";"Central";"Bhopal";"Noise-Cancelling Headphones";"Electronics";1;8887;"8887";"CUST-40053";"App"
"UK-2026-104854";"2026-06-07";"South";"Hyderabad";"43-inch Smart TV";"Electronics";1;24731;"24731";"CUST-64437";"App"
"UK-2026-104201";"2026-06-08";"North";"Gurugram";"Cricket Bat English Willow";"Sports";1;9070;"9070";"CUST-52247";"Website"
"UK-2026-104325";"2026-06-14";"Central";"Indore";"43-inch Smart TV";"Electronics";1;25260;"25260";"CUST-51353";"Website"
"UK-2026-103686";"2026-05-01";"North";"Chandigarh";"Matte Lipstick Set";"Beauty";1;937;"937";"CUST-94435";"App"
"UK-2026-100833";"2026-02-15";"North";"Noida";"Badminton Racket Set";"Sports";1;2414;"2414";"CUST-54204";"App"
"UK-2026-102092";"2026-03-16";"South";"Bengaluru";"Ionic Hair Dryer";"Beauty";2;1979;"3958";"CUST-70060";"Website"
"UK-2026-104836";"2026-06-09";"South";"BLR";"Cricket Bat English Willow";"Sports";1;9123;"9123";"CUST-24504";"App"
"UK-2026-103870";"2026-05-18";"North";"Gurugram";"Silk Saree";"Fashion";1;3621;"3621";"CUST-10947";"Website"
"UK-2026-102692";"2026-04-19";"South";"Hyderabad";"Football Size 5";"Sports";1;893;"893";"CUST-23368";"App"
"UK-2026-104323";"2026-06-02";"North";"Gurugram";"Slim Fit Jeans";"Fashion";2;1580;"3160";"CUST-55801";"Marketplace"
"UK-2026-100535";"2026-01-02";"North";"Gurugram";"Air Fryer 5L";"Home & Kitchen";1;5687;"5687";"CUST-83353";"Website"
"UK-2026-100279";"2026-01-04";"West";"Surat";"Gym Gloves";"Sports";1;476;"476";"CUST-64969";"App"
"UK-2026-102099";"2026-03-07";"South";"Hyderabad";"Smart Watch X2";"Electronics";1;4438;"4438";"CUST-41249";"Website"
"UK-2026-101032";"2026-02-03";"East";"Patna";"Slim Fit Jeans";"Fashion";1;1653;"1653";"CUST-96628";"App"
"UK-2026-104036";"2026-06-27";"North";"Gurugram";"Sunscreen SPF50";"Beauty";2;544;"1088";"CUST-10836";"App"
"UK-2026-103524";"2026-05-04";"Central";"Indore";"Ethnic Dupatta";"Fashion";1;494;"494";"CUST-79124";"Marketplace"
"UK-2026-100697";"2026-01-25";"North";"Delhi";"Running Sneakers";"Fashion";1;2853;"2853";"CUST-67579";"App"
"UK-2026-103651";"2026-05-17";"North";"Gurugram";"Ionic Hair Dryer";"Beauty";1;1975;"1975";"CUST-93259";"Marketplace"
"UK-2026-100646";"2026-01-07";"West";"Pune";"Dinner Set 24pc";"Home & Kitchen";1;2385;"2385";"CUST-68592";"Website"
"UK-2026-101154";"2026-02-07";"North";"Noida";"Cycling Helmet";"Sports";1;1526;"1526";"CUST-50130";"Website"
"UK-2026-100975";"2026-02-03";"East";"Bhubaneswar";"Yoga Mat Pro";"Sports";1;1221;"1221";"CUST-66585";"Marketplace"
"UK-2026-102495";"2026-04-18";"Central";"Raipur";"Mixer Grinder 750W";"Home & Kitchen";4;3292;"13168";"CUST-88844";"App"
"UK-2026-100543";"2026-01-30";"East";"Patna";"Football Size 5";"Sports";2;938;"1876";"CUST-92010";"App"
"UK-2026-100245";"2026-01-08";"South";"Chennai";"Cotton Bedsheet Set";"Home & Kitchen";2;1400;"2800";"CUST-58081";"Marketplace"
"UK-2026-104969";"2026-06-08";"Central";"Nagpur";"Slim Fit Jeans";"Fashion";1;1657;"1657";"CUST-65092";"Website"
"UK-2026-102115";"2026-03-09";"East";"Bhubaneswar";"Modern Wall Clock";"Home & Kitchen";1;792;"792.00";"CUST-20167";"Website"
"UK-2026-101560";"2026-03-14";"South";"Hyderabad";"Beard Grooming Kit";"Beauty";1;1000;"1000";"CUST-74547";"Website"
"UK-2026-103509";"2026-05-10";"West";"Mumbai";"Power Bank 20000mAh";"Electronics";1;1715;"1715";"CUST-75114";"Marketplace"
"UK-2026-104399";"2026-06-05";"South";"Chennai";"Denim Jacket";"Fashion";1;2269;"2269.00";"CUST-47202";"Website"
"UK-2026-104402";"2026-06-10";"West";"Mumbai";"Formal Shirt";"Fashion";1;1096;"1096";"CUST-12648";"App"
"UK-2026-102771";"2026-04-01";"South";"Hyderabad";"Silk Saree";"Fashion";2;3563;"7126";"CUST-35550";"Marketplace"
"UK-2026-100699";"2026-01-15";"North";"Noida";"Cricket Bat English Willow";"Sports";1;9144;"9144";"CUST-96054";"Website"
"UK-2026-100538";"2026-01-11";"South";"Chennai";"Cycling Helmet";"Sports";1;1533;"1533";"CUST-47392";"Marketplace"
"UK-2026-100182";"2026-01-01";"North";"Gurugram";"Ionic Hair Dryer";"Beauty";1;1953;"1953";"CUST-75418";"App"
"UK-2026-104299";"2026-06-28";"South";"Hyderabad";"Dinner Set 24pc";"Home & Kitchen";3;2521;"7563";"CUST-28146";"Website"
"UK-2026-100226";"2026-01-20";"Central";"Bhopal";"Smart Watch X2";"Electronics";1;4489;"4489";"CUST-88545";"Marketplace"
"UK-2026-104335";"2026-06-16";"West";"Surat";"Matte Lipstick Set";"Beauty";2;935;"1870";"CUST-49887";"Marketplace"
"UK-2026-103682";"2026-05-03";"North";"Gurugram";"Cotton Kurta Set";"Fashion";1;1355;"1355";"CUST-12877";"App"
"UK-2026-100551";"2026-01-01";"West";"Pune";"Noise-Cancelling Headphones";"Electronics";1;9146;"9146";"CUST-12547";"App"
"UK-2026-100140";"2026-01-21";"South";"Hyderabad";"Slim Fit Jeans";"Fashion";1;1628;"1628";"CUST-70165";"App"
"UK-2026-101887";"2026-03-12";"West";"Mumbai";"Noise-Cancelling Headphones";"Electronics";1;8684;"8684";"CUST-89949";"App"
"UK-2026-101262";"2026-02-08";"Central";"Indore";"Mirrorless Camera Lite";"Electronics";1;30005;"30005";"CUST-65550";"App"
"UK-2026-104161";"2026-06-10";"West";"Mumbai";"Cotton Kurta Set";"Fashion";1;1341;"1341";"CUST-74432";"Marketplace"
"UK-2026-101420";"2026-02-09";"South";"Hyderabad";"Leather Wallet";"Fashion";3;877;"2631";"CUST-91529";"App"
"UK-2026-100339";"2026-01-31";"East";"Bhubaneswar";"Wireless Earbuds Pro";"Electronics";1;3071;"3071";"CUST-27420";"Marketplace"
"UK-2026-102764";"2026-04-23";"South";"Hyderabad";"Power Bank 20000mAh";"Electronics";1;1845;"1845";"CUST-76409";"Website"
"UK-2026-101251";"2026-02-06";"West";"Pune";"Running Sneakers";"Fashion";1;2917;"2917";"CUST-59175";"Marketplace"
"UK-2026-103542";"2026-05-08";"North";"Noida";"Slim Fit Jeans";"Fashion";1;1611;"1611.00";"CUST-59180";"App"
"UK-2026-101815";"2026-03-20";"West";"Ahmedabad";"43-inch Smart TV";"Electronics";3;27111;"81333";"CUST-92956";"App"
"UK-2026-103351";"2026-05-30";"South";"Bengaluru";"Cotton Kurta Set";"Fashion";1;1281;"1281";"CUST-97441";"Website"
"UK-2026-101966";"2026-03-05";"West";"Mumbai";"Silk Saree";"Fashion";2;3575;"7150";"CUST-27286";"Website"
"UK-2026-100380";"2026-01-24";"West";"Ahmedabad";"43-inch Smart TV";"Electronics";1;26663;"26663";"CUST-94448";"Website"
"UK-2026-104473";"2026-06-05";"East";"Patna";"Non-Stick Cookware Set";"Home & Kitchen";2;2815;"5630";"CUST-45577";"App"
"UK-2026-104106";"2026-06-24";"Central";"Indore";"Ultrabook Air 14";"Electronics";1;30106;"30106";"CUST-41986";"Marketplace"
"UK-2026-101551";"2026-03-17";"West";"Mumbai";"Makeup Brush Set";"Beauty";1;1355;"1355";"CUST-11548";"App"
"UK-2026-103087";"2026-04-05";"North";"Delhi";"Running Sneakers";"Fashion";1;2845;"2845";"CUST-61230";"Website"
"UK-2026-103753";"2026-05-28";"West";"Surat";"Formal Shirt";"Fashion";1;1102;"1102";"CUST-66247";"App"
"UK-2026-101224";"2026-02-12";"South";"Kochi";"Ethnic Dupatta";"Fashion";1;489;"489";"CUST-16037";"Website"
"UK-2026-102032";"2026-03-19";"South";"Kochi";"Leather Wallet";"Fashion";2;886;"1772";"CUST-40338";"App"
"UK-2026-100015";"2026-01-08";"West";"Surat";"Eau de Parfum 100ml";"Beauty";2;2022;"4044";"CUST-32803";"Website"
"UK-2026-102612";"2026-04-03";"South";"Bengaluru";"Football Size 5";"Sports";2;875;"1750";"CUST-40473";"App"
"UK-2026-102872";"2026-04-01";"West";"Mumbai";"Formal Shirt";"Fashion";2;1117;"2234";"CUST-55912";"App"
"UK-2026-103140";"2026-05-09";"West";"Surat";"Formal Shirt";"Fashion";1;1102;"1102";"CUST-22989";"App"
"UK-2026-104491";"2026-06-11";"North";"Gurugram";"43-inch Smart TV";"Electronics";4;26025;"104100";"CUST-34958";"App"
"UK-2026-103246";"2026-05-22";"West";"Surat";"43-inch Smart TV";"Electronics";1;27038;"27038";"CUST-99217";"Marketplace"
"UK-2026-104435";"2026-06-22";"North";"Delhi";"Bluetooth Speaker Mini";"Electronics";1;1522;"1522";"CUST-84260";"Marketplace"
"UK-2026-103825";"2026-05-09";"North";"Gurugram";"Bluetooth Speaker Mini";"Electronics";1;1535;"1535";"CUST-33772";"App"
"UK-2026-101445";"2026-02-14";"North";"Gurugram";"Slim Fit Jeans";"Fashion";1;1669;"1669";"CUST-95213";"Website"
"UK-2026-103420";"2026-05-28";"North";"Delhi";"Cotton Kurta Set";"Fashion";1;1326;"1326";"CUST-62319";"App"
"UK-2026-103568";"2026-05-30";"South";"Kochi";"43-inch Smart TV";"Electronics";1;25144;"25144";"CUST-93327";"App"
"UK-2026-102240";"2026-03-26";"West";"Mumbai";"Leather Wallet";"Fashion";1;854;"854";"CUST-30772";"App"
"UK-2026-102867";"2026-04-05";"Central";"Indore";"Adjustable Dumbbells 15kg";"Sports";2;5036;"10072";"CUST-32061";"Website"
"UK-2026-102658";"2026-04-12";"West";"Ahmedabad";"Ultrabook Air 14";"Electronics";1;28500;"28500";"CUST-31833";"App"
"UK-2026-100081";"2026-01-08";"East";"Patna";"Mixer Grinder 750W";"Home & Kitchen";1;3325;"3325";"CUST-73422";"Website"
"UK-2026-103644";"2026-05-04";"North";"Chandigarh";"Face Wash Combo";"Beauty";2;439;"878";"CUST-38287";"Marketplace"
"UK-2026-103976";"2026-05-09";"North";"Chandigarh";"Mirrorless Camera Lite";"Electronics";2;28890;"57780";"CUST-90951";"App"
"UK-2026-103088";"2026-04-05";"Central";"Raipur";"Silk Saree";"Fashion";2;3416;"6832";"CUST-41847";"App"
"UK-2026-101885";"2026-03-25";"North";"Delhi";"Modern Wall Clock";"Home & Kitchen";1;780;"780";"CUST-50872";"App"
"UK-2026-101898";"2026-03-13";"South";"Kochi";"Wireless Earbuds Pro";"Electronics";1;3057;"3057";"CUST-71692";"Website"
"UK-2026-104301";"2026-06-17";"West";"Mumbai";"Noise-Cancelling Headphones";"Electronics";2;9108;"18216";"CUST-77673";"Website"
"UK-2026-100254";"2026-01-07";"South";"Bengaluru";"Ionic Hair Dryer";"Beauty";1;1826;"1826";"CUST-94723";"App"
"UK-2026-102602";"2026-04-25";"West";"Ahmedabad";"Electric Kettle 1.5L";"Home & Kitchen";1;1072;"1072";"CUST-84830";"Website"
"UK-2026-101280";"2026-02-07";"North";"Delhi";"Ultrabook Air 14";"Electronics";1;30781;"30781";"CUST-37452";"App"
"UK-2026-100361";"2026-01-04";"North";"Gurugram";"Running Sneakers";"Fashion";1;2769;"2769";"CUST-68309";"App"
"UK-2026-102761";"2026-04-07";"North";"Gurugram";"Electric Kettle 1.5L";"Home & Kitchen";1;1122;"1122";"CUST-87827";"App"
"UK-2026-101883";"2026-03-17";"Central";"Indore";"Formal Shirt";"Fashion";1;1076;"1076";"CUST-57549";"App"
"UK-2026-104298";"2026-06-27";"North";"Chandigarh";"Electric Kettle 1.5L";"Home & Kitchen";1;1049;"1049";"CUST-65602";"App"
"UK-2026-100461";"2026-01-29";"South";"Hyderabad";"43-inch Smart TV";"Electronics";3;26202;"78606";"CUST-93076";"App"
"UK-2026-102908";"2026-04-26";"North";"GGN";"Running Sneakers";"Fashion";2;2901;"5802";"CUST-90360";"Website"
"UK-2026-102142";"2026-03-17";"East";"Kolkata";"Denim Jacket";"Fashion";1;2275;"2275";"CUST-51452";"Website"
"UK-2026-100139";"2026-01-01";"North";"Delhi";"Vitamin C Serum";"Beauty";2;692;"1384";"CUST-65784";"App"
"UK-2026-104209";"2026-06-12";"South";"Kochi";"Air Fryer 5L";"Home & Kitchen";1;5715;"5715";"CUST-20769";"App"
"UK-2026-103914";"2026-05-26";"West";"Surat";"Ethnic Dupatta";"Fashion";1;517;"517";"CUST-16792";"App"
"UK-2026-101558";"2026-03-23";"South";"Bengaluru";"Beard Grooming Kit";"Beauty";1;1037;"1037";"CUST-27549";"App"
"UK-2026-103795";"2026-05-31";"West";"Mumbai";"Bluetooth Speaker Mini";"Electronics";1;1564;"1564";"CUST-96054";"Marketplace"
"UK-2026-104418";"2026-06-20";"Central";"Nagpur";"Sunscreen SPF50";"Beauty";1;558;"558";"CUST-19676";"Website"
"UK-2026-101514";"2026-03-05";"West";"Surat";"Power Bank 20000mAh";"Electronics";2;1808;"3616";"CUST-48792";"App"
"UK-2026-101300";"2026-02-22";"North";"noida";"Robot Vacuum R7";"Home & Kitchen";1;19181;"19181";"CUST-55545";"Website"
"UK-2026-100020";"2026-01-03";"South";"Hyderabad";"Sunscreen SPF50";"Beauty";1;544;"544";"CUST-81638";"App"
"UK-2026-103329";"2026-05-08";"West";"Bombay";"Formal Shirt";"Fashion";1;1071;"1071";"CUST-38963";"App"
"UK-2026-103818";"2026-05-13";"Central";"Bhopal";"Cotton Bedsheet Set";"Home & Kitchen";1;1358;"1358";"CUST-47483";"Marketplace"
"UK-2026-103799";"2026-05-31";"South";"Chennai";"Smart Watch X2";"Electronics";1;4531;"4531";"CUST-54824";"App"
"UK-2026-102681";"2026-04-25";"South";"Chennai";"Cotton Bedsheet Set";"Home & Kitchen";1;1355;"1355";"CUST-66585";"Website"
"UK-2026-104251";"2026-06-15";"South";"Kochi";"Matte Lipstick Set";"Beauty";3;923;"2769";"CUST-60707";"App"
"UK-2026-100739";"2026-02-09";"South";"Hyderabad";"Bluetooth Speaker Mini";"Electronics";2;1562;"3124";"CUST-58889";"Website"
"UK-2026-104288";"2026-06-19";"South";"Madras";"Bluetooth Speaker Mini";"Electronics";1;1488;"1488";"CUST-40410";"Marketplace"
"UK-2026-104279";"2026-06-12";"Central";"Nagpur";"Beard Grooming Kit";"Beauty";1;975;"975";"CUST-67035";"Website"
"UK-2026-101306";"2026-02-14";"East";"Bhubaneswar";"Denim Jacket";"Fashion";2;2245;"4490";"CUST-55912";"App"
"UK-2026-104590";"2026-06-25";"East";"Patna";"Cotton Kurta Set";"Fashion";1;1274;"1274";"CUST-15504";"App"
"UK-2026-101049";"2026-02-27";"West";"Pune";"Running Sneakers";"Fashion";1;2676;"2676";"CUST-23808";"App"
"UK-2026-100686";"2026-01-12";"West";"Ahmedabad";"Formal Shirt";"Fashion";1;1078;"1078";"CUST-73807";"App"
"UK-2026-101821";"2026-03-22";"North";"Chandigarh";"Cycling Helmet";"Sports";2;1614;"3228";"CUST-61522";"Marketplace"
"UK-2026-100884";"2026-02-27";"West";"Pune";"Makeup Brush Set";"Beauty";2;1295;"2590";"CUST-14093";"Marketplace"
"UK-2026-102702";"2026-04-13";"East";"Guwahati";"Dinner Set 24pc";"Home & Kitchen";1;2434;"2434";"CUST-53026";"Website"
"UK-2026-104608";"2026-06-11";"North";"Gurugram";"Power Bank 20000mAh";"Electronics";1;1799;"1799";"CUST-52002";"Marketplace"
"UK-2026-101750";"2026-03-12";"South";"Hyderabad";"non-stick cookware set";"Home & Kitchen";1;2785;"2785";"CUST-36990";"App"
"UK-2026-103409";"2026-05-06";"West";"Ahmedabad";"Silk Saree";"Fashion";2;3588;"7176";"CUST-63028";"Website"
"UK-2026-104552";"2026-06-23";"Central";"Nagpur";"Running Sneakers";"Fashion";1;2842;"2842";"CUST-35618";"Website"
"UK-2026-102585";"2026-04-15";"South";"Kochi";"Matte Lipstick Set";"Beauty";3;894;"2682";"CUST-10856";"App"
"UK-2026-104021";"2026-06-06";"North";"Chandigarh";"Silk Saree";"Fashion";1;3347;"3347";"CUST-78699";"App"
"UK-2026-104478";"2026-06-07";"North";"Noida";"Leather Wallet";"Fashion";1;922;"922";"CUST-99715";"App"
"UK-2026-104242";"2026-06-14";"East";"Kolkata";"Silk Saree";"Fashion";1;3343;"3343";"CUST-12877";"Marketplace"
"UK-2026-100889";"2026-02-10";"East";"Bhubaneswar";"Power Bank 20000mAh";"Electronics";1;1787;"1787";"CUST-70853";"App"
"UK-2026-103248";"2026-05-30";"Central";"Indore";"Foldable Treadmill T2";"Sports";2;24970;"49940";"CUST-83065";"App"
"UK-2026-100036";"2026-01-04";"Central";"Bhopal";"Wireless Earbuds Pro";"Electronics";2;2951;"5902";"CUST-29640";"Website"
"UK-2026-104698";"2026-06-09";"West";"Pune";"Wireless Earbuds Pro";"Electronics";1;2997;"2997";"CUST-13398";"Website"
"UK-2026-103336";"2026-05-10";"East";"Patna";"Non-Stick Cookware Set";"Home & Kitchen";1;3022;"3022";"CUST-15086";"Website"
"UK-2026-101244";"2026-02-16";"Central";"Raipur";"Ultrabook Air 14";"Electronics";1;29314;"29314";"CUST-98873";"Website"
"UK-2026-100992";"2026-02-05";"North";"Chandigarh";"Matte Lipstick Set";"Beauty";1;890;"890";"CUST-17216";"Marketplace"
"UK-2026-100903";"2026-02-19";"North";"Chandigarh";"Ionic Hair Dryer";"Beauty";1;1959;"1959";"CUST-36132";"Website"
"UK-2026-101997";"2026-03-05";"West";"Surat";"Bluetooth Speaker Mini";"Electronics";2;1439;"2878";"CUST-38606";"App"
"UK-2026-103325";"2026-05-09";"North";"Noida";"Beard Grooming Kit";"Beauty";2;1032;"2064";"CUST-10175";"App"
"UK-2026-101573";"2026-03-31";"West";"Mumbai";"Face Wash Combo";"Beauty";1;429;"429";"CUST-95214";"App"
"UK-2026-103454";"2026-05-30";"West";"Mumbai";"Matte Lipstick Set";"Beauty";1;925;"925";"CUST-17635";"Website"
"UK-2026-100590";"2026-01-16";"North";"Chandigarh";"Gym Gloves";"Sports";2;493;"986";"CUST-23348";"Marketplace"
"UK-2026-101135";"2026-02-21";"West";"Surat";"Leather Wallet";"Fashion";2;921;"1842";"CUST-36146";"App"
"UK-2026-103093";"2026-05-09";"West";"Pune";"Adjustable Dumbbells 15kg";"Sports";4;5247;"20988";"CUST-47642";"Marketplace"
"UK-2026-101152";"2026-02-16";"South";"Kochi";"Cotton Bedsheet Set";"Home & Kitchen";1;1412;"1412";"CUST-45665";"Marketplace"
"UK-2026-103552";"2026-05-17";"North";"Gurugram";"Gym Gloves";"Sports";1;481;"481";"CUST-33126";"App"
"UK-2026-101426";"2026-02-16";"South";"Chennai";"43-inch Smart TV";"Electronics";1;26208;"26208";"CUST-36565";"App"
"UK-2026-100440";"2026-01-29";"North";"Noida";"Matte Lipstick Set";"Beauty";1;880;"880";"CUST-48893";"App"
"UK-2026-102766";"2026-04-05";"South";"Kochi";"Mixer Grinder 750W";"Home & Kitchen";3;3254;"9762";"CUST-22637";"Website"
"UK-2026-103226";"2026-05-28";"North";"Chandigarh";"Smart Watch X2";"Electronics";1;4701;"4701";"CUST-59879";"App"
"UK-2026-100187";"2026-01-02";"West";"Pune";"Running Sneakers";"Fashion";2;2870;"5740";"CUST-74547";"Website"
"UK-2026-100776";"2026-02-04";"North";"Chandigarh";"Mirrorless Camera Lite";"Electronics";2;30192;"60384";"CUST-66428";"Marketplace"
"UK-2026-104766";"2026-06-29";"South";"Kochi";"Slim Fit Jeans";"Fashion";2;1671;"3342";"CUST-66865";"App"
"UK-2026-103465";"2026-05-16";"East";"Bhubaneswar";"Ethnic Dupatta";"Fashion";2;488;"976";"CUST-41634";"Website"
"UK-2026-100132";"2026-01-24";"South";"Kochi";"Noise-Cancelling Headphones";"Electronics";1;9359;"9359";"CUST-95636";"Website"
"UK-2026-102129";"2026-03-13";"West";"Surat";"Ethnic Dupatta";"Fashion";1;519;"519";"CUST-31659";"Website"
"UK-2026-102801";"2026-04-07";"West";"pune";"Robot Vacuum R7";"Home & Kitchen";1;19616;"19616";"CUST-51869";"Website"
"UK-2026-101602";"2026-03-04";"North";"Noida";"Gym Gloves";"Sports";1;491;"491";"CUST-69135";"Website"
"UK-2026-102680";"2026-04-25";"East";"Guwahati";"Foldable Treadmill T2";"Sports";1;24238;"24238";"CUST-82887";"App"
"UK-2026-100834";"2026-02-14";"South";"Bangalore";"Robot Vacuum R7";"Home & Kitchen";1;18253;"18253";"CUST-18244";"Website"
"UK-2026-101931";"2026-03-28";"North";"Delhi";"Mirrorless Camera Lite";"Electronics";1;30268;"30268";"CUST-53467";"Website"
"UK-2026-103975";"2026-05-18";"West";"Surat";"Silk Saree";"Fashion";1;3453;"3453";"CUST-71609";"App"
"UK-2026-100145";"2026-01-28";"South";"Kochi";"43-inch Smart TV";"Electronics";1;26140;"26140";"CUST-28892";"App"
"UK-2026-100657";"2026-01-07";"West";"Pune";"Power Bank 20000mAh";"Electronics";1;1725;"1725";"CUST-55912";"Website"
"UK-2026-103274";"2026-05-19";"West";"Pune";"Cotton Kurta Set";"Fashion";2;1331;"2662";"CUST-49714";"App"
"UK-2026-102396";"2026-04-10";"South";"Kochi";"Wireless Earbuds Pro";"Electronics";1;2971;"2971";"CUST-29033";"Marketplace"
"UK-2026-102972";"2026-04-14";"South";"Chennai";"Smart Watch X2";"Electronics";2;4410;"8820";"CUST-87840";"Website"
"UK-2026-100374";"2026-01-05";"East";"Kolkata";"Dinner Set 24pc";"Home & Kitchen";1;2570;"2570";"CUST-88562";"Website"
"UK-2026-103036";"2026-04-17";"East";"Bhubaneswar";"Badminton Racket Set";"Sports";2;2551;"5102";"CUST-41238";"Website"
"UK-2026-100178";"2026-01-15";"South";"Hyderabad";"Running Sneakers";"Fashion";1;2677;"2677";"CUST-53840";"App"
"UK-2026-103452";"2026-05-18";"North";"Chandigarh";"Adjustable Dumbbells 15kg";"Sports";1;5229;"5229";"CUST-89970";"Marketplace"
"UK-2026-102348";"2026-04-23";"North";"Delhi";"Noise-Cancelling Headphones";"Electronics";1;9159;"9159";"CUST-70096";"App"
"UK-2026-100089";"2026-01-04";"West";"Mumbai";"Mixer Grinder 750W";"Home & Kitchen";1;3286;"3286";"CUST-12568";"Website"
"UK-2026-102726";"2026-04-27";"North";"New Delhi";"Beard Grooming Kit";"Beauty";1;1026;"1026";"CUST-29493";"App"
"UK-2026-103415";"2026-05-30";"North";"Chandigarh";"Robot Vacuum R7";"Home & Kitchen";3;18149;"54447";"CUST-54393";"Website"
"UK-2026-104421";"2026-06-22";"South";"Chennai";"Makeup Brush Set";"Beauty";1;1258;"1258";"CUST-14948";"App"
"UK-2026-101714";"2026-03-13";"North";"Gurugram";"Non-Stick Cookware Set";"Home & Kitchen";4;3026;"12104";"CUST-98833";"App"
"UK-2026-104762";"2026-06-27";"West";"Mumbai";"Ultrabook Air 14";"Electronics";1;30295;"30295";"CUST-61245";"Marketplace"
"UK-2026-100466";"2026-01-28";"North";"Noida";"Bluetooth Speaker Mini";"Electronics";1;1445;"1445";"CUST-56001";"Website"
"UK-2026-102660";"2026-04-27";"South";"Chennai";"43-inch Smart TV";"Electronics";1;24893;"24893";"CUST-84486";"Website"
"UK-2026-101058";"2026-02-18";"North";"Delhi";"Slim Fit Jeans";"Fashion";1;1674;"1674";"CUST-95633";"Marketplace"
"UK-2026-100682";"2026-01-26";"North";"Chandigarh";"Dinner Set 24pc";"Home & Kitchen";1;2587;"2587";"CUST-44326";"App"
"UK-2026-104351";"2026-06-29";"West";"Pune";"Silk Saree";"Fashion";1;3590;"3590";"CUST-76040";"App"
"UK-2026-100769";"2026-02-15";"West";"Mumbai";"Ethnic Dupatta";"Fashion";1;495;"495";"CUST-48539";"App"
"UK-2026-100847";"2026-02-20";"West";"Surat";"Noise-Cancelling Headphones";"Electronics";1;9202;"9202";"CUST-37112";"Website"
"UK-2026-104268";"2026-06-17";"East";"Kolkata";"Electric Kettle 1.5L";"Home & Kitchen";2;1112;"2224";"CUST-67719";"App"
"UK-2026-100849";"2026-02-07";"North";"Chandigarh";"Beard Grooming Kit";"Beauty";1;994;"994";"CUST-17635";"App"
"UK-2026-102525";"2026-04-26";"Central";"Indore";"Denim Jacket";"Fashion";1;2256;"2256";"CUST-42060";"App"
"UK-2026-101086";"2026-02-09";"East";"Kolkata";"Power Bank 20000mAh";"Electronics";2;1792;"3584";"CUST-20572";"Marketplace"
"UK-2026-104190";"2026-06-18";"West";"Ahmedabad";"Adjustable Dumbbells 15kg";"Sports";1;4862;"4862";"CUST-84484";"Website"
"UK-2026-101565";"2026-03-16";"East";"Patna";"Cycling Helmet";"Sports";1;1612;"1612";"CUST-35414";"Website"
"UK-2026-101509";"2026-03-05";"East";"Guwahati";"43-inch Smart TV";"Electronics";1;26231;"26231";"CUST-76773";"Website"
"UK-2026-104030";"2026-06-09";"West";"Surat";"Non-Stick Cookware Set";"Home & Kitchen";4;3007;"12028";"CUST-90951";"App"
"UK-2026-102377";"2026-04-15";"South";"Chennai";"Air Fryer 5L";"Home & Kitchen";1;5329;"5329";"CUST-25448";"App"
"UK-2026-103834";"2026-05-30";"West";"Pune";"Denim Jacket";"Fashion";1;2160;"2160";"CUST-13369";"App"
"UK-2026-104534";"2026-06-27";"North";"Gurugram";"Power Bank 20000mAh";"Electronics";1;1823;"1823";"CUST-74217";"Website"
"UK-2026-100758";"2026-02-19";"North";"Gurugram";"Running Sneakers";"Fashion";1;2710;"2710";"CUST-71884";"Website"
"UK-2026-100291";"2026-01-25";"East";"Bhubaneswar";"Cotton Kurta Set";"Fashion";2;1266;"2532";"CUST-27498";"App"
"UK-2026-101615";"2026-03-14";"North";"Delhi";"Robot Vacuum R7";"Home & Kitchen";1;18053;"18053";"CUST-16459";"Website"
"UK-2026-104172";"2026-06-17";"East";"Patna";"Power Bank 20000mAh";"Electronics";1;1717;"1717";"CUST-91333";"Marketplace"
"UK-2026-102573";"2026-04-17";"East";"Kolkata";"Power Bank 20000mAh";"Electronics";1;1779;"1779";"CUST-80006";"App"
"UK-2026-103717";"2026-05-09";"West";"Ahmedabad";"Modern Wall Clock";"Home & Kitchen";1;829;"829";"CUST-11377";"Marketplace"
"UK-2026-103136";"2026-05-20";"Central";"Nagpur";"Modern Wall Clock";"Home & Kitchen";1;805;"805";"CUST-67697";"Marketplace"
"UK-2026-104730";"2026-06-20";"East";"Kolkata";"Electric Kettle 1.5L";"Home & Kitchen";1;1142;"1142";"CUST-98242";"Website"
"UK-2026-102121";"2026-03-01";"North";"Gurugram";"Sunscreen SPF50";"Beauty";4;526;"2104";"CUST-90385";"Website"
"UK-2026-102576";"2026-04-23";"West";"Ahmedabad";"Vitamin C Serum";"Beauty";1;683;"683";"CUST-31535";"Website"
"UK-2026-103232";"2026-05-28";"West";"Ahmedabad";"Mirrorless Camera Lite";"Electronics";1;29602;"29602";"CUST-71299";"Marketplace"
"UK-2026-102174";"2026-03-26";"North";"Noida";"Makeup Brush Set";"Beauty";1;1354;"1354";"CUST-64659";"Marketplace"
"UK-2026-104343";"2026-06-18";"West";"Surat";"Noise-Cancelling Headphones";"Electronics";2;8838;"17676";"CUST-30422";"Marketplace"
"UK-2026-103850";"2026-05-18";"North";"Noida";"Smart Watch X2";"Electronics";1;4712;"4712";"CUST-68580";"Website"
"UK-2026-102659";"2026-04-09";"East";"Guwahati";"Ionic Hair Dryer";"Beauty";2;1893;"3786";"CUST-91739";"App"
"UK-2026-102679";"2026-04-28";"Central";"Nagpur";"Denim Jacket";"Fashion";1;2173;"2173";"CUST-59879";"App"
"UK-2026-102225";"2026-03-28";"North";"Noida";"Eau de Parfum 100ml";"Beauty";1;2074;"2074";"CUST-26061";"App"
"UK-2026-103061";"2026-04-10";"West";"Surat";"Wireless Earbuds Pro";"Electronics";1;3062;"3062";"CUST-92300";"Marketplace"
"UK-2026-103556";"2026-05-21";"East";"Patna";"Gym Gloves";"Sports";1;474;"474";"CUST-67809";"Website"
"UK-2026-103029";"2026-04-25";"East";"Kolkata";"Football Size 5";"Sports";1;880;"880";"CUST-22989";"App"
"UK-2026-103732";"2026-05-05";"East";"Patna";"Smart Watch X2";"Electronics";1;4465;"4465";"CUST-33772";"App"
"UK-2026-104153";"2026-06-23";"East";"Kolkata";"Sunscreen SPF50";"Beauty";1;567;"567";"CUST-33110";"App"
"UK-2026-101764";"2026-03-27";"North";"Delhi";"43-inch Smart TV";"Electronics";2;27115;"54230";"CUST-84162";"Marketplace"
"UK-2026-104933";"2026-06-28";"North";"Noida";"Ionic Hair Dryer";"Beauty";2;1971;"3942";"CUST-16552";"Website"
"UK-2026-103856";"2026-05-25";"East";"Patna";"Sunscreen SPF50";"Beauty";1;552;"552";"CUST-93846";"App"
"UK-2026-104553";"2026-06-28";"West";"Surat";"Sunscreen SPF50";"Beauty";1;556;"556";"CUST-61337";"Marketplace"
"UK-2026-103970";"2026-05-23";"Central";"Bhopal";"Adjustable Dumbbells 15kg";"Sports";2;4928;"9856";"CUST-67719";"Website"
"UK-2026-103271";"2026-05-05";"North";"Delhi";"Eau de Parfum 100ml";"Beauty";1;1933;"1933";"CUST-33019";"Marketplace"
"UK-2026-101434";"2026-02-27";"East";"Guwahati";"Bluetooth Speaker Mini";"Electronics";4;1484;"5936";"CUST-82816";"App"
"UK-2026-104169";"2026-06-28";"South";"Kochi";"Matte Lipstick Set";"Beauty";1;936;"936";"CUST-59271";"App"
"UK-2026-100180";"2026-01-30";"South";"Bengaluru";"Cycling Helmet";"Sports";1;1547;"1547";"CUST-67734";"Marketplace"
"UK-2026-103738";"2026-05-22";"West";"Mumbai";"Badminton Racket Set";"Sports";4;2553;"10212";"CUST-68641";"Marketplace"
"UK-2026-102990";"2026-04-23";"North";"Delhi";"Mirrorless Camera Lite";"Electronics";1;29306;"29306";"CUST-59820";"Marketplace"
"UK-2026-102705";"2026-04-16";"South";"Bengaluru";"Cycling Helmet";"Sports";1;1649;"1649";"CUST-38900";"Website"
"UK-2026-101297";"2026-02-25";"North";"Chandigarh";"Mixer Grinder 750W";"Home & Kitchen";1;3226;"3226";"CUST-32957";"App"
"UK-2026-102435";"2026-04-14";"East";"Bhubaneswar";"Eau de Parfum 100ml";"Beauty";1;2077;"2077";"CUST-89348";"Website"
"UK-2026-100719";"2026-01-30";"North";"Chandigarh";"Matte Lipstick Set";"Beauty";1;934;"934";"CUST-89433";"Website"
"UK-2026-103801";"2026-05-08";"East";"Guwahati";"Mirrorless Camera Lite";"Electronics";1;29036;"29036";"CUST-76106";"Website"
"UK-2026-100798";"2026-02-16";"East";"Kolkata";"Ethnic Dupatta";"Fashion";1;487;"487";"CUST-44429";"App"
"UK-2026-101825";"2026-03-02";"East";"Guwahati";"Football Size 5";"Sports";3;932;"2796";"CUST-70872";"App"
"UK-2026-103751";"2026-05-14";"Central";"Nagpur";"Wireless Earbuds Pro";"Electronics";1;2893;"2893";"CUST-94568";"Website"
"UK-2026-102593";"2026-04-14";"West";"Pune";"Football Size 5";"Sports";2;857;"1714";"CUST-94448";"App"
"UK-2026-100854";"2026-02-26";"West";"Ahmedabad";"Air Fryer 5L";"Home & Kitchen";2;5423;"10846";"CUST-72415";"App"
"UK-2026-101082";"2026-02-19";"West";"Pune";"Cotton Kurta Set";"Fashion";2;1266;"2532";"CUST-79467";"App"
"UK-2026-103499";"2026-05-24";"South";"Bengaluru";"43-inch Smart TV";"Electronics";1;24938;"24938";"CUST-26105";"App"
"UK-2026-103378";"2026-05-26";"West";"Ahmedabad";"Electric Kettle 1.5L";"Home & Kitchen";2;1131;"2262";"CUST-88131";"App"
"UK-2026-103996";"2026-05-05";"North";"Noida";"Badminton Racket Set";"Sports";1;2541;"2541";"CUST-15482";"App"
"UK-2026-102488";"2026-04-21";"West";"Mumbai";"43-inch Smart TV";"Electronics";1;25325;"25325";"CUST-59519";"Marketplace"
"UK-2026-102261";"2026-04-06";"North";"Chandigarh";"Slim Fit Jeans";"Fashion";1;1614;"1614";"CUST-82176";"App"
"UK-2026-102899";"2026-04-07";"South";"Bengaluru";"Ionic Hair Dryer";"Beauty";2;1893;"3786";"CUST-23808";"App"
"UK-2026-100473";"2026-01-02";"Central";"Bhopal";"Eau de Parfum 100ml";"Beauty";1;1991;"1991";"CUST-17159";"App"
"UK-2026-101856";"2026-03-16";"South";"Hyderabad";"Wireless Earbuds Pro";"Electronics";1;2850;"2850";"CUST-52474";"App"
"UK-2026-100516";"2026-01-09";"North";"Noida";"Cotton Bedsheet Set";"Home & Kitchen";1;1408;"1408";"CUST-97441";"Website"
"UK-2026-103636";"2026-05-11";"North";"Noida";"Beard Grooming Kit";"Beauty";1;984;"984";"CUST-79094";"App"
"UK-2026-101934";"2026-03-30";"West";"Ahmedabad";"Running Sneakers";"Fashion";2;2806;"5612";"CUST-54301";"App"
"UK-2026-103404";"2026-05-24";"South";"Kochi";"Ultrabook Air 14";"Electronics";1;29338;"29338";"CUST-24227";"Website"
"UK-2026-103301";"2026-05-22";"West";"Ahmedabad";"Electric Kettle 1.5L";"Home & Kitchen";1;1080;"1080";"CUST-23349";"Marketplace"
"UK-2026-100130";"2026-01-20";"North";"Gurugram";"Silk Saree";"Fashion";1;3528;"3528";"CUST-16887";"Website"
"UK-2026-100507";"2026-01-10";"North";"Noida";"Denim Jacket";"Fashion";1;2305;"2305";"CUST-15086";"App"
"UK-2026-104032";"2026-06-19";"South";"Hyderabad";"43-inch Smart TV";"Electronics";3;26642;"79926";"CUST-43614";"Website"
"UK-2026-102455";"2026-04-03";"South";"Kochi";"Electric Kettle 1.5L";"Home & Kitchen";1;1081;"1081";"CUST-84784";"Website"
"UK-2026-100421";"2026-01-24";"West";"Ahmedabad";"Leather Wallet";"Fashion";1;890;"890";"CUST-23349";"App"
"UK-2026-101313";"2026-02-20";"North";"Noida";"Smart Watch X2";"Electronics";1;4377;"4377";"CUST-80152";"Website"
"UK-2026-102491";"2026-04-20";"Central";"Raipur";"Modern Wall Clock";"Home & Kitchen";1;765;"765";"CUST-61823";"Website"
"UK-2026-100345";"2026-01-11";"North";"Noida";"Ultrabook Air 14";"Electronics";2;30067;"60134";"CUST-62734";"App"
"UK-2026-104642";"2026-06-03";"North";"Gurugram";"Smart Watch X2";"Electronics";1;4646;"4646";"CUST-66838";"Marketplace"
"UK-2026-103214";"2026-05-11";"East";"Patna";"Ultrabook Air 14";"Electronics";1;29931;"29931";"CUST-46396";"Marketplace"
"UK-2026-100616";"2026-01-01";"West";"Pune";"Noise-Cancelling Headphones";"Electronics";2;9160;"18320";"CUST-38900";"App"
"UK-2026-104713";"2026-06-17";"South";"Chennai";"Mixer Grinder 750W";"Home & Kitchen";1;3312;"3312";"CUST-52329";"Website"
"UK-2026-101375";"2026-02-08";"North";"Noida";"Air Fryer 5L";"Home & Kitchen";1;5645;"5645";"CUST-99917";"Website"
"UK-2026-102959";"2026-04-21";"South";"Chennai";"Ionic Hair Dryer";"Beauty";1;1905;"1905";"CUST-76693";"App"
"UK-2026-102158";"2026-03-16";"South";"Hyderabad";"Running Sneakers";"Fashion";1;2773;"2773";"CUST-73398";"App"
"UK-2026-101755";"2026-03-17";"South";"Chennai";"Modern Wall Clock";"Home & Kitchen";1;770;"770";"CUST-51037";"Marketplace"
"UK-2026-102880";"2026-04-10";"West";"Mumbai";"Ultrabook Air 14";"Electronics";1;30029;"30029";"CUST-92077";"Marketplace"
"UK-2026-102080";"2026-03-25";"North";"Noida";"Mixer Grinder 750W";"Home & Kitchen";4;3321;"13284";"CUST-53888";"App"
"UK-2026-104434";"2026-06-01";"North";"Delhi";"Face Wash Combo";"Beauty";4;469;"1876";"CUST-65614";"App"
"UK-2026-103748";"2026-05-03";"South";"Kochi";"Sunscreen SPF50";"Beauty";1;562;"562";"CUST-13035";"App"
"UK-2026-104253";"2026-06-19";"South";"Hyderabad";"Modern Wall Clock";"Home & Kitchen";1;801;"801";"CUST-41920";"App"
"UK-2026-102082";"2026-03-29";"North";"Noida";"Makeup Brush Set";"Beauty";1;1251;"1251";"CUST-27277";"App"
"UK-2026-102557";"2026-04-26";"West";"Ahmedabad";"Sunscreen SPF50";"Beauty";1;571;"571";"CUST-95527";"Website"
"UK-2026-104614";"2026-06-21";"South";"Chennai";"Slim Fit Jeans";"Fashion";1;1659;"1659";"CUST-65575";"App"
"UK-2026-103886";"2026-05-18";"South";"Bengaluru";"Football Size 5";"Sports";1;916;"916";"CUST-11402";"App"
"UK-2026-103830";"2026-05-16";"North";"Chandigarh";"Power Bank 20000mAh";"Electronics";1;1845;"1845";"CUST-54301";"Marketplace"
"UK-2026-101235";"2026-02-10";"West";"Mumbai";"dinner set 24pc";"Home & Kitchen";1;2424;"2424";"CUST-18417";"Website"
"UK-2026-101682";"2026-03-13";"North";"Delhi";"Badminton Racket Set";"Sports";3;2429;"7287";"CUST-16451";"App"
"UK-2026-104130";"2026-06-19";"West";"Ahmedabad";"Cotton Bedsheet Set";"Home & Kitchen";1;1461;"1461";"CUST-14581";"Website"
"UK-2026-102282";"2026-04-23";"Central";"Indore";"Running Sneakers";"Fashion";2;2801;"5602";"CUST-17216";"App"
"UK-2026-100388";"2026-01-11";"West";"Surat";"Cotton Bedsheet Set";"Home & Kitchen";1;1432;"1432";"CUST-79608";"App"
"UK-2026-101076";"2026-02-25";"Central";"Indore";"Electric Kettle 1.5L";"Home & Kitchen";2;1148;"2296";"CUST-58125";"Marketplace"
"UK-2026-103488";"2026-05-24";"East";"Kolkata";"Wireless Earbuds Pro";"Electronics";1;3063;"3063";"CUST-82521";"Marketplace"
"UK-2026-104871";"2026-06-10";"North";"Chandigarh";"Bluetooth Speaker Mini";"Electronics";3;1508;"4524";"CUST-22818";"Marketplace"
"UK-2026-102757";"2026-04-06";"South";"Bengaluru";"Running Sneakers";"Fashion";1;2751;"2751";"CUST-51318";"Website"
"UK-2026-100557";"2026-01-07";"North";"Chandigarh";"Makeup Brush Set";"Beauty";1;1257;"1257";"CUST-91141";"App"
"UK-2026-103107";"2026-05-20";"South";"Bengaluru";"Smart Watch X2";"Electronics";1;4317;"4317";"CUST-66838";"App"
"UK-2026-102558";"2026-04-09";"West";"Surat";"Ultrabook Air 14";"Electronics";1;30690;"30690";"CUST-41204";"App"
"UK-2026-103211";"2026-05-09";"North";"Noida";"Non-Stick Cookware Set";"Home & Kitchen";1;2868;"2868";"CUST-89921";"Marketplace"
"UK-2026-102596";"2026-04-07";"South";"Bengaluru";"43-inch Smart TV";"Electronics";2;25029;"50058";"CUST-14109";"App"
"UK-2026-100900";"2026-02-13";"Central";"Raipur";"Dinner Set 24pc";"Home & Kitchen";2;2492;"4984";"CUST-89994";"Website"
"UK-2026-100270";"2026-01-30";"North";"Gurugram";"Foldable Treadmill T2";"Sports";1;24296;"24296";"CUST-79751";"App"
"UK-2026-102833";"2026-04-20";"Central";"Nagpur";"Football Size 5";"Sports";1;881;"881";"CUST-99917";"App"
"UK-2026-100387";"2026-01-14";"North";"Noida";"Vitamin C Serum";"Beauty";1;722;"722";"CUST-74420";"Marketplace"
"UK-2026-102320";"2026-04-10";"Central";"Nagpur";"Formal Shirt";"Fashion";2;1085;"2170";"CUST-21503";"App"
"UK-2026-103606";"2026-05-22";"Central";"Bhopal";"Power Bank 20000mAh";"Electronics";1;1805;"1805";"CUST-79669";"App"
"UK-2026-101693";"2026-03-30";"North";"Gurugram";"Power Bank 20000mAh";"Electronics";1;1852;"1852";"CUST-11402";"App"
"UK-2026-101503";"2026-03-11";"North";"Chandigarh";"Noise-Cancelling Headphones";"Electronics";2;9132;"18264";"CUST-67219";"Website"
"UK-2026-101511";"2026-03-22";"South";"Kochi";"Smart Watch X2";"Electronics";2;4306;"8612";"CUST-36146";"App"
"UK-2026-101150";"2026-02-25";"East";"Patna";"Ultrabook Air 14";"Electronics";1;31122;"31122";"CUST-72523";"Website"
"UK-2026-103924";"2026-05-19";"South";"Hyderabad";"Power Bank 20000mAh";"Electronics";1;1777;"1777";"CUST-42417";"Marketplace"
"UK-2026-101571";"2026-03-28";"North";"Chandigarh";"Cotton Kurta Set";"Fashion";1;1251;"1251";"CUST-25835";"Marketplace"
"UK-2026-102556";"2026-04-21";"West";"Surat";"Power Bank 20000mAh";"Electronics";1;1736;"1736";"CUST-35749";"Website"
"UK-2026-104911";"2026-06-17";"South";"Kochi";"Ionic Hair Dryer";"Beauty";1;1961;"1961";"CUST-28590";"App"
"UK-2026-104859";"2026-06-28";"North";"Chandigarh";"Mixer Grinder 750W";"Home & Kitchen";3;3173;"9519";"CUST-74722";"App"
"UK-2026-104497";"2026-06-25";"West";"Mumbai";"Badminton Racket Set";"Sports";1;2587;"2587";"CUST-98242";"Website"
"UK-2026-100857";"2026-02-15";"South";"Hyderabad";"Running Sneakers";"Fashion";1;2772;"2772";"CUST-76695";"Website"
"UK-2026-100286";"2026-01-23";"North";"Gurugram";"Ethnic Dupatta";"Fashion";1;482;"482";"CUST-56655";"Marketplace"
"UK-2026-101161";"2026-02-09";"East";"Kolkata";"Yoga Mat Pro";"Sports";1;1197;"1197";"CUST-94397";"App"
"UK-2026-100307";"2026-01-29";"North";"Chandigarh";"Formal Shirt";"Fashion";1;1083;"1083";"CUST-88131";"App"
"UK-2026-103798";"2026-05-11";"North";"Delhi";"Sunscreen SPF50";"Beauty";1;564;"564";"CUST-66585";"App"
"UK-2026-104588";"2026-06-06";"South";"Bengaluru";"Cotton Bedsheet Set";"Home & Kitchen";1;1422;"1422";"CUST-78406";"App"
"UK-2026-102148";"2026-03-24";"West";"Mumbai";"Modern Wall Clock";"Home & Kitchen";3;790;"2370";"CUST-71533";"Marketplace"
"UK-2026-103142";"2026-05-14";"South";"Chennai";"Bluetooth Speaker Mini";"Electronics";1;1537;"1537";"CUST-95597";"App"
"UK-2026-101028";"2026-02-14";"South";"Kochi";"Gym Gloves";"Sports";1;511;"511";"CUST-15373";"Website"
"UK-2026-101688";"2026-03-21";"South";"Bengaluru";"Wireless Earbuds Pro";"Electronics";2;2955;"5910";"CUST-16269";"Marketplace"
"UK-2026-104378";"2026-06-04";"Central";"Indore";"Badminton Racket Set";"Sports";2;2608;"5216";"CUST-81432";"App"
"UK-2026-103037";"2026-04-21";"South";"Bengaluru";"Non-Stick Cookware Set";"Home & Kitchen";1;2898;"2898";"CUST-70323";"Website"
"UK-2026-102434";"2026-04-26";"North";"Gurugram";"Ethnic Dupatta";"Fashion";1;477;"477";"CUST-64659";"Website"
"UK-2026-100676";"2026-01-27";"West";"Ahmedabad";"Power Bank 20000mAh";"Electronics";1;1887;"1887";"CUST-38688";"Website"
"UK-2026-104066";"2026-06-15";"South";"Chennai";"Power Bank 20000mAh";"Electronics";1;1869;"1869";"CUST-53387";"App"
"UK-2026-103109";"2026-05-03";"Central";"Bhopal";"Ultrabook Air 14";"Electronics";1;30725;"30725";"CUST-68825";"App"
"UK-2026-102195";"2026-03-16";"East";"Patna";"Formal Shirt";"Fashion";1;1090;"1090";"CUST-55338";"App"
"UK-2026-104664";"2026-06-22";"East";"Patna";"Smart Watch X2";"Electronics";1;4435;"4435";"CUST-79817";"App"
"UK-2026-103863";"2026-05-24";"North";"Gurugram";"Cycling Helmet";"Sports";1;1638;"1638";"CUST-62117";"Website"
"UK-2026-102852";"2026-04-11";"Central";"Raipur";"Makeup Brush Set";"Beauty";1;1335;"1335";"CUST-72665";"Website"
"UK-2026-100977";"2026-02-22";"Central";"Raipur";"Yoga Mat Pro";"Sports";1;1214;"1214";"CUST-91141";"Marketplace"
"UK-2026-102534";"2026-04-05";"North";"Delhi";"Matte Lipstick Set";"Beauty";1;860;"860";"CUST-78196";"Website"
"UK-2026-104320";"2026-06-16";"West";"Pune";"Smart Watch X2";"Electronics";3;4661;"13983";"CUST-69685";"App"
"UK-2026-102808";"2026-04-17";"Central";"Nagpur";"Mixer Grinder 750W";"Home & Kitchen";1;3438;"3438";"CUST-94209";"Website"
"UK-2026-102549";"2026-04-18";"South";"Hyderabad";"Makeup Brush Set";"Beauty";1;1310;"1310";"CUST-88562";"Website"
"UK-2026-101310";"2026-02-20";"South";"Chennai";"Cotton Kurta Set";"Fashion";2;1257;"2514";"CUST-26105";"App"
"UK-2026-102277";"2026-04-20";"South";"Hyderabad";"Ethnic Dupatta";"Fashion";1;495;"495";"CUST-92859";"Website"
"UK-2026-103188";"2026-05-24";"North";"Gurugram";"Robot Vacuum R7";"Home & Kitchen";1;19883;"19883";"CUST-20704";"Website"
"UK-2026-104821";"2026-06-02";"West";"Surat";"Smart Watch X2";"Electronics";1;4583;"4583";"CUST-22206";"App"
"UK-2026-102329";"2026-04-10";"West";"Pune";"Wireless Earbuds Pro";"Electronics";1;2889;"2889";"CUST-96926";"Marketplace"
"UK-2026-102584";"2026-04-28";"East";"Patna";"non-stick cookware set";"Home & Kitchen";1;3026;"3026";"CUST-82015";"App"
"UK-2026-102574";"2026-04-14";"Central";"Indore";"Ultrabook Air 14";"Electronics";1;30377;"30377";"CUST-25821";"Marketplace"
"UK-2026-104442";"2026-06-17";"South";"chennai";"Face Wash Combo";"Beauty";1;437;"437";"CUST-18127";"Marketplace"
"UK-2026-100220";"2026-01-08";"North";"Noida";"Noise-Cancelling Headphones";"Electronics";2;9403;"18806";"CUST-22206";"App"
"UK-2026-100526";"2026-01-22";"South";"Chennai";"Leather Wallet";"Fashion";1;901;"901";"CUST-16698";"App"
"UK-2026-101626";"2026-03-21";"South";"Bengaluru";"Cricket Bat English Willow";"Sports";2;8990;"17980";"CUST-31551";"App"
"UK-2026-101763";"2026-03-13";"South";"Chennai";"Air Fryer 5L";"Home & Kitchen";1;5229;"5229";"CUST-66582";"Marketplace"
"UK-2026-103280";"2026-05-22";"South";"Kochi";"Mirrorless Camera Lite";"Electronics";1;29876;"29876";"CUST-69131";"Website"
"UK-2026-103052";"2026-04-03";"East";"Bhubaneswar";"Slim Fit Jeans";"Fashion";1;1655;"1655";"CUST-44735";"App"
"UK-2026-103955";"2026-05-01";"West";"Mumbai";"Running Sneakers";"Fashion";1;2803;"2803";"CUST-25692";"Marketplace"
"UK-2026-103626";"2026-05-24";"North";"Delhi";"Adjustable Dumbbells 15kg";"Sports";2;5087;"10174";"CUST-36428";"App"
"UK-2026-100806";"2026-02-08";"West";"Pune";"Slim Fit Jeans";"Fashion";2;1635;"3270";"CUST-27938";"Website"
"UK-2026-100315";"2026-01-03";"South";"Chennai";"Cycling Helmet";"Sports";2;1627;"3254";"CUST-10882";"Website"
"UK-2026-102090";"2026-03-16";"South";"Madras";"Beard Grooming Kit";"Beauty";1;1002;"1002";"CUST-13406";"App"
"UK-2026-102748";"2026-04-27";"East";"Bhubaneswar";"Slim Fit Jeans";"Fashion";1;1549;"1549";"CUST-68052";"Website"
"UK-2026-100714";"2026-01-07";"West";"Pune";"Football Size 5";"Sports";1;903;"903";"CUST-40518";"App"
"UK-2026-100650";"2026-01-01";"South";"Bengaluru";"Makeup Brush Set";"Beauty";1;1279;"1279";"CUST-52634";"Website"
"UK-2026-101613";"2026-03-13";"West";"Mumbai";"Silk Saree";"Fashion";1;3348;"3348";"CUST-13311";"App"
"UK-2026-104256";"2026-06-09";"North";"Gurugram";"Modern Wall Clock";"Home & Kitchen";4;814;"3256";"CUST-32277";"App"
"UK-2026-101692";"2026-03-21";"Central";"Nagpur";"Wireless Earbuds Pro";"Electronics";1;3133;"3133";"CUST-65575";"Marketplace"
"UK-2026-100826";"2026-02-02";"South";"Hyderabad";"Wireless Earbuds Pro";"Electronics";1;3071;"3071";"CUST-15449";"App"
"UK-2026-104417";"2026-06-08";"North";"Chandigarh";"Mirrorless Camera Lite";"Electronics";2;29127;"58254";"CUST-11460";"App"
"UK-2026-103804";"2026-05-05";"North";"Noida";"Sunscreen SPF50";"Beauty";2;569;"1138";"CUST-85887";"Marketplace"
"UK-2026-104612";"2026-06-12";"South";"Bengaluru";"Football Size 5";"Sports";2;876;"1752";"CUST-58470";"Website"
"UK-2026-101652";"2026-03-09";"West";"Surat";"Wireless Earbuds Pro";"Electronics";1;3050;"3050";"CUST-55343";"Marketplace"
"UK-2026-101960";"2026-03-25";"Central";"Raipur";"Adjustable Dumbbells 15kg";"Sports";1;4948;"4948";"CUST-94612";"App"
"UK-2026-103551";"2026-05-07";"East";"Bhubaneswar";"Bluetooth Speaker Mini";"Electronics";2;1486;"2972";"CUST-93589";"Marketplace"
"UK-2026-102914";"2026-04-02";"North";"Delhi";"Wireless Earbuds Pro";"Electronics";2;3010;"6020";"CUST-57937";"Website"
"UK-2026-101636";"2026-03-14";"South";"Bengaluru";"Robot Vacuum R7";"Home & Kitchen";1;18622;"18622";"CUST-30443";"App"
"UK-2026-103749";"2026-05-08";"North";"Chandigarh";"Leather Wallet";"Fashion";1;925;"925";"CUST-42366";"App"
"UK-2026-104565";"2026-06-23";"South";"Hyderabad";"Denim Jacket";"Fashion";1;2219;"2219";"CUST-71235";"App"
"UK-2026-100866";"2026-02-19";"West";"Mumbai";"Mixer Grinder 750W";"Home & Kitchen";1;3201;"3201";"CUST-98099";"App"
"UK-2026-100808";"2026-02-27";"South";"Chennai";"Electric Kettle 1.5L";"Home & Kitchen";1;1055;"1055";"CUST-66865";"Website"
"UK-2026-103121";"2026-05-20";"South";"Chennai";"Smart Watch X2";"Electronics";1;4539;"4539";"CUST-34178";"Marketplace"
"UK-2026-100574";"2026-01-23";"South";"Bengaluru";"Face Wash Combo";"Beauty";2;432;"864";"CUST-57937";"Website"
"UK-2026-102199";"2026-03-09";"South";"Hyderabad";"Power Bank 20000mAh";"Electronics";2;1742;"3484";"CUST-36283";"App"
"UK-2026-104964";"2026-06-27";"West";"Pune";"Mixer Grinder 750W";"Home & Kitchen";4;3239;"12956";"CUST-16632";"App"
"UK-2026-102323";"2026-04-23";"South";"Kochi";"Noise-Cancelling Headphones";"Electronics";1;9008;"9008";"CUST-39363";"Website"
"UK-2026-102152";"2026-03-04";"South";"Bengaluru";"Adjustable Dumbbells 15kg";"Sports";1;4843;"4843";"CUST-52034";"App"
"UK-2026-103586";"2026-05-14";"East";"Bhubaneswar";"Running Sneakers";"Fashion";2;2778;"5556";"CUST-23613";"App"
"UK-2026-102253";"2026-04-22";"Central";"Indore";"Dinner Set 24pc";"Home & Kitchen";1;2610;"2610";"CUST-34127";"App"
"UK-2026-103273";"2026-05-03";"West";"Mumbai";"Bluetooth Speaker Mini";"Electronics";2;1465;"2930";"CUST-12346";"App"
"UK-2026-102170";"2026-03-14";"South";"Kochi";"Noise-Cancelling Headphones";"Electronics";4;9342;"37368";"CUST-70323";"App"
"UK-2026-101845";"2026-03-04";"South";"Chennai";"Ethnic Dupatta";"Fashion";1;508;"508";"CUST-15807";"App"
"UK-2026-102633";"2026-04-20";"South";"Kochi";"Sunscreen SPF50";"Beauty";2;559;"1118";"CUST-74681";"App"
"UK-2026-103453";"2026-05-06";"North";"Delhi";"Power Bank 20000mAh";"Electronics";1;1821;"1821";"CUST-44760";"App"
"UK-2026-102006";"2026-03-11";"South";"Kochi";"Ionic Hair Dryer";"Beauty";2;1962;"3924";"CUST-60710";"App"
"UK-2026-100152";"2026-01-18";"South";"Chennai";"Mirrorless Camera Lite";"Electronics";1;28551;"28551";"CUST-23368";"Website"
"UK-2026-100429";"2026-01-03";"North";"Chandigarh";"Gym Gloves";"Sports";1;491;"491";"CUST-78076";"Website"
"UK-2026-101026";"2026-02-20";"West";"Ahmedabad";"Leather Wallet";"Fashion";2;896;"1792";"CUST-71692";"App"
"UK-2026-104741";"2026-06-10";"Central";"Bhopal";"Power Bank 20000mAh";"Electronics";3;1737;"5211";"CUST-70720";"Marketplace"
"UK-2026-100845";"2026-02-23";"Central";"Raipur";"Yoga Mat Pro";"Sports";1;1243;"1243";"CUST-87797";"Marketplace"
"UK-2026-100792";"2026-02-02";"West";"Mumbai";"Slim Fit Jeans";"Fashion";2;1599;"3198";"CUST-13398";"Website"
"UK-2026-101530";"2026-03-18";"West";"Ahmedabad";"Dinner Set 24pc";"Home & Kitchen";1;2615;"2615";"CUST-47712";"Website"
"UK-2026-103968";"2026-05-02";"Central";"Nagpur";"Ionic Hair Dryer";"Beauty";1;1873;"1873";"CUST-51137";"App"
"UK-2026-102710";"2026-04-28";"West";"Surat";"Denim Jacket";"Fashion";1;2198;"2198";"CUST-97931";"App"
"UK-2026-101021";"2026-02-16";"North";"Noida";"Matte Lipstick Set";"Beauty";1;927;"927";"CUST-33252";"App"
"UK-2026-101662";"2026-03-28";"North";"Gurugram";"Yoga Mat Pro";"Sports";4;1142;"4568";"CUST-27498";"Website"
"UK-2026-101295";"2026-02-28";"West";"Mumbai";"Bluetooth Speaker Mini";"Electronics";1;1428;"1428";"CUST-78571";"Website"
"UK-2026-103767";"2026-05-11";"West";"Ahmedabad";"Cotton Bedsheet Set";"Home & Kitchen";1;1404;"1404";"CUST-36920";"App"
"UK-2026-103293";"2026-05-26";"North";"Chandigarh";"Noise-Cancelling Headphones";"Electronics";1;9321;"9321";"CUST-53023";"App"
"UK-2026-103177";"2026-05-20";"West";"Ahmedabad";"Cycling Helmet";"Sports";1;1623;"1623";"CUST-16451";"App"
"UK-2026-100839";"2026-02-25";"South";"Bengaluru";"Mixer Grinder 750W";"Home & Kitchen";4;3283;"13132";"CUST-30443";"App"
"UK-2026-103910";"2026-05-09";"East";"Kolkata";"Cricket Bat English Willow";"Sports";1;9246;"9246";"CUST-98833";"Marketplace"
"UK-2026-103463";"2026-05-04";"North";"Noida";"Badminton Racket Set";"Sports";1;2549;"2549";"CUST-54393";"App"
"UK-2026-101927";"2026-03-24";"West";"Ahmedabad";"Cotton Bedsheet Set";"Home & Kitchen";2;1369;"2738";"CUST-67086";"Website"
"UK-2026-100467";"2026-01-19";"North";"Gurugram";"Ethnic Dupatta";"Fashion";2;509;"1018";"CUST-73422";"App"
"UK-2026-101872";"2026-03-23";"West";"Mumbai";"Running Sneakers";"Fashion";1;2904;"2904";"CUST-56256";"Website"
"UK-2026-101699";"2026-03-05";"South";"Chennai";"Air Fryer 5L";"Home & Kitchen";1;5676;"5676";"CUST-39935";"App"
"UK-2026-100726";"2026-02-16";"East";"Bhubaneswar";"Bluetooth Speaker Mini";"Electronics";2;1428;"2856";"CUST-74681";"Website"
"UK-2026-103755";"2026-05-06";"West";"Pune";"Cotton Bedsheet Set";"Home & Kitchen";2;1404;"2808";"CUST-78406";"App"
"UK-2026-101717";"2026-03-23";"East";"Bhubaneswar";"Power Bank 20000mAh";"Electronics";2;1716;"3432";"CUST-83601";"Marketplace"
"UK-2026-102720";"2026-04-11";"South";"Kochi";"Mirrorless Camera Lite";"Electronics";4;29235;"116940";"CUST-44760";"Marketplace"
"UK-2026-103089";"2026-04-23";"South";"Bengaluru";"Mixer Grinder 750W";"Home & Kitchen";1;3364;"3364";"CUST-36146";"Website"
"UK-2026-103004";"2026-04-14";"North";"Chandigarh";"Non-Stick Cookware Set";"Home & Kitchen";1;3009;"3009";"CUST-34406";"Marketplace"
"UK-2026-102107";"2026-03-13";"West";"Pune";"Ethnic Dupatta";"Fashion";1;484;"484";"CUST-50115";"Website"
"UK-2026-102280";"2026-04-17";"North";"Delhi";"Dinner Set 24pc";"Home & Kitchen";1;2594;"2594";"CUST-78448";"Website"
"UK-2026-101862";"2026-03-26";"West";"Ahmedabad";"Slim Fit Jeans";"Fashion";1;1609;"1609";"CUST-49636";"Website"
"UK-2026-100031";"2026-01-26";"West";"Surat";"Air Fryer 5L";"Home & Kitchen";1;5334;"5334";"CUST-66102";"App"
"UK-2026-100669";"2026-01-07";"North";"Noida";"Leather Wallet";"Fashion";1;927;"927";"CUST-80722";"Website"
"UK-2026-100005";"2026-01-13";"Central";"Nagpur";"Bluetooth Speaker Mini";"Electronics";1;1448;"1448";"CUST-59019";"App"
"UK-2026-103455";"2026-05-02";"West";"Ahmedabad";"Noise-Cancelling Headphones";"Electronics";1;9204;"9204";"CUST-38085";"Website"
"UK-2026-102403";"2026-04-01";"West";"Mumbai";"43-inch Smart TV";"Electronics";1;27277;"27277";"CUST-50032";"Marketplace"
"UK-2026-102885";"2026-04-07";"South";"Kochi";"Smart Watch X2";"Electronics";1;4346;"4346";"CUST-75580";"Website"
"UK-2026-100895";"2026-02-24";"South";"Bengaluru";"43-inch Smart TV";"Electronics";1;27169;"27169";"CUST-40562";"Marketplace"
"UK-2026-104572";"2026-06-28";"East";"Bhubaneswar";"Formal Shirt";"Fashion";1;1152;"1152";"CUST-92650";"Marketplace"
"UK-2026-100503";"2026-01-11";"North";"Delhi";"Foldable Treadmill T2";"Sports";1;25147;"25147";"CUST-87829";"App"
"UK-2026-100930";"2026-02-28";"West";"Surat";"Leather Wallet";"Fashion";1;935;"935";"CUST-30422";"App"
"UK-2026-101924";"2026-03-30";"North";"Chandigarh";"Face Wash Combo";"Beauty";1;448;"448";"CUST-95215";"App"
"UK-2026-101645";"2026-03-10";"North";"Chandigarh";"Air Fryer 5L";"Home & Kitchen";1;5623;"5623";"CUST-78618";"Website"
"UK-2026-103965";"2026-05-27";"West";"Pune";"Electric Kettle 1.5L";"Home & Kitchen";1;1046;"1046";"CUST-48510";"Website"
"UK-2026-100582";"2026-01-30";"North";"Gurugram";"Makeup Brush Set";"Beauty";1;1336;"1336";"CUST-46496";"App"
"UK-2026-103442";"2026-05-26";"South";"Kochi";"Ultrabook Air 14";"Electronics";1;30561;"30561";"CUST-95495";"App"
"UK-2026-101118";"2026-02-12";"North";"Delhi";"Robot Vacuum R7";"Home & Kitchen";1;19572;"19572";"CUST-59596";"App"
"UK-2026-102426";"2026-04-07";"Central";"Bhopal";"Vitamin C Serum";"Beauty";1;671;"671";"CUST-66474";"App"
"UK-2026-100976";"2026-02-28";"North";"Gurugram";"Noise-Cancelling Headphones";"Electronics";1;9334;"9334";"CUST-94310";"App"
"UK-2026-102670";"2026-04-21";"South";"Bengaluru";"Cotton Bedsheet Set";"Home & Kitchen";1;1388;"1388";"CUST-23275";"App"
"UK-2026-100170";"2026-01-12";"West";"Mumbai";"Non-Stick Cookware Set";"Home & Kitchen";1;3042;"3042";"CUST-66865";"Website"
"UK-2026-102359";"2026-04-15";"North";"Delhi";"Gym Gloves";"Sports";2;507;"1014";"CUST-55167";"Website"
"UK-2026-104502";"2026-06-25";"North";"Chandigarh";"Mirrorless Camera Lite";"Electronics";1;29492;"29492";"CUST-25692";"App"
"UK-2026-102711";"2026-04-18";"North";"Noida";"Formal Shirt";"Fashion";1;1091;"1091";"CUST-26348";"App"
"UK-2026-102157";"2026-03-29";"North";"Gurugram";"Cricket Bat English Willow";"Sports";1;9337;"9337";"CUST-67562";"Marketplace"
"UK-2026-104490";"2026-06-04";"South";"Bengaluru";"Dinner Set 24pc";"Home & Kitchen";2;2574;"5148";"CUST-39186";"App"
"UK-2026-102861";"2026-04-14";"West";"Ahmedabad";"Face Wash Combo";"Beauty";1;443;"443";"CUST-66914";"Website"
"UK-2026-104297";"2026-06-19";"South";"Bengaluru";"Ethnic Dupatta";"Fashion";1;501;"501";"CUST-33335";"Website"
"UK-2026-101570";"2026-03-07";"East";"Kolkata";"Modern Wall Clock";"Home & Kitchen";2;821;"1642";"CUST-68595";"App"
"UK-2026-102050";"2026-03-13";"East";"Kolkata";"Noise-Cancelling Headphones";"Electronics";1;8889;"8889";"CUST-29272";"Marketplace"
"UK-2026-104986";"2026-06-15";"South";"Bengaluru";"Foldable Treadmill T2";"Sports";3;25567;"76701";"CUST-68449";"Marketplace"
"UK-2026-100129";"2026-01-04";"Central";"Indore";"Mirrorless Camera Lite";"Electronics";1;28819;"28819";"CUST-25900";"App"
"UK-2026-102501";"2026-04-24";"East";"Bhubaneswar";"Cotton Bedsheet Set";"Home & Kitchen";1;1348;"1348";"CUST-34600";"Marketplace"
"UK-2026-104945";"2026-06-04";"North";"Chandigarh";"Cycling Helmet";"Sports";1;1560;"1560";"CUST-79176";"App"
"UK-2026-104525";"2026-06-25";"West";"Surat";"Vitamin C Serum";"Beauty";2;728;"1456";"CUST-37954";"Marketplace"
"UK-2026-100541";"2026-01-04";"East";"Patna";"Slim Fit Jeans";"Fashion";1;1547;"1547";"CUST-59234";"Website"
"UK-2026-102046";"2026-03-18";"East";"Calcutta";"Running Sneakers";"Fashion";1;2826;"2826";"CUST-71669";"App"
"UK-2026-101813";"2026-03-06";"North";"Chandigarh";"Cotton Kurta Set";"Fashion";2;1245;"2490";"CUST-65649";"Website"
"UK-2026-100260";"2026-01-28";"North";"Gurugram";"Air Fryer 5L";"Home & Kitchen";1;5397;"5397";"CUST-24504";"App"
"UK-2026-103688";"2026-05-25";"West";"Surat";"Silk Saree";"Fashion";1;3370;"3370";"CUST-14211";"App"
"UK-2026-104074";"2026-06-23";"Central";"Raipur";"Ultrabook Air 14";"Electronics";1;30900;"30900";"CUST-44553";"Marketplace"
"UK-2026-104227";"2026-06-16";"South";"BLR";"Sunscreen SPF50";"Beauty";1;541;"541";"CUST-17985";"Marketplace"
"UK-2026-101595";"2026-03-20";"Central";"Indore";"Slim Fit Jeans";"Fashion";1;1558;"1558";"CUST-55421";"Website"
"UK-2026-101084";"2026-02-10";"South";"Chennai";"Beard Grooming Kit";"Beauty";1;1043;"1043";"CUST-96579";"App"
"UK-2026-104255";"2026-06-15";"West";"Surat";"Badminton Racket Set";"Sports";1;2497;"2497";"CUST-32805";"Marketplace"
"UK-2026-101562";"2026-03-21";"West";"Ahmedabad";"43-inch Smart TV";"Electronics";1;26642;"26642";"CUST-21324";"App"
"UK-2026-101353";"2026-02-27";"East";"Bhubaneswar";"Cotton Kurta Set";"Fashion";1;1239;"1239";"CUST-32805";"Website"
"UK-2026-103935";"2026-05-08";"East";"Patna";"Badminton Racket Set";"Sports";4;2496;"9984";"CUST-14585";"Website"
"UK-2026-102287";"2026-04-08";"Central";"Nagpur";"Vitamin C Serum";"Beauty";1;733;"733.00";"CUST-29493";"App"
"UK-2026-101401";"2026-02-03";"West";"Surat";"Silk Saree";"Fashion";2;3370;"6740";"CUST-66191";"Website"
"UK-2026-101517";"2026-03-27";"South";"Hyderabad";"Cycling Helmet";"Sports";1;1654;"1654";"CUST-66838";"Website"
"UK-2026-101532";"2026-03-17";"West";"Ahmedabad";"Dinner Set 24pc";"Home & Kitchen";1;2555;"2555";"CUST-67885";"Website"
"UK-2026-100965";"2026-02-26";"West";"Ahmedabad";"Foldable Treadmill T2";"Sports";1;24049;"24049";"CUST-12064";"Website"
"UK-2026-103422";"2026-05-30";"North";"Chandigarh";"Sunscreen SPF50";"Beauty";1;529;"529";"CUST-19714";"Website"
"UK-2026-101396";"2026-02-09";"West";"Pune";"Face Wash Combo";"Beauty";1;459;"459";"CUST-36150";"Website"
"UK-2026-104247";"2026-06-20";"North";"Delhi";"Bluetooth Speaker Mini";"Electronics";2;1526;"3052";"CUST-71133";"Marketplace"
"UK-2026-102512";"2026-04-13";"West";"Mumbai";"Dinner Set 24pc";"Home & Kitchen";1;2497;"2497";"CUST-17832";"App"
"UK-2026-101206";"2026-02-25";"North";"GGN";"Slim Fit Jeans";"Fashion";1;1519;"1519";"CUST-84486";"App"
"UK-2026-100759";"2026-02-14";"West";"Surat";"Badminton Racket Set";"Sports";1;2555;"2555";"CUST-25184";"Website"
"UK-2026-102562";"2026-04-08";"South";"Hyderabad";"Modern Wall Clock";"Home & Kitchen";1;827;"827";"CUST-22571";"Website"
"UK-2026-100963";"2026-02-14";"South";"Bangalore";"Ionic Hair Dryer";"Beauty";2;1924;"3848";"CUST-62044";"App"
"UK-2026-101233";"2026-02-16";"North";"Gurugram";"Slim Fit Jeans";"Fashion";1;1668;"1668";"CUST-39935";"Marketplace"
"UK-2026-103763";"2026-05-29";"West";"Mumbai";"Denim Jacket";"Fashion";1;2094;"2094";"CUST-77673";"App"
"UK-2026-100515";"2026-01-30";"South";"Bengaluru";"Smart Watch X2";"Electronics";1;4585;"4585";"CUST-68641";"App"
"UK-2026-104193";"2026-06-16";"North";"Delhi";"Electric Kettle 1.5L";"Home & Kitchen";1;1111;"1111";"CUST-37404";"Website"
"UK-2026-102246";"2026-04-09";"North";"Gurugram";"Smart Watch X2";"Electronics";1;4383;"4383";"CUST-60343";"App"
"UK-2026-101823";"2026-03-13";"South";"Hyderabad";"Cotton Kurta Set";"Fashion";1;1302;"1302";"CUST-85247";"App"
"UK-2026-104345";"2026-06-15";"South";"Hyderabad";"Gym Gloves";"Sports";1;510;"510";"CUST-58732";"Marketplace"
"UK-2026-101994";"2026-03-11";"South";"Bengaluru";"Cotton Bedsheet Set";"Home & Kitchen";1;1359;"1359";"CUST-12648";"Marketplace"
"UK-2026-101439";"2026-02-19";"North";"Chandigarh";"Denim Jacket";"Fashion";1;2289;"2289";"CUST-12373";"App"
"UK-2026-101285";"2026-02-07";"West";"Mumbai";"Face Wash Combo";"Beauty";1;452;"452";"CUST-71133";"Website"
"UK-2026-100969";"2026-02-13";"South";"Bengaluru";"Modern Wall Clock";"Home & Kitchen";1;834;"834";"CUST-68191";"App"
"UK-2026-102297";"2026-04-02";"North";"Gurgaon";"Gym Gloves";"Sports";4;507;"2028";"CUST-99917";"Website"
"UK-2026-101096";"2026-02-11";"West";"Ahmedabad";"Denim Jacket";"Fashion";1;2160;"2160";"CUST-52639";"Website"
"UK-2026-100252";"2026-01-28";"South";"Kochi";"power bank 20000mah";"Electronics";1;1784;"1784";"CUST-19848";"Marketplace"
"UK-2026-104539";"2026-06-20";"South";"Kochi";"Bluetooth Speaker Mini";"Electronics";1;1570;"1570";"CUST-64477";"Website"
"UK-2026-101973";"2026-03-23";"South";"Kochi";"Ionic Hair Dryer";"Beauty";1;1971;"1971";"CUST-50609";"App"
"UK-2026-101778";"2026-03-03";"South";"Bengaluru";"Dinner Set 24pc";"Home & Kitchen";2;2386;"4772";"CUST-45790";"Website"
"UK-2026-103494";"2026-05-04";"South";"Hyderabad";"Cricket Bat English Willow";"Sports";1;9200;"9200";"CUST-29756";"App"
"UK-2026-102969";"2026-04-14";"West";"Surat";"Silk Saree";"Fashion";1;3564;"3564";"CUST-96287";"Website"
"UK-2026-104033";"2026-06-21";"South";"Hyderabad";"Power Bank 20000mAh";"Electronics";2;1826;"3652";"CUST-56222";"Website"
"UK-2026-101761";"2026-03-04";"North";"Chandigarh";"Wireless Earbuds Pro";"Electronics";2;2895;"5790";"CUST-99557";"Marketplace"
"UK-2026-101410";"2026-02-28";"West";"Ahmedabad";"Modern Wall Clock";"Home & Kitchen";1;796;"796";"CUST-21003";"App"
"UK-2026-103730";"2026-05-12";"West";"Pune";"Formal Shirt";"Fashion";2;1076;"2152";"CUST-14585";"App"
"UK-2026-104102";"2026-06-07";"East";"Kolkata";"Makeup Brush Set";"Beauty";1;1359;"1359";"CUST-31788";"App"
"UK-2026-101800";"2026-03-09";"North";"Noida";"Leather Wallet";"Fashion";1;886;"886";"CUST-16079";"App"
"UK-2026-104782";"2026-06-02";"North";"Chandigarh";"Noise-Cancelling Headphones";"Electronics";2;8869;"17738";"CUST-53341";"App"
"UK-2026-104907";"2026-06-18";"East";"Patna";"Ultrabook Air 14";"Electronics";1;29155;"29155";"CUST-56892";"Website"
"UK-2026-102141";"2026-03-25";"South";"Chennai";"Dinner Set 24pc";"Home & Kitchen";1;2432;"2432";"CUST-34600";"Marketplace"
"UK-2026-102167";"2026-03-07";"North";"Gurugram";"Leather Wallet";"Fashion";1;856;"856";"CUST-99130";"Website"
"UK-2026-101929";"2026-03-18";"North";"Noida";"Wireless Earbuds Pro";"Electronics";1;3002;"3002";"CUST-96720";"App"
"UK-2026-104514";"2026-06-17";"West";"Ahmedabad";"Foldable Treadmill T2";"Sports";2;24662;"49324";"CUST-11849";"App"
"UK-2026-100121";"2026-01-12";"West";"Surat";"Formal Shirt";"Fashion";1;1093;"1093";"CUST-85448";"App"
"UK-2026-102952";"2026-04-27";"South";"Hyderabad";"Ionic Hair Dryer";"Beauty";1;1860;"1860";"CUST-74422";"Website"
"UK-2026-100636";"2026-01-23";"Central";"Bhopal";"Mirrorless Camera Lite";"Electronics";1;28875;"28875";"CUST-81432";"App"
"UK-2026-104300";"2026-06-18";"East";"Guwahati";"Dinner Set 24pc";"Home & Kitchen";1;2526;"2526";"CUST-71884";"Marketplace"
"UK-2026-101495";"2026-03-17";"North";"Gurugram";"Face Wash Combo";"Beauty";1;458;"458";"CUST-45903";"App"
"UK-2026-103474";"2026-05-21";"South";"Hyderabad";"Mirrorless Camera Lite";"Electronics";1;29607;"29607";"CUST-95275";"Website"
"UK-2026-103938";"2026-05-17";"North";"Chandigarh";"Robot Vacuum R7";"Home & Kitchen";1;18564;"18564";"CUST-80961";"Marketplace"
"UK-2026-104083";"2026-06-15";"North";"Noida";"Foldable Treadmill T2";"Sports";3;24382;"73146";"CUST-13369";"App"
"UK-2026-102221";"2026-03-06";"North";"Chandigarh";"Dinner Set 24pc";"Home & Kitchen";2;2609;"5218";"CUST-76139";"Website"
"UK-2026-100803";"2026-02-04";"Central";"Raipur";"Mirrorless Camera Lite";"Electronics";3;29125;"87375";"CUST-14031";"Website"
"UK-2026-103120";"2026-05-13";"North";"Delhi";"Sunscreen SPF50";"Beauty";1;576;"576";"CUST-20553";"Website"
"UK-2026-104112";"2026-06-16";"West";"Mumbai";"Ionic Hair Dryer";"Beauty";3;1826;"5478";"CUST-67288";"Website"
"UK-2026-104984";"2026-06-26";"East";"Kolkata";"Power Bank 20000mAh";"Electronics";1;1771;"1771";"CUST-93417";"App"
"UK-2026-103405";"2026-05-05";"East";"Patna";"43-inch Smart TV";"Electronics";1;26733;"26733";"CUST-66428";"Marketplace"
"UK-2026-100263";"2026-01-07";"North";"Delhi";"Cotton Kurta Set";"Fashion";1;1315;"1315";"CUST-98899";"App"
"UK-2026-101542";"2026-03-02";"West";"Surat";"Non-Stick Cookware Set";"Home & Kitchen";1;2993;"2993";"CUST-91960";"Website"
"UK-2026-103926";"2026-05-21";"Central";"Indore";"Gym Gloves";"Sports";1;483;"483";"CUST-72283";"App"
"UK-2026-103302";"2026-05-16";"North";"Delhi";"Adjustable Dumbbells 15kg";"Sports";1;5112;"5112";"CUST-32543";"Website"
"UK-2026-103657";"2026-05-30";"West";"Surat";"Noise-Cancelling Headphones";"Electronics";1;9405;"9405";"CUST-29211";"App"
"UK-2026-104781";"2026-06-01";"Central";"Bhopal";"Cotton Kurta Set";"Fashion";1;1265;"1265";"CUST-91211";"App"
"UK-2026-102100";"2026-03-14";"North";"Noida";"Electric Kettle 1.5L";"Home & Kitchen";3;1063;"3189";"CUST-12568";"App"
"UK-2026-103018";"2026-04-28";"West";"Mumbai";"Silk Saree";"Fashion";4;3414;"13656";"CUST-11985";"App"
"UK-2026-101322";"2026-02-12";"Central";"Raipur";"Cotton Bedsheet Set";"Home & Kitchen";1;1346;"1346";"CUST-65191";"Website"
"UK-2026-101153";"2026-02-24";"North";"Chandigarh";"Cotton Bedsheet Set";"Home & Kitchen";1;1369;"1369";"CUST-74547";"App"
"UK-2026-103733";"2026-05-31";"North";"Noida";"Bluetooth Speaker Mini";"Electronics";1;1463;"1463";"CUST-29211";"Website"
"UK-2026-101743";"2026-03-19";"North";"Chandigarh";"Smart Watch X2";"Electronics";1;4462;"4462";"CUST-84162";"Marketplace"
"UK-2026-100994";"2026-02-25";"Central";"Indore";"Running Sneakers";"Fashion";1;2915;"2915";"CUST-98310";"App"
"UK-2026-101747";"2026-03-02";"West";"Ahmedabad";"Wireless Earbuds Pro";"Electronics";1;2919;"2919";"CUST-94605";"App"
"UK-2026-100548";"2026-01-30";"West";"Pune";"Denim Jacket";"Fashion";4;2198;"8792";"CUST-41920";"App"
"UK-2026-103826";"2026-05-29";"East";"Bhubaneswar";"Noise-Cancelling Headphones";"Electronics";2;8637;"17274";"CUST-22587";"Website"
"UK-2026-104948";"2026-06-25";"Central";"Indore";"Denim Jacket";"Fashion";1;2181;"2181";"CUST-58153";"App"
"UK-2026-101544";"2026-03-05";"North";"Noida";"Wireless Earbuds Pro";"Electronics";1;3138;"3138";"CUST-19224";"App"
"UK-2026-100919";"2026-02-21";"South";"Kochi";"Silk Saree";"Fashion";1;3474;"3474";"CUST-46396";"App"
"UK-2026-102976";"2026-04-29";"South";"Kochi";"Silk Saree";"Fashion";2;3459;"6918";"CUST-99752";"Website"
"UK-2026-103434";"2026-05-29";"North";"Noida";"Electric Kettle 1.5L";"Home & Kitchen";1;1112;"1112";"CUST-36565";"Website"
"UK-2026-104391";"2026-06-19";"South";"Kochi";"vitamin c serum";"Beauty";3;674;"2022";"CUST-96628";"Website"
"UK-2026-104679";"2026-06-05";"North";"Chandigarh";"Smart Watch X2";"Electronics";2;4576;"9152";"CUST-31539";"App"
"UK-2026-100925";"2026-02-01";"West";"Surat";"Yoga Mat Pro";"Sports";1;1255;"1255";"CUST-91529";"Website"
"UK-2026-104411";"2026-06-10";"South";"Kochi";"Electric Kettle 1.5L";"Home & Kitchen";4;1053;"4212";"CUST-87827";"App"
"UK-2026-101277";"2026-02-03";"South";"Madras";"Silk Saree";"Fashion";1;3629;"3629";"CUST-51179";"App"
"UK-2026-101043";"2026-02-07";"West";"Mumbai";"Electric Kettle 1.5L";"Home & Kitchen";1;1099;"1099";"CUST-71566";"Website"
"UK-2026-100644";"2026-01-26";"North";"Chandigarh";"Football Size 5";"Sports";1;901;"901";"CUST-71235";"App"
"UK-2026-101472";"2026-03-27";"North";"Chandigarh";"Foldable Treadmill T2";"Sports";1;23965;"23965";"CUST-69563";"Website"
"UK-2026-103901";"2026-05-10";"North";"Delhi";"Bluetooth Speaker Mini";"Electronics";1;1499;"1499";"CUST-20511";"Website"
"UK-2026-101191";"2026-02-11";"North";"Noida";"Mirrorless Camera Lite";"Electronics";1;29287;"29287";"CUST-79124";"Website"
"UK-2026-100439";"2026-01-08";"North";"Noida";"Cotton Bedsheet Set";"Home & Kitchen";2;1358;"2716";"CUST-77471";"Website"
"UK-2026-104024";"2026-06-03";"East";"Guwahati";"Bluetooth Speaker Mini";"Electronics";2;1430;"2860";"CUST-65136";"Marketplace"
"UK-2026-100717";"2026-01-23";"South";"Bengaluru";"43-inch Smart TV";"Electronics";1;25058;"25058";"CUST-64114";"Marketplace"
"UK-2026-104395";"2026-06-24";"West";"Surat";"Cricket Bat English Willow";"Sports";1;9129;"9129";"CUST-67697";"App"
"UK-2026-100935";"2026-02-08";"South";"Bangalore";"Ultrabook Air 14";"Electronics";2;30282;"60564";"CUST-56442";"Marketplace"
"UK-2026-100665";"2026-01-05";"Central";"Raipur";"Robot Vacuum R7";"Home & Kitchen";1;18792;"18792";"CUST-17116";"App"
"UK-2026-102926";"2026-04-18";"North";"Gurugram";"Eau de Parfum 100ml";"Beauty";1;2043;"2043";"CUST-46543";"Website"
"UK-2026-100707";"2026-01-21";"West";"Ahmedabad";"Slim Fit Jeans";"Fashion";1;1570;"1570";"CUST-42942";"App"
"UK-2026-104872";"2026-06-20";"South";"Hyderabad";"Smart Watch X2";"Electronics";1;4345;"4345";"CUST-71066";"Marketplace"
"UK-2026-101205";"2026-02-27";"South";"Kochi";"Formal Shirt";"Fashion";2;1082;"2164";"CUST-67754";"App"
"UK-2026-103925";"2026-05-14";"North";"Delhi";"Mirrorless Camera Lite";"Electronics";1;28610;"28610";"CUST-57270";"App"
"UK-2026-104826";"2026-06-16";"West";"Surat";"Denim Jacket";"Fashion";3;2276;"6828";"CUST-66005";"Website"
"UK-2026-104125";"2026-06-20";"Central";"Raipur";"Ionic Hair Dryer";"Beauty";1;1896;"1896";"CUST-57549";"App"
"UK-2026-102258";"2026-04-13";"Central";"Indore";"Eau de Parfum 100ml";"Beauty";1;1937;"1937";"CUST-63266";"App"
"UK-2026-102907";"2026-04-10";"West";"Mumbai";"Matte Lipstick Set";"Beauty";1;942;"942";"CUST-46406";"Website"
"UK-2026-101382";"2026-02-09";"West";"Surat";"Air Fryer 5L";"Home & Kitchen";3;5384;"16152";"CUST-64247";"Marketplace"
"UK-2026-103435";"2026-05-29";"North";"Noida";"Electric Kettle 1.5L";"Home & Kitchen";1;1117;"1117";"CUST-15902";"Marketplace"
"UK-2026-101886";"2026-03-14";"North";"Noida";"Air Fryer 5L";"Home & Kitchen";1;5391;"5391";"CUST-45221";"Website"
"UK-2026-100281";"2026-01-26";"Central";"Raipur";"Yoga Mat Pro";"Sports";1;1200;"1200";"CUST-23300";"Marketplace"
"UK-2026-102353";"2026-04-17";"Central";"Nagpur";"Yoga Mat Pro";"Sports";1;1215;"1215";"CUST-64946";"App"
"UK-2026-100262";"2026-01-25";"East";"Patna";"Formal Shirt";"Fashion";2;1134;"2268";"CUST-99560";"App"
"UK-2026-100880";"2026-02-03";"West";"Ahmedabad";"43-inch Smart TV";"Electronics";2;25781;"51562";"CUST-32314";"Marketplace"
"UK-2026-102671";"2026-04-29";"West";"Surat";"Cycling Helmet";"Sports";1;1561;"1561";"CUST-65535";"App"
"UK-2026-104870";"2026-06-07";"North";"Chandigarh";"Electric Kettle 1.5L";"Home & Kitchen";1;1150;"1150";"CUST-79608";"Website"
"UK-2026-101399";"2026-02-22";"North";"Gurugram";"Matte Lipstick Set";"Beauty";1;898;"898";"CUST-54856";"Website"
"UK-2026-103266";"2026-05-23";"South";"Chennai";"Modern Wall Clock";"Home & Kitchen";1;795;"795";"CUST-83402";"App"
"UK-2026-103522";"2026-05-02";"West";"Surat";"Noise-Cancelling Headphones";"Electronics";2;9263;"18526";"CUST-38417";"Marketplace"
"UK-2026-101323";"2026-02-27";"West";"Pune";"Ethnic Dupatta";"Fashion";2;481;"962";"CUST-76651";"App"
"UK-2026-102548";"2026-04-24";"West";"Mumbai";"Non-Stick Cookware Set";"Home & Kitchen";3;2975;"8925";"CUST-41538";"Website"
"UK-2026-100613";"2026-01-11";"North";"Delhi";"Vitamin C Serum";"Beauty";1;696;"696";"CUST-27630";"App"
"UK-2026-104094";"2026-06-25";"East";"Kolkata";"Robot Vacuum R7";"Home & Kitchen";1;18342;"18342";"CUST-68717";"App"
"UK-2026-101440";"2026-02-11";"West";"Pune";"Non-Stick Cookware Set";"Home & Kitchen";1;3022;"3022";"CUST-31386";"Marketplace"
"UK-2026-103897";"2026-05-27";"West";"Mumbai";"Mirrorless Camera Lite";"Electronics";2;30176;"60352";"CUST-95249";"Marketplace"
"UK-2026-100257";"2026-01-02";"North";"Noida";"Smart Watch X2";"Electronics";1;4374;"4374";"CUST-25821";"App"
"UK-2026-104797";"2026-06-05";"West";"Surat";"Mirrorless Camera Lite";"Electronics";1;28921;"28921";"CUST-72559";"Marketplace"
"UK-2026-101052";"2026-02-03";"East";"Bhubaneswar";"Denim Jacket";"Fashion";1;2181;"2181";"CUST-36373";"App"
"UK-2026-104441";"2026-06-23";"Central";"Indore";"Sunscreen SPF50";"Beauty";1;571;"571";"CUST-64826";"Marketplace"
"UK-2026-102293";"2026-04-07";"North";"Chandigarh";"Smart Watch X2";"Electronics";1;4338;"4338";"CUST-90990";"App"
"UK-2026-100471";"2026-01-05";"North";"Delhi";"Beard Grooming Kit";"Beauty";2;1032;"2064";"CUST-83612";"App"
"UK-2026-101498";"2026-03-20";"Central";"Nagpur";"Formal Shirt";"Fashion";2;1117;"2234";"CUST-40728";"Website"
"UK-2026-100918";"2026-02-27";"North";"Noida";"Noise-Cancelling Headphones";"Electronics";1;8550;"8550";"CUST-69675";"App"
"UK-2026-100445";"2026-01-20";"North";"Delhi";"Football Size 5";"Sports";1;859;"859";"CUST-45040";"Website"
"UK-2026-101696";"2026-03-24";"West";"Surat";"Mirrorless Camera Lite";"Electronics";2;28045;"56090";"CUST-93992";"App"
"UK-2026-100795";"2026-02-17";"Central";"Nagpur";"Air Fryer 5L";"Home & Kitchen";1;5266;"5266";"CUST-47640";"App"
"UK-2026-103127";"2026-05-15";"South";"Kochi";"Ethnic Dupatta";"Fashion";1;516;"516";"CUST-21503";"Marketplace"
"UK-2026-104165";"2026-06-15";"South";"Kochi";"Non-Stick Cookware Set";"Home & Kitchen";1;2858;"2858";"CUST-67937";"Marketplace"
"UK-2026-103333";"2026-05-15";"West";"Surat";"43-inch Smart TV";"Electronics";2;25633;"51266";"CUST-84935";"Marketplace"
"UK-2026-101404";"2026-02-09";"West";"Surat";"Modern Wall Clock";"Home & Kitchen";4;833;"3332";"CUST-89016";"App"
"UK-2026-104937";"2026-06-12";"North";"Delhi";"Air Fryer 5L";"Home & Kitchen";1;5769;"5769";"CUST-31686";"Website"
"UK-2026-101071";"2026-02-02";"North";"Noida";"Cricket Bat English Willow";"Sports";2;9229;"18458";"CUST-36815";"Website"
"UK-2026-104381";"2026-06-03";"North";"Gurugram";"Beard Grooming Kit";"Beauty";1;1011;"1011";"CUST-14109";"Website"
"UK-2026-100773";"2026-02-14";"North";"Noida";"Ultrabook Air 14";"Electronics";1;29432;"29432";"CUST-83235";"Website"
"UK-2026-102456";"2026-04-03";"South";"Chennai";"Beard Grooming Kit";"Beauty";1;989;"989";"CUST-41249";"App"
"UK-2026-104673";"2026-06-13";"North";"Gurugram";"Eau de Parfum 100ml";"Beauty";1;2003;"2003";"CUST-39160";"Website"
"UK-2026-104003";"2026-05-23";"West";"Surat";"Power Bank 20000mAh";"Electronics";2;1804;"3608";"CUST-85247";"Marketplace"
"UK-2026-103392";"2026-05-11";"East";"Kolkata";"Mixer Grinder 750W";"Home & Kitchen";1;3214;"3214";"CUST-12877";"Marketplace"
"UK-2026-101298";"2026-02-06";"South";"Bengaluru";"Running Sneakers";"Fashion";2;2904;"5808";"CUST-74432";"Website"
"UK-2026-100892";"2026-02-28";"South";"Hyderabad";"Silk Saree";"Fashion";3;3357;"10071";"CUST-23348";"App"
"UK-2026-101127";"2026-02-16";"East";"Guwahati";"Matte Lipstick Set";"Beauty";1;937;"937";"CUST-13757";"Website"
"UK-2026-102184";"2026-03-20";"North";"Delhi";"Ionic Hair Dryer";"Beauty";2;1980;"3960";"CUST-21324";"Website"
"UK-2026-101508";"2026-03-30";"South";"Hyderabad";"Cotton Kurta Set";"Fashion";1;1269;"1269";"CUST-43184";"Website"
"UK-2026-104379";"2026-06-18";"North";"Chandigarh";"Sunscreen SPF50";"Beauty";2;561;"1122";"CUST-78925";"App"
"UK-2026-104529";"2026-06-16";"West";"Ahmedabad";"Foldable Treadmill T2";"Sports";2;24801;"49602";"CUST-87272";"Website"
"UK-2026-102357";"2026-04-17";"South";"Bengaluru";"Ethnic Dupatta";"Fashion";2;501;"1002";"CUST-33222";"App"
"UK-2026-101958";"2026-03-24";"South";"Bengaluru";"Running Sneakers";"Fashion";1;2755;"2755";"CUST-79094";"Website"
"UK-2026-100424";"2026-01-16";"South";"Hyderabad";"Robot Vacuum R7";"Home & Kitchen";1;19173;"19173";"CUST-97109";"App"
"UK-2026-103933";"2026-05-16";"East";"Patna";"Noise-Cancelling Headphones";"Electronics";2;8834;"17668";"CUST-78191";"App"
"UK-2026-101291";"2026-02-03";"South";"Kochi";"Ionic Hair Dryer";"Beauty";1;1964;"1964";"CUST-55976";"App"
"UK-2026-100521";"2026-01-31";"North";"Chandigarh";"Air Fryer 5L";"Home & Kitchen";1;5515;"5515";"CUST-21324";"App"
"UK-2026-102345";"2026-04-14";"East";"Kolkata";"Running Sneakers";"Fashion";1;2847;"2847";"CUST-77662";"Website"
"UK-2026-101142";"2026-02-21";"North";"Delhi";"Makeup Brush Set";"Beauty";2;1266;"2532";"CUST-98437";"App"
"UK-2026-102101";"2026-03-11";"North";"Chandigarh";"Bluetooth Speaker Mini";"Electronics";1;1514;"1514";"CUST-37004";"Website"
"UK-2026-103194";"2026-05-18";"South";"Bengaluru";"Leather Wallet";"Fashion";1;877;"877";"CUST-44429";"App"
"UK-2026-103810";"2026-05-02";"West";"Pune";"43-inch Smart TV";"Electronics";1;26962;"26962";"CUST-68544";"App"
"UK-2026-102869";"2026-04-24";"North";"Chandigarh";"Denim Jacket";"Fashion";3;2111;"6333";"CUST-17832";"Website"
"UK-2026-104697";"2026-06-25";"South";"Kochi";"Cycling Helmet";"Sports";1;1602;"1602";"CUST-97846";"App"
"UK-2026-100133";"2026-01-25";"South";"Chennai";"Matte Lipstick Set";"Beauty";2;859;"1718";"CUST-18701";"Website"
"UK-2026-101035";"2026-02-21";"Central";"Raipur";"Dinner Set 24pc";"Home & Kitchen";1;2540;"2540";"CUST-17668";"App"
"UK-2026-100169";"2026-01-23";"South";"Hyderabad";"Electric Kettle 1.5L";"Home & Kitchen";2;1119;"2238";"CUST-49103";"Website"
"UK-2026-103574";"2026-05-03";"South";"Kochi";"Air Fryer 5L";"Home & Kitchen";1;5686;"5686";"CUST-24885";"Marketplace"
"UK-2026-104992";"2026-06-19";"Central";"Nagpur";"Silk Saree";"Fashion";2;3356;"6712";"CUST-97236";"Marketplace"
"UK-2026-104283";"2026-06-21";"South";"Bengaluru";"Ethnic Dupatta";"Fashion";4;502;"2008";"CUST-95597";"App"
"UK-2026-101232";"2026-02-23";"North";"Chandigarh";"Slim Fit Jeans";"Fashion";1;1641;"1641";"CUST-45221";"Website"
"UK-2026-104929";"2026-06-16";"North";"Chandigarh";"Power Bank 20000mAh";"Electronics";1;1741;"1741";"CUST-32817";"Website"
"UK-2026-103481";"2026-05-24";"East";"Guwahati";"Smart Watch X2";"Electronics";1;4469;"4469";"CUST-14400";"Website"
"UK-2026-101264";"2026-02-23";"South";"Bengaluru";"43-inch Smart TV";"Electronics";1;27187;"27187";"CUST-80006";"App"
"UK-2026-104126";"2026-06-20";"East";"Kolkata";"Robot Vacuum R7";"Home & Kitchen";3;19172;"57516";"CUST-12995";"App"
"UK-2026-102000";"2026-03-23";"South";"Cochin";"Eau de Parfum 100ml";"Beauty";1;2046;"2046";"CUST-56360";"App"
"UK-2026-102614";"2026-04-10";"South";"Kochi";"Slim Fit Jeans";"Fashion";1;1677;"1677";"CUST-94435";"Marketplace"
"UK-2026-103859";"2026-05-06";"North";"Chandigarh";"Running Sneakers";"Fashion";2;2908;"5816";"CUST-21248";"Website"
"UK-2026-101317";"2026-02-22";"North";"Noida";"Cotton Kurta Set";"Fashion";1;1281;"1281";"CUST-41106";"App"
"UK-2026-101369";"2026-02-28";"South";"Kochi";"Running Sneakers";"Fashion";1;2860;"2860";"CUST-33810";"App"
"UK-2026-102575";"2026-04-18";"East";"Guwahati";"Electric Kettle 1.5L";"Home & Kitchen";1;1108;"1108";"CUST-86709";"App"
"UK-2026-102284";"2026-04-04";"North";"Chandigarh";"Ultrabook Air 14";"Electronics";1;29118;"29118";"CUST-92859";"Marketplace"
"UK-2026-103357";"2026-05-10";"West";"Ahmedabad";"Mirrorless Camera Lite";"Electronics";4;29002;"116008";"CUST-14409";"Marketplace"
"UK-2026-104906";"2026-06-27";"North";"Gurugram";"Power Bank 20000mAh";"Electronics";1;1762;"1762";"CUST-94435";"App"
"UK-2026-103091";"2026-05-15";"West";"Mumbai";"Adjustable Dumbbells 15kg";"Sports";1;4802;"4802";"CUST-91534";"Website"
"UK-2026-102459";"2026-04-03";"Central";"Raipur";"Foldable Treadmill T2";"Sports";1;24249;"24249";"CUST-45654";"App"
"UK-2026-104726";"2026-06-20";"West";"Pune";"Denim Jacket";"Fashion";1;2255;"2255";"CUST-84948";"App"
"UK-2026-101475";"2026-03-25";"South";"Chennai";"Eau de Parfum 100ml";"Beauty";1;1986;"1986";"CUST-54204";"Marketplace"
"UK-2026-102838";"2026-04-25";"Central";"Nagpur";"Eau de Parfum 100ml";"Beauty";1;1977;"1977";"CUST-80961";"App"
"UK-2026-104865";"2026-06-24";"Central";"Nagpur";"Cycling Helmet";"Sports";1;1559;"1559";"CUST-99217";"Marketplace"
"UK-2026-100389";"2026-01-04";"South";"Bengaluru";"Wireless Earbuds Pro";"Electronics";2;2935;"5870";"CUST-15504";"Website"
"UK-2026-104671";"2026-06-19";"East";"Kolkata";"Running Sneakers";"Fashion";1;2825;"2825";"CUST-97730";"App"
"UK-2026-103979";"2026-05-20";"South";"Hyderabad";"Adjustable Dumbbells 15kg";"Sports";1;5139;"5139";"CUST-49845";"App"
"UK-2026-100242";"2026-01-21";"South";"Chennai";"Cotton Bedsheet Set";"Home & Kitchen";1;1439;"1439";"CUST-74095";"App"
"UK-2026-102724";"2026-04-05";"East";"Kolkata";"Non-Stick Cookware Set";"Home & Kitchen";1;2789;"2789";"CUST-85448";"App"
"UK-2026-103094";"2026-05-19";"North";"Gurugram";"Makeup Brush Set";"Beauty";1;1312;"1312";"CUST-32711";"App"
"UK-2026-101713";"2026-03-06";"East";"Guwahati";"Mirrorless Camera Lite";"Electronics";1;29922;"29922";"CUST-35517";"App"
"UK-2026-101670";"2026-03-06";"South";"Hyderabad";"Air Fryer 5L";"Home & Kitchen";1;5259;"5259";"CUST-66848";"Website"
"UK-2026-102477";"2026-04-02";"South";"Kochi";"Cricket Bat English Willow";"Sports";2;9188;"18376";"CUST-83593";"App"
"UK-2026-103034";"2026-04-29";"South";"Bengaluru";"Face Wash Combo";"Beauty";2;447;"894";"CUST-47557";"App"
"UK-2026-103836";"2026-05-12";"Central";"Raipur";"Ultrabook Air 14";"Electronics";1;31084;"31084";"CUST-32208";"Website"
"UK-2026-100986";"2026-02-10";"East";"Bhubaneswar";"Mirrorless Camera Lite";"Electronics";1;27590;"27590";"CUST-56127";"App"
"UK-2026-102640";"2026-04-10";"North";"Gurugram";"Cycling Helmet";"Sports";1;1538;"1538";"CUST-72241";"Website"
"UK-2026-104824";"2026-06-25";"South";"Hyderabad";"Ethnic Dupatta";"Fashion";1;494;"494";"CUST-48740";"App"
"UK-2026-104122";"2026-06-07";"Central";"Indore";"Badminton Racket Set";"Sports";1;2619;"2619";"CUST-13180";"Marketplace"
"UK-2026-102733";"2026-04-08";"South";"Bengaluru";"Electric Kettle 1.5L";"Home & Kitchen";1;1044;"1044";"CUST-55545";"Marketplace"
"UK-2026-103768";"2026-05-11";"East";"Kolkata";"Running Sneakers";"Fashion";1;2823;"2823";"CUST-35893";"Website"
"UK-2026-103207";"2026-05-10";"West";"Surat";"Football Size 5";"Sports";1;864;"864";"CUST-28705";"Website"
"UK-2026-101521";"2026-03-31";"West";"Surat";"Silk Saree";"Fashion";1;3334;"3334";"CUST-46496";"App"
"UK-2026-104187";"2026-06-18";"North";"Delhi";"Cotton Bedsheet Set";"Home & Kitchen";2;1421;"2842";"CUST-32711";"Website"
"UK-2026-100204";"2026-01-29";"West";"Pune";"Running Sneakers";"Fashion";1;2778;"2778";"CUST-96334";"Website"
"UK-2026-100724";"2026-02-20";"West";"Ahmedabad";"Electric Kettle 1.5L";"Home & Kitchen";2;1121;"2242";"CUST-82821";"App"
"UK-2026-101888";"2026-03-01";"South";"Hyderabad";"Beard Grooming Kit";"Beauty";1;1035;"1035";"CUST-29664";"Website"
"UK-2026-103981";"2026-05-08";"South";"Hyderabad";"Robot Vacuum R7";"Home & Kitchen";2;18413;"36826";"CUST-58081";"App"
"UK-2026-104537";"2026-06-04";"East";"Kolkata";"Face Wash Combo";"Beauty";1;432;"432";"CUST-12547";"Marketplace"
"UK-2026-101937";"2026-03-17";"Central";"Raipur";"43-inch Smart TV";"Electronics";2;24986;"49972";"CUST-33772";"Website"
"UK-2026-101493";"2026-03-29";"South";"Bengaluru";"Ionic Hair Dryer";"Beauty";1;1952;"1952";"CUST-37122";"Website"
"UK-2026-103016";"2026-04-04";"West";"Surat";"Electric Kettle 1.5L";"Home & Kitchen";2;1108;"2216";"CUST-86230";"App"
"UK-2026-104745";"2026-06-05";"Central";"Nagpur";"Sunscreen SPF50";"Beauty";1;538;"538";"CUST-67734";"App"
"UK-2026-104203";"2026-06-18";"South";"Bengaluru";"Noise-Cancelling Headphones";"Electronics";1;9059;"9059";"CUST-82521";"Marketplace"
"UK-2026-104998";"2026-06-05";"North";"Delhi";"Makeup Brush Set";"Beauty";2;1329;"2658";"CUST-45433";"Marketplace"
"UK-2026-103219";"2026-05-22";"East";"Patna";"Wireless Earbuds Pro";"Electronics";1;3131;"3131";"CUST-20704";"App"
"UK-2026-103879";"2026-05-03";"North";"Gurugram";"Vitamin C Serum";"Beauty";1;703;"703";"CUST-48383";"Website"
"UK-2026-102163";"2026-03-09";"North";"Noida";"Yoga Mat Pro";"Sports";1;1239;"1239";"CUST-65145";"Website"
"UK-2026-102193";"2026-03-08";"South";"Chennai";"Formal Shirt";"Fashion";2;1128;"2256";"CUST-63266";"Website"
"UK-2026-104191";"2026-06-05";"West";"Mumbai";"Smart Watch X2";"Electronics";1;4705;"4705";"CUST-36399";"Marketplace"
"UK-2026-100536";"2026-01-25";"East";"Bhubaneswar";"Dinner Set 24pc";"Home & Kitchen";1;2510;"2510";"CUST-37404";"Website"
"UK-2026-104315";"2026-06-18";"North";"Chandigarh";"Eau de Parfum 100ml";"Beauty";2;1985;"3970";"CUST-52226";"App"
"UK-2026-101301";"2026-02-20";"East";"Patna";"Gym Gloves";"Sports";1;498;"498";"CUST-59180";"App"
"UK-2026-104461";"2026-06-21";"South";"Hyderabad";"Leather Wallet";"Fashion";1;932;"932";"CUST-26962";"App"
"UK-2026-104148";"2026-06-04";"West";"Ahmedabad";"Vitamin C Serum";"Beauty";4;699;"2796";"CUST-66801";"Website"
"UK-2026-104760";"2026-06-27";"North";"Chandigarh";"Football Size 5";"Sports";1;895;"895";"CUST-28018";"Website"
"UK-2026-103473";"2026-05-29";"East";"Guwahati";"Silk Saree";"Fashion";2;3392;"6784";"CUST-50609";"Marketplace"
"UK-2026-100481";"2026-01-20";"North";"Chandigarh";"Ethnic Dupatta";"Fashion";1;508;"508";"CUST-42651";"App"
"UK-2026-100115";"2026-01-28";"East";"Bhubaneswar";"Yoga Mat Pro";"Sports";2;1180;"2360";"CUST-85457";"App"
"UK-2026-103761";"2026-05-17";"West";"Mumbai";"Air Fryer 5L";"Home & Kitchen";1;5262;"5262";"CUST-59817";"Website"
"UK-2026-100656";"2026-01-14";"South";"Kochi";"Beard Grooming Kit";"Beauty";1;1041;"1041";"CUST-48740";"App"
"UK-2026-103361";"2026-05-29";"East";"Kolkata";"Noise-Cancelling Headphones";"Electronics";1;8992;"8992";"CUST-32314";"Marketplace"
"UK-2026-102008";"2026-03-09";"South";"Kochi";"Silk Saree";"Fashion";3;3556;"10668";"CUST-10567";"Website"
"UK-2026-103166";"2026-05-01";"South";"Kochi";"Noise-Cancelling Headphones";"Electronics";1;9228;"9228";"CUST-22206";"Website"
"UK-2026-104556";"2026-06-02";"West";"Bombay";"43-inch Smart TV";"Electronics";1;24828;"24828";"CUST-33252";"App"
"UK-2026-100662";"2026-01-12";"South";"Kochi";"Mirrorless Camera Lite";"Electronics";2;29769;"59538";"CUST-13757";"App"
"UK-2026-100923";"2026-02-21";"South";"Kochi";"Mixer Grinder 750W";"Home & Kitchen";1;3200;"3200";"CUST-62427";"Marketplace"
"UK-2026-101641";"2026-03-31";"West";"Pune";"Ethnic Dupatta";"Fashion";2;502;"1004";"CUST-42651";"Marketplace"
"UK-2026-101606";"2026-03-26";"South";"Kochi";"Cycling Helmet";"Sports";1;1562;"1562";"CUST-15915";"Marketplace"
"UK-2026-100294";"2026-01-17";"East";"Patna";"Ethnic Dupatta";"Fashion";4;502;"2008";"CUST-98648";"Website"
"UK-2026-102998";"2026-04-23";"South";"Bengaluru";"Football Size 5";"Sports";1;857;"857";"CUST-92633";"Website"
"UK-2026-103583";"2026-05-23";"West";"Ahmedabad";"Bluetooth Speaker Mini";"Electronics";1;1488;"1488.00";"CUST-87063";"Marketplace"
"UK-2026-104521";"2026-06-04";"South";"Chennai";"Ethnic Dupatta";"Fashion";1;523;"523";"CUST-76739";"Marketplace"
"UK-2026-102683";"2026-04-08";"South";"Hyderabad";"Wireless Earbuds Pro";"Electronics";1;2884;"2884";"CUST-36990";"App"
"UK-2026-103388";"2026-05-13";"East";"Kolkata";"Matte Lipstick Set";"Beauty";1;861;"861";"CUST-15902";"Website"
"UK-2026-103711";"2026-05-22";"West";"Mumbai";"Sunscreen SPF50";"Beauty";1;575;"575";"CUST-86231";"App"
"UK-2026-101775";"2026-03-19";"North";"Gurugram";"Beard Grooming Kit";"Beauty";2;1027;"2054";"CUST-55091";"Website"
"UK-2026-103647";"2026-05-08";"North";"Delhi";"MATTE LIPSTICK SET";"Beauty";2;902;"1804";"CUST-25372";"Marketplace"
"UK-2026-100046";"2026-01-21";"South";"Hyderabad";"Face Wash Combo";"Beauty";1;435;"435";"CUST-67937";"Website"
"UK-2026-104124";"2026-06-03";"North";"New Delhi";"Badminton Racket Set";"Sports";1;2580;"2580";"CUST-21324";"Website"
"UK-2026-102904";"2026-04-04";"East";"Patna";"Slim Fit Jeans";"Fashion";1;1538;"1538";"CUST-35825";"Website"
"UK-2026-101933";"2026-03-28";"North";"Delhi";"Mirrorless Camera Lite";"Electronics";1;28037;"28037";"CUST-65989";"App"
"UK-2026-103505";"2026-05-07";"North";"GGN";"Ethnic Dupatta";"Fashion";1;477;"477";"CUST-78571";"App"
"UK-2026-104116";"2026-06-28";"North";"Gurugram";"Smart Watch X2";"Electronics";1;4349;"4349";"CUST-75917";"App"
"UK-2026-102431";"2026-04-07";"North";"Noida";"Makeup Brush Set";"Beauty";1;1292;"1292";"CUST-30335";"Website"
"UK-2026-103229";"2026-05-17";"West";"Ahmedabad";"Noise-Cancelling Headphones";"Electronics";2;9354;"18708";"CUST-88806";"Website"
"UK-2026-100850";"2026-02-06";"East";"Bhubaneswar";"Modern Wall Clock";"Home & Kitchen";1;768;"768";"CUST-70441";"Website"
"UK-2026-103073";"2026-04-18";"South";"Chennai";"Slim Fit Jeans";"Fashion";2;1656;"3312";"CUST-30443";"Website"
"UK-2026-100044";"2026-01-24";"North";"Chandigarh";"Cotton Bedsheet Set";"Home & Kitchen";1;1351;"1351";"CUST-13109";"Website"
"UK-2026-100122";"2026-01-26";"Central";"Bhopal";"Slim Fit Jeans";"Fashion";2;1577;"3154";"CUST-87050";"Website"
"UK-2026-101847";"2026-03-07";"South";"Bengaluru";"Cotton Kurta Set";"Fashion";1;1282;"1282";"CUST-50671";"App"
"UK-2026-101265";"2026-02-22";"South";"Hyderabad";"Vitamin C Serum";"Beauty";1;720;"720";"CUST-91906";"Website"
"UK-2026-102927";"2026-04-10";"South";"Bengaluru";"Running Sneakers";"Fashion";1;2668;"2668";"CUST-41739";"App"
"UK-2026-101421";"2026-02-01";"South";"Chennai";"Silk Saree";"Fashion";1;3619;"3619";"CUST-38606";"Website"
"UK-2026-104479";"2026-06-12";"South";"Bengaluru";"Power Bank 20000mAh";"Electronics";3;1731;"5193";"CUST-32508";"App"
"UK-2026-100181";"2026-01-22";"North";"Gurugram";"Cricket Bat English Willow";"Sports";2;8850;"17700";"CUST-50858";"App"
"UK-2026-103774";"2026-05-26";"North";"Noida";"Face Wash Combo";"Beauty";2;462;"924";"CUST-15169";"App"
"UK-2026-102694";"2026-04-27";"South";"Kochi";"Dinner Set 24pc";"Home & Kitchen";1;2574;"2574";"CUST-63156";"App"
"UK-2026-101719";"2026-03-06";"West";"Surat";"Makeup Brush Set";"Beauty";2;1237;"2474";"CUST-78191";"Website"
"UK-2026-100125";"2026-01-15";"West";"Ahmedabad";"Formal Shirt";"Fashion";1;1048;"1048";"CUST-48871";"App"
"UK-2026-104606";"2026-06-29";"West";"Pune";"Bluetooth Speaker Mini";"Electronics";1;1544;"1544";"CUST-72283";"App"
"UK-2026-100369";"2026-01-18";"South";"Kochi";"Running Sneakers";"Fashion";3;2729;"8187";"CUST-76651";"Website"
"UK-2026-100153";"2026-01-26";"South";"Chennai";"Cotton Kurta Set";"Fashion";1;1315;"1315";"CUST-76651";"App"
"UK-2026-100054";"2026-01-22";"North";"Gurugram";"Smart Watch X2";"Electronics";2;4449;"8898";"CUST-14409";"App"
"UK-2026-103575";"2026-05-08";"North";"Noida";"Running Sneakers";"Fashion";3;2844;"8532";"CUST-18455";"App"
"UK-2026-104663";"2026-06-15";"North";"Delhi";"Electric Kettle 1.5L";"Home & Kitchen";1;1144;"1144";"CUST-28854";"Website"
"UK-2026-104349";"2026-06-09";"West";"Pune";"Bluetooth Speaker Mini";"Electronics";4;1504;"6016";"CUST-70719";"App"
"UK-2026-104543";"2026-06-16";"Central";"Raipur";"Matte Lipstick Set";"Beauty";1;922;"922";"CUST-33796";"Website"
"UK-2026-103695";"2026-05-11";"West";"Pune";"Sunscreen SPF50";"Beauty";1;538;"538";"CUST-28095";"Marketplace"
"UK-2026-104059";"2026-06-01";"North";"Noida";"Slim Fit Jeans";"Fashion";1;1661;"1661";"CUST-59817";"App"
"UK-2026-103916";"2026-05-21";"South";"Bengaluru";"Robot Vacuum R7";"Home & Kitchen";1;19198;"19198";"CUST-95739";"Website"
"UK-2026-100326";"2026-01-25";"North";"Noida";"Noise-Cancelling Headphones";"Electronics";1;9012;"9012";"CUST-11284";"App"
"UK-2026-100094";"2026-01-02";"North";"Delhi";"Dinner Set 24pc";"Home & Kitchen";2;2445;"4890";"CUST-23406";"Marketplace"
"UK-2026-100614";"2026-01-19";"North";"Chandigarh";"Adjustable Dumbbells 15kg";"Sports";1;4887;"4887";"CUST-94209";"Website"
"UK-2026-100202";"2026-01-06";"North";"Gurugram";"Formal Shirt";"Fashion";1;1127;"1127";"CUST-71235";"Marketplace"
"UK-2026-104508";"2026-06-26";"North";"Gurugram";"Leather Wallet";"Fashion";1;932;"932";"CUST-71708";"App"
"UK-2026-102924";"2026-04-09";"North";"Chandigarh";"face wash combo";"Beauty";1;430;"430";"CUST-34728";"App"
"UK-2026-101312";"2026-02-07";"Central";"Raipur";"Electric Kettle 1.5L";"Home & Kitchen";1;1069;"1069";"CUST-24885";"Website"
"UK-2026-104035";"2026-06-15";"Central";"Raipur";"Cricket Bat English Willow";"Sports";1;8939;"8939";"CUST-41739";"Marketplace"
"UK-2026-102075";"2026-03-27";"West";"Ahmedabad";"Non-Stick Cookware Set";"Home & Kitchen";2;2805;"5610";"CUST-70719";"Website"
"UK-2026-103608";"2026-05-01";"South";"Kochi";"Leather Wallet";"Fashion";1;917;"917";"CUST-55421";"Website"
"UK-2026-102535";"2026-04-13";"North";"New Delhi";"Cycling Helmet";"Sports";1;1674;"1674";"CUST-37452";"App"
"UK-2026-102859";"2026-04-13";"East";"Guwahati";"Noise-Cancelling Headphones";"Electronics";1;9370;"9370";"CUST-55693";"Marketplace"
"UK-2026-101723";"2026-03-15";"South";"Chennai";"Air Fryer 5L";"Home & Kitchen";1;5340;"5340";"CUST-45768";"Website"
"UK-2026-101311";"2026-02-02";"North";"Delhi";"Cotton Kurta Set";"Fashion";1;1295;"1295";"CUST-18006";"App"
"UK-2026-104927";"2026-06-01";"West";"mumbai";"43-inch Smart TV";"Electronics";2;26598;"53196";"CUST-25530";"Marketplace"
"UK-2026-100008";"2026-01-08";"South";"Kochi";"Formal Shirt";"Fashion";1;1121;"1121";"CUST-44086";"App"
"UK-2026-101395";"2026-02-13";"Central";"Bhopal";"Badminton Racket Set";"Sports";1;2477;"2477";"CUST-70998";"Website"
"UK-2026-104324";"2026-06-12";"Central";"Indore";"43-inch Smart TV";"Electronics";1;27085;"27085";"CUST-64044";"Website"
"UK-2026-102327";"2026-04-05";"East";"Guwahati";"Wireless Earbuds Pro";"Electronics";1;2879;"2879";"CUST-83825";"Website"
"UK-2026-101047";"2026-02-01";"East";"Kolkata";"Mirrorless Camera Lite";"Electronics";3;28668;"86004";"CUST-28596";"Marketplace"
"UK-2026-102592";"2026-04-14";"West";"Pune";"Silk Saree";"Fashion";1;3589;"3589";"CUST-47712";"App"
"UK-2026-104669";"2026-06-03";"North";"Delhi";"Mixer Grinder 750W";"Home & Kitchen";1;3219;"3219";"CUST-71299";"App"
"UK-2026-103165";"2026-05-10";"North";"Noida";"Ethnic Dupatta";"Fashion";3;509;"1527";"CUST-14932";"Website"
"UK-2026-103543";"2026-05-16";"East";"Bhubaneswar";"Slim Fit Jeans";"Fashion";1;1623;"1623";"CUST-98310";"Website"
"UK-2026-100483";"2026-01-20";"South";"Chennai";"Cricket Bat English Willow";"Sports";1;8941;"8941";"CUST-21821";"App"
"UK-2026-102114";"2026-03-11";"North";"Delhi";"Silk Saree";"Fashion";1;3601;"3601";"CUST-79669";"App"
"UK-2026-104027";"2026-06-23";"East";"Bhubaneswar";"Sunscreen SPF50";"Beauty";1;562;"562";"CUST-75452";"Website"
"UK-2026-102700";"2026-04-28";"West";"Surat";"Badminton Racket Set";"Sports";2;2561;"5122";"CUST-64477";"Website"
"UK-2026-102842";"2026-04-18";"East";"Guwahati";"Dinner Set 24pc";"Home & Kitchen";1;2589;"2589";"CUST-65535";"App"
"UK-2026-102735";"2026-04-18";"East";"Bhubaneswar";"Air Fryer 5L";"Home & Kitchen";1;5573;"5573";"CUST-15429";"Marketplace"
"UK-2026-101271";"2026-02-01";"South";"Chennai";"Cotton Kurta Set";"Fashion";2;1241;"2482.00";"CUST-72559";"Marketplace"
"UK-2026-102803";"2026-04-28";"Central";"Raipur";"Wireless Earbuds Pro";"Electronics";1;2851;"2851";"CUST-71708";"App"
"UK-2026-100458";"2026-01-26";"South";"Chennai";"Mixer Grinder 750W";"Home & Kitchen";1;3339;"3339";"CUST-54927";"App"
"UK-2026-101178";"2026-02-15";"East";"Patna";"Cricket Bat English Willow";"Sports";1;9155;"9155";"CUST-35749";"Website"
"UK-2026-100277";"2026-01-06";"North";"Noida";"Robot Vacuum R7";"Home & Kitchen";1;19087;"19087";"CUST-33166";"Website"
"UK-2026-104359";"2026-06-24";"North";"Chandigarh";"Slim Fit Jeans";"Fashion";1;1573;"1573";"CUST-61588";"App"
"UK-2026-101314";"2026-02-27";"North";"Gurugram";"Bluetooth Speaker Mini";"Electronics";1;1571;"1571";"CUST-16958";"Website"
"UK-2026-101566";"2026-03-28";"West";"Surat";"Mixer Grinder 750W";"Home & Kitchen";2;3368;"6736";"CUST-96187";"App"
"UK-2026-102786";"2026-04-12";"Central";"Bhopal";"Face Wash Combo";"Beauty";1;454;"454";"CUST-23685";"Website"
"UK-2026-100110";"2026-01-22";"Central";"Raipur";"Non-Stick Cookware Set";"Home & Kitchen";1;2981;"2981";"CUST-42417";"Website"
"UK-2026-101507";"2026-03-28";"Central";"Raipur";"Non-Stick Cookware Set";"Home & Kitchen";1;2853;"2853";"CUST-77021";"App"
"UK-2026-104775";"2026-06-21";"Central";"Nagpur";"Running Sneakers";"Fashion";1;2914;"2914";"CUST-24659";"App"
"UK-2026-103502";"2026-05-13";"South";"Hyderabad";"Air Fryer 5L";"Home & Kitchen";1;5309;"5309";"CUST-82184";"Website"
"UK-2026-100937";"2026-02-14";"West";"Mumbai";"Eau de Parfum 100ml";"Beauty";1;2088;"2088";"CUST-68390";"Website"
"UK-2026-101336";"2026-02-06";"East";"Guwahati";"Denim Jacket";"Fashion";1;2284;"2284.00";"CUST-44531";"Website"
"UK-2026-102577";"2026-04-30";"South";"Kochi";"Smart Watch X2";"Electronics";2;4366;"8732";"CUST-87161";"App"
"UK-2026-102528";"2026-04-05";"West";"Ahmedabad";"Yoga Mat Pro";"Sports";1;1154;"1154";"CUST-50872";"App"
"UK-2026-102108";"2026-03-05";"South";"Hyderabad";"Denim Jacket";"Fashion";1;2247;"2247";"CUST-78699";"App"
"UK-2026-100952";"2026-02-06";"South";"Hyderabad";"Denim Jacket";"Fashion";3;2225;"6675";"CUST-23181";"App"
"UK-2026-103885";"2026-05-31";"Central";"Bhopal";"Cotton Kurta Set";"Fashion";3;1318;"3954";"CUST-53888";"Website"
"UK-2026-104364";"2026-06-15";"North";"Gurugram";"Ethnic Dupatta";"Fashion";2;482;"964";"CUST-94612";"Website"
"UK-2026-102302";"2026-04-01";"East";"Kolkata";"Ethnic Dupatta";"Fashion";1;506;"506";"CUST-70719";"Marketplace"
"UK-2026-102124";"2026-03-25";"Central";"Nagpur";"Football Size 5";"Sports";1;938;"938";"CUST-21961";"App"
"UK-2026-101835";"2026-03-31";"South";"Bengaluru";"Robot Vacuum R7";"Home & Kitchen";1;18073;"18073";"CUST-90603";"Website"
"UK-2026-104593";"2026-06-12";"East";"Patna";"Mixer Grinder 750W";"Home & Kitchen";1;3256;"3256";"CUST-60997";"App"
"UK-2026-100592";"2026-01-03";"West";"Ahmedabad";"Slim Fit Jeans";"Fashion";1;1550;"1550";"CUST-53352";"Website"
"UK-2026-104951";"2026-06-02";"South";"Hyderabad";"Ionic Hair Dryer";"Beauty";2;1832;"3664";"CUST-20553";"App"
"UK-2026-101970";"2026-03-17";"South";"Kochi";"Denim Jacket";"Fashion";1;2253;"2253";"CUST-17156";"Website"
"UK-2026-101695";"2026-03-22";"South";"Bengaluru";"Leather Wallet";"Fashion";1;860;"860";"CUST-40518";"Website"
"UK-2026-103006";"2026-04-14";"West";"Pune";"Bluetooth Speaker Mini";"Electronics";3;1540;"4620";"CUST-55389";"Website"
"UK-2026-104631";"2026-06-16";"West";"Ahmedabad";"Modern Wall Clock";"Home & Kitchen";1;835;"835";"CUST-25647";"Website"
"UK-2026-100827";"2026-02-11";"Central";"Raipur";"Gym Gloves";"Sports";1;498;"498";"CUST-73615";"Marketplace"
"UK-2026-102062";"2026-03-03";"West";"Surat";"Formal Shirt";"Fashion";1;1093;"1093";"CUST-10567";"App"
"UK-2026-100659";"2026-01-10";"Central";"Nagpur";"Air Fryer 5L";"Home & Kitchen";1;5330;"5330";"CUST-84872";"App"
"UK-2026-104232";"2026-06-12";"South";"Kochi";"Wireless Earbuds Pro";"Electronics";1;3094;"3094";"CUST-44517";"Website"
"UK-2026-103567";"2026-05-10";"South";"Hyderabad";"Running Sneakers";"Fashion";1;2727;"2727";"CUST-65136";"Website"
"UK-2026-101325";"2026-02-10";"South";"Bengaluru";"Cotton Kurta Set";"Fashion";1;1244;"1244";"CUST-37390";"Website"
"UK-2026-100746";"2026-02-11";"West";"Mumbai";"Vitamin C Serum";"Beauty";2;699;"1398";"CUST-30263";"App"
"UK-2026-102372";"2026-04-28";"North";"Delhi";"Face Wash Combo";"Beauty";1;449;"449";"CUST-37954";"App"
"UK-2026-104293";"2026-06-29";"South";"Hyderabad";"Leather Wallet";"Fashion";1;859;"859";"CUST-23572";"App"
"UK-2026-103862";"2026-05-25";"Central";"Indore";"Gym Gloves";"Sports";1;491;"491";"CUST-15169";"Website"
"UK-2026-102767";"2026-04-17";"Central";"Nagpur";"Air Fryer 5L";"Home & Kitchen";2;5571;"11142";"CUST-71227";"Website"
"UK-2026-102386";"2026-04-08";"North";"Delhi";"Denim Jacket";"Fashion";1;2245;"2245";"CUST-37749";"Website"
"UK-2026-104875";"2026-06-12";"Central";"Bhopal";"Football Size 5";"Sports";1;863;"863";"CUST-13180";"Website"
"UK-2026-100112";"2026-01-02";"West";"Ahmedabad";"Adjustable Dumbbells 15kg";"Sports";1;4840;"4840";"CUST-55592";"App"
"UK-2026-101846";"2026-03-09";"North";"Noida";"Smart Watch X2";"Electronics";1;4423;"4423";"CUST-57183";"App"
"UK-2026-103613";"2026-05-04";"East";"Bhubaneswar";"Yoga Mat Pro";"Sports";1;1243;"1243";"CUST-31586";"App"
"UK-2026-100418";"2026-01-19";"East";"Bhubaneswar";"Running Sneakers";"Fashion";3;2726;"8178";"CUST-91211";"Website"
"UK-2026-101926";"2026-03-29";"South";"Kochi";"Sunscreen SPF50";"Beauty";1;568;"568";"CUST-58860";"Website"
"UK-2026-103946";"2026-05-03";"South";"Cochin";"Ionic Hair Dryer";"Beauty";1;1868;"1868";"CUST-60528";"Marketplace"
"UK-2026-103521";"2026-05-12";"West";"Surat";"Mirrorless Camera Lite";"Electronics";2;29315;"58630";"CUST-21887";"Website"
"UK-2026-102228";"2026-03-12";"East";"Kolkata";"Non-Stick Cookware Set";"Home & Kitchen";2;2842;"5684";"CUST-75580";"Website"
"UK-2026-100885";"2026-02-08";"North";"Delhi";"Air Fryer 5L";"Home & Kitchen";1;5645;"5645";"CUST-57583";"Marketplace"
"UK-2026-100460";"2026-01-04";"West";"Pune";"Mirrorless Camera Lite";"Electronics";1;28483;"28483";"CUST-26708";"Marketplace"
"UK-2026-101711";"2026-03-14";"East";"Guwahati";"Adjustable Dumbbells 15kg";"Sports";2;5149;"10298";"CUST-77673";"Website"
"UK-2026-104700";"2026-06-30";"Central";"Raipur";"Air Fryer 5L";"Home & Kitchen";1;5694;"5694";"CUST-45040";"App"
"UK-2026-104152";"2026-06-18";"West";"Mumbai";"Gym Gloves";"Sports";2;484;"968";"CUST-15029";"App"
"UK-2026-101618";"2026-03-12";"Central";"Nagpur";"Mixer Grinder 750W";"Home & Kitchen";1;3142;"3142";"CUST-83585";"App"
"UK-2026-104917";"2026-06-30";"Central";"Indore";"Badminton Racket Set";"Sports";1;2396;"2396";"CUST-39244";"Marketplace"
"UK-2026-101000";"2026-02-27";"North";"Delhi";"Badminton Racket Set";"Sports";1;2461;"2461";"CUST-17137";"App"
"UK-2026-103937";"2026-05-19";"West";"Ahmedabad";"Formal Shirt";"Fashion";1;1112;"1112";"CUST-24236";"App"
"UK-2026-104238";"2026-06-07";"South";"Hyderabad";"Leather Wallet";"Fashion";1;876;"876";"CUST-23774";"Website"
"UK-2026-102714";"2026-04-21";"East";"Guwahati";"Beard Grooming Kit";"Beauty";1;1032;"1032";"CUST-16143";"App"
"UK-2026-101194";"2026-02-04";"North";"Chandigarh";"Mirrorless Camera Lite";"Electronics";1;30384;"30384";"CUST-89912";"App"
"UK-2026-100928";"2026-02-01";"South";"Kochi";"Gym Gloves";"Sports";1;506;"506";"CUST-12779";"App"
"UK-2026-103065";"2026-04-21";"North";"Gurugram";"Ultrabook Air 14";"Electronics";3;29479;"88437";"CUST-65513";"Marketplace"
"UK-2026-100083";"2026-01-30";"East";"Patna";"43-inch Smart TV";"Electronics";1;27139;"27139";"CUST-99715";"Website"
"UK-2026-102886";"2026-04-17";"North";"Noida";"Noise-Cancelling Headphones";"Electronics";2;8779;"17558";"CUST-72885";"App"
"UK-2026-100570";"2026-01-28";"East";"Patna";"Beard Grooming Kit";"Beauty";1;1005;"1005";"CUST-76607";"App"
"UK-2026-103984";"2026-05-03";"Central";"Nagpur";"Noise-Cancelling Headphones";"Electronics";1;9378;"9378";"CUST-39962";"Website"
"UK-2026-103784";"2026-05-08";"South";"Hyderabad";"Eau de Parfum 100ml";"Beauty";2;2012;"4024";"CUST-69675";"App"
"UK-2026-104573";"2026-06-18";"West";"Mumbai";"Eau de Parfum 100ml";"Beauty";1;2083;"2083";"CUST-65105";"App"
"UK-2026-101683";"2026-03-09";"South";"Chennai";"Silk Saree";"Fashion";1;3628;"3628";"CUST-49845";"Website"
"UK-2026-101579";"2026-03-17";"West";"Surat";"Bluetooth Speaker Mini";"Electronics";3;1432;"4296";"CUST-97748";"Marketplace"
"UK-2026-103637";"2026-05-16";"West";"Surat";"Silk Saree";"Fashion";1;3554;"3554";"CUST-29314";"Website"
"UK-2026-102792";"2026-04-30";"North";"Noida";"Eau de Parfum 100ml";"Beauty";1;2021;"2021";"CUST-96707";"App"
"UK-2026-101518";"2026-03-31";"West";"Mumbai";"Slim Fit Jeans";"Fashion";3;1641;"4923";"CUST-61412";"App"
"UK-2026-100200";"2026-01-17";"Central";"Bhopal";"Cycling Helmet";"Sports";2;1639;"3278";"CUST-89433";"Website"
"UK-2026-104096";"2026-06-23";"East";"Kolkata";"Running Sneakers";"Fashion";2;2914;"5828";"CUST-38137";"App"
"UK-2026-101269";"2026-02-11";"West";"Pune";"Air Fryer 5L";"Home & Kitchen";1;5759;"5759";"CUST-33335";"App"
"UK-2026-102953";"2026-04-25";"West";"Ahmedabad";"Foldable Treadmill T2";"Sports";4;25230;"100920";"CUST-94664";"App"
"UK-2026-104197";"2026-06-20";"West";"Pune";"Power Bank 20000mAh";"Electronics";1;1818;"1818";"CUST-27549";"Marketplace"
"UK-2026-103544";"2026-05-17";"East";"Patna";"Beard Grooming Kit";"Beauty";1;1049;"1049";"CUST-52248";"App"
"UK-2026-102780";"2026-04-14";"North";"Gurugram";"Adjustable Dumbbells 15kg";"Sports";4;5015;"20060";"CUST-61144";"Marketplace"
"UK-2026-103534";"2026-05-16";"North";"Noida";"Power Bank 20000mAh";"Electronics";2;1875;"3750";"CUST-12859";"Marketplace"
"UK-2026-101770";"2026-03-09";"South";"Bengaluru";"Formal Shirt";"Fashion";1;1108;"1108";"CUST-72885";"App"
"UK-2026-104015";"2026-05-22";"South";"Bengaluru";"Ionic Hair Dryer";"Beauty";1;1897;"1897";"CUST-48410";"Website"
"UK-2026-101183";"2026-02-21";"South";"Kochi";"Running Sneakers";"Fashion";1;2907;"2907";"CUST-26905";"Website"
"UK-2026-103224";"2026-05-04";"West";"Surat";"Bluetooth Speaker Mini";"Electronics";1;1484;"1484";"CUST-55741";"App"
"UK-2026-103868";"2026-05-15";"West";"Surat";"Leather Wallet";"Fashion";2;881;"1762";"CUST-70165";"Website"
"UK-2026-104912";"2026-06-26";"West";"Surat";"Non-Stick Cookware Set";"Home & Kitchen";1;3032;"3032";"CUST-78076";"Website"
"UK-2026-100448";"2026-01-12";"West";"Ahmedabad";"Dinner Set 24pc";"Home & Kitchen";1;2464;"2464";"CUST-87827";"Marketplace"
"UK-2026-100301";"2026-01-06";"North";"Noida";"Cycling Helmet";"Sports";1;1651;"1651";"CUST-44553";"App"
"UK-2026-103930";"2026-05-02";"North";"Gurugram";"Silk Saree";"Fashion";1;3338;"3338";"CUST-71299";"Website"
"UK-2026-104270";"2026-06-20";"North";"Gurugram";"Cricket Bat English Willow";"Sports";1;8610;"8610";"CUST-61700";"Marketplace"
"UK-2026-101874";"2026-03-28";"North";"Noida";"Cotton Bedsheet Set";"Home & Kitchen";2;1403;"2806";"CUST-37371";"Website"
"UK-2026-101669";"2026-03-20";"South";"Kochi";"Wireless Earbuds Pro";"Electronics";2;2891;"5782";"CUST-71148";"App"
"UK-2026-102923";"2026-04-07";"Central";"Indore";"Robot Vacuum R7";"Home & Kitchen";1;18361;"18361";"CUST-91738";"Website"
"UK-2026-100159";"2026-01-29";"West";"Ahmedabad";"Beard Grooming Kit";"Beauty";1;1035;"1035";"CUST-92300";"App"
"UK-2026-102844";"2026-04-05";"West";"Mumbai";"Non-Stick Cookware Set";"Home & Kitchen";2;2847;"5694";"CUST-98561";"App"
"UK-2026-103843";"2026-05-20";"South";"Bengaluru";"Electric Kettle 1.5L";"Home & Kitchen";4;1085;"4340";"CUST-22784";"Marketplace"
"UK-2026-102370";"2026-04-12";"West";"Ahmedabad";"Mixer Grinder 750W";"Home & Kitchen";2;3188;"6376";"CUST-84484";"Website"
"UK-2026-102732";"2026-04-20";"North";"Delhi";"Leather Wallet";"Fashion";1;905;"905";"CUST-91333";"App"
"UK-2026-102034";"2026-03-04";"East";"Kolkata";"Cotton Kurta Set";"Fashion";1;1331;"1331";"CUST-32322";"Marketplace"
"UK-2026-100398";"2026-01-13";"South";"Hyderabad";"Air Fryer 5L";"Home & Kitchen";1;5417;"5417";"CUST-59592";"Website"
"UK-2026-101429";"2026-02-06";"North";"Chandigarh";"Air Fryer 5L";"Home & Kitchen";1;5252;"5252";"CUST-42417";"Marketplace"
"UK-2026-103516";"2026-05-24";"West";"Mumbai";"Makeup Brush Set";"Beauty";1;1328;"1328";"CUST-26477";"App"
"UK-2026-104151";"2026-06-10";"West";"Mumbai";"Makeup Brush Set";"Beauty";3;1241;"3723";"CUST-66838";"Marketplace"
"UK-2026-103298";"2026-05-03";"West";"Ahmedabad";"Badminton Racket Set";"Sports";2;2496;"4992";"CUST-71148";"App"
"UK-2026-102565";"2026-04-02";"North";"Chandigarh";"Air Fryer 5L";"Home & Kitchen";1;5277;"5277";"CUST-61144";"Website"
"UK-2026-104867";"2026-06-03";"South";"Hyderabad";"Electric Kettle 1.5L";"Home & Kitchen";1;1058;"1058";"CUST-28018";"Website"
"UK-2026-104983";"2026-06-25";"West";"Mumbai";"Cycling Helmet";"Sports";3;1619;"4857";"CUST-76030";"App"
"UK-2026-103676";"2026-05-12";"North";"Noida";"Cricket Bat English Willow";"Sports";2;8832;"17664";"CUST-17280";"App"
"UK-2026-103515";"2026-05-06";"North";"Chandigarh";"43-inch Smart TV";"Electronics";1;25594;"25594";"CUST-73308";"Marketplace"
"UK-2026-101412";"2026-02-10";"North";"Gurugram";"Wireless Earbuds Pro";"Electronics";1;2982;"2982";"CUST-40671";"App"
"UK-2026-103458";"2026-05-09";"Central";"Nagpur";"Dinner Set 24pc";"Home & Kitchen";2;2600;"5200";"CUST-14400";"App"
"UK-2026-102645";"2026-04-24";"South";"Chennai";"Dinner Set 24pc";"Home & Kitchen";1;2491;"2491";"CUST-91028";"Marketplace"
"UK-2026-103427";"2026-05-24";"West";"Ahmedabad";"Cycling Helmet";"Sports";2;1544;"3088";"CUST-18388";"Website"
"UK-2026-100016";"2026-01-19";"South";"Bengaluru";"Wireless Earbuds Pro";"Electronics";1;2881;"2881";"CUST-83891";"Website"
"UK-2026-101668";"2026-03-20";"West";"Pune";"Yoga Mat Pro";"Sports";1;1243;"1243";"CUST-44465";"App"
"UK-2026-104857";"2026-06-30";"West";"Ahmedabad";"Cycling Helmet";"Sports";1;1673;"1673";"CUST-17156";"Marketplace"
"UK-2026-101653";"2026-03-23";"Central";"Bhopal";"Mixer Grinder 750W";"Home & Kitchen";1;3308;"3308";"CUST-52703";"App"
"UK-2026-104686";"2026-06-24";"Central";"Raipur";"Wireless Earbuds Pro";"Electronics";1;3083;"3083";"CUST-19109";"Website"
"UK-2026-101188";"2026-02-10";"West";"Pune";"Mirrorless Camera Lite";"Electronics";2;29654;"59308";"CUST-56464";"Marketplace"
"UK-2026-103953";"2026-05-20";"South";"Hyderabad";"Noise-Cancelling Headphones";"Electronics";1;9401;"9401";"CUST-16079";"App"
"UK-2026-100297";"2026-01-14";"North";"Chandigarh";"Mirrorless Camera Lite";"Electronics";1;29871;"29871";"CUST-20769";"App"
"UK-2026-104260";"2026-06-02";"North";"Delhi";"Noise-Cancelling Headphones";"Electronics";1;9358;"9358";"CUST-96187";"App"
"UK-2026-104228";"2026-06-22";"East";"Guwahati";"Eau de Parfum 100ml";"Beauty";1;2074;"2074";"CUST-61031";"Website"
"UK-2026-102256";"2026-04-12";"East";"Kolkata";"Dinner Set 24pc";"Home & Kitchen";1;2592;"2592";"CUST-68449";"App"
"UK-2026-102751";"2026-04-19";"North";"Gurugram";"Cotton Kurta Set";"Fashion";2;1237;"2474";"CUST-45907";"Website"
"UK-2026-104375";"2026-06-11";"Central";"Indore";"Ethnic Dupatta";"Fashion";1;513;"513";"CUST-97236";"App"
"UK-2026-104920";"2026-06-05";"South";"Hyderabad";"43-inch Smart TV";"Electronics";2;26682;"53364";"CUST-49887";"Marketplace"
"UK-2026-100512";"2026-01-10";"South";"Chennai";"Mixer Grinder 750W";"Home & Kitchen";1;3341;"3341";"CUST-87979";"Website"
"UK-2026-101707";"2026-03-31";"West";"Ahmedabad";"Mixer Grinder 750W";"Home & Kitchen";1;3229;"3229";"CUST-75452";"Website"
"UK-2026-103077";"2026-04-14";"West";"Surat";"Yoga Mat Pro";"Sports";1;1257;"1257";"CUST-56942";"App"
"UK-2026-101954";"2026-03-14";"East";"Bhubaneswar";"Badminton Racket Set";"Sports";2;2469;"4938";"CUST-11460";"Website"
"UK-2026-100941";"2026-02-02";"North";"Noida";"Wireless Earbuds Pro";"Electronics";1;3089;"3089";"CUST-47202";"Marketplace"
"UK-2026-102132";"2026-03-01";"East";"Kolkata";"Noise-Cancelling Headphones";"Electronics";2;8856;"17712";"CUST-67883";"Marketplace"
"UK-2026-100403";"2026-01-19";"North";"Delhi";"Running Sneakers";"Fashion";1;2932;"2932";"CUST-25508";"App"
"UK-2026-102177";"2026-03-26";"West";"Mumbai";"Badminton Racket Set";"Sports";2;2486;"4972";"CUST-13883";"App"
"UK-2026-103031";"2026-04-19";"South";"Bengaluru";"Vitamin C Serum";"Beauty";2;681;"1362";"CUST-54337";"Website"
"UK-2026-101939";"2026-03-12";"East";"Kolkata";"43-inch Smart TV";"Electronics";1;25656;"25656";"CUST-12346";"Marketplace"
"UK-2026-100330";"2026-01-11";"Central";"Bhopal";"Cycling Helmet";"Sports";2;1614;"3228";"CUST-25637";"App"
"UK-2026-103342";"2026-05-22";"South";"Chennai";"Cricket Bat English Willow";"Sports";1;8902;"8902";"CUST-69095";"Marketplace"
"UK-2026-101189";"2026-02-01";"West";"Pune";"Denim Jacket";"Fashion";2;2271;"4542";"CUST-30661";"App"
"UK-2026-103265";"2026-05-28";"East";"Patna";"Beard Grooming Kit";"Beauty";2;1004;"2008";"CUST-64969";"App"
"UK-2026-104942";"2026-06-28";"South";"Bengaluru";"Wireless Earbuds Pro";"Electronics";1;3132;"3132";"CUST-79145";"Marketplace"
"UK-2026-101064";"2026-02-11";"South";"Bengaluru";"Ethnic Dupatta";"Fashion";1;513;"513";"CUST-40432";"Marketplace"
"UK-2026-102699";"2026-04-19";"West";"Ahmedabad";"Formal Shirt";"Fashion";1;1068;"1068";"CUST-54168";"App"
"UK-2026-103512";"2026-05-22";"South";"Bengaluru";"Mirrorless Camera Lite";"Electronics";3;27975;"83925";"CUST-96973";"Marketplace"
"UK-2026-103066";"2026-04-01";"South";"Chennai";"Modern Wall Clock";"Home & Kitchen";2;772;"1544";"CUST-38963";"App"
"UK-2026-100053";"2026-01-03";"South";"Kochi";"Power Bank 20000mAh";"Electronics";2;1881;"3762";"CUST-19494";"Marketplace"
"UK-2026-104204";"2026-06-28";"East";"Bhubaneswar";"Electric Kettle 1.5L";"Home & Kitchen";1;1082;"1082";"CUST-59933";"Website"
"UK-2026-104312";"2026-06-25";"North";"GGN";"Ethnic Dupatta";"Fashion";1;524;"524";"CUST-49277";"Website"
"UK-2026-101930";"2026-03-11";"Central";"Bhopal";"Wireless Earbuds Pro";"Electronics";1;2900;"2900";"CUST-45036";"App"
"UK-2026-103511";"2026-05-28";"North";"Delhi";"Power Bank 20000mAh";"Electronics";1;1736;"1736";"CUST-30661";"Website"
"UK-2026-103860";"2026-05-25";"North";"Gurugram";"Ultrabook Air 14";"Electronics";2;30919;"61838";"CUST-78811";"Website"
"UK-2026-100210";"2026-01-15";"North";"Chandigarh";"Robot Vacuum R7";"Home & Kitchen";1;19848;"19848.00";"CUST-64416";"App"
"UK-2026-100383";"2026-01-18";"South";"Kochi";"Cotton Bedsheet Set";"Home & Kitchen";1;1438;"1438";"CUST-40473";"Website"
"UK-2026-101858";"2026-03-25";"East";"Guwahati";"Smart Watch X2";"Electronics";1;4341;"4341";"CUST-55693";"Marketplace"
"UK-2026-101134";"2026-02-14";"East";"Bhubaneswar";"Smart Watch X2";"Electronics";1;4597;"4597";"CUST-22250";"Website"
"UK-2026-101962";"2026-03-21";"Central";"Indore";"Slim Fit Jeans";"Fashion";1;1565;"1565";"CUST-88562";"App"
"UK-2026-103599";"2026-05-05";"West";"Pune";"Dinner Set 24pc";"Home & Kitchen";1;2609;"2609";"CUST-31033";"Website"
"UK-2026-103634";"2026-05-23";"South";"Hyderabad";"Non-Stick Cookware Set";"Home & Kitchen";4;2830;"11320";"CUST-11384";"Website"
"UK-2026-102415";"2026-04-21";"West";"Surat";"Vitamin C Serum";"Beauty";1;693;"693";"CUST-83671";"App"
"UK-2026-103126";"2026-05-04";"Central";"Nagpur";"Leather Wallet";"Fashion";1;928;"928";"CUST-94209";"Website"
"UK-2026-100920";"2026-02-27";"North";"Delhi";"Power Bank 20000mAh";"Electronics";1;1771;"1771";"CUST-79892";"App"
"UK-2026-102917";"2026-04-14";"West";"Mumbai";"Smart Watch X2";"Electronics";2;4399;"8798";"CUST-25835";"App"
"UK-2026-103179";"2026-05-24";"North";"Delhi";"Bluetooth Speaker Mini";"Electronics";2;1573;"3146";"CUST-90951";"App"
"UK-2026-104101";"2026-06-11";"South";"Hyderabad";"Noise-Cancelling Headphones";"Electronics";1;9165;"9165";"CUST-67786";"Marketplace"
"UK-2026-100293";"2026-01-29";"East";"Guwahati";"Leather Wallet";"Fashion";1;917;"917";"CUST-59207";"App"
"UK-2026-101389";"2026-02-28";"Central";"Bhopal";"Noise-Cancelling Headphones";"Electronics";2;8734;"17468";"CUST-32508";"Website"
"UK-2026-103871";"2026-05-26";"South";"Kochi";"Yoga Mat Pro";"Sports";1;1172;"1172";"CUST-72885";"App"
"UK-2026-104831";"2026-06-16";"Central";"Indore";"Cricket Bat English Willow";"Sports";3;8969;"26907";"CUST-59019";"Website"
"UK-2026-101147";"2026-02-01";"South";"Hyderabad";"Cycling Helmet";"Sports";1;1653;"1653";"CUST-95636";"Marketplace"
"UK-2026-103921";"2026-05-29";"West";"Mumbai";"Mirrorless Camera Lite";"Electronics";1;28803;"28803";"CUST-51137";"App"
"UK-2026-103258";"2026-05-24";"Central";"Nagpur";"Mirrorless Camera Lite";"Electronics";1;28015;"28015";"CUST-79748";"Marketplace"
"UK-2026-101664";"2026-03-25";"South";"Kochi";"Beard Grooming Kit";"Beauty";1;965;"965";"CUST-78571";"App"
"UK-2026-100989";"2026-02-21";"East";"Bhubaneswar";"Power Bank 20000mAh";"Electronics";4;1833;"7332";"CUST-43543";"Website"
"UK-2026-102361";"2026-04-03";"North";"Delhi";"Modern Wall Clock";"Home & Kitchen";1;787;"787";"CUST-33252";"Website"
"UK-2026-100552";"2026-01-03";"South";"Chennai";"Power Bank 20000mAh";"Electronics";2;1711;"3422";"CUST-58125";"Website"
"UK-2026-102442";"2026-04-21";"South";"Hyderabad";"Beard Grooming Kit";"Beauty";1;950;"950";"CUST-57371";"Website"
"UK-2026-101448";"2026-02-20";"North";"Delhi";"Formal Shirt";"Fashion";1;1046;"1046";"CUST-59026";"Marketplace"
"UK-2026-100426";"2026-01-03";"West";"Surat";"Cotton Kurta Set";"Fashion";1;1272;"1272";"CUST-45654";"Website"
"UK-2026-102509";"2026-04-14";"East";"Calcutta";"Foldable Treadmill T2";"Sports";1;25295;"25295";"CUST-56622";"App"
"UK-2026-104229";"2026-06-14";"South";"Kochi";"Bluetooth Speaker Mini";"Electronics";1;1551;"1551";"CUST-37949";"Marketplace"
"UK-2026-100150";"2026-01-13";"South";"Kochi";"Silk Saree";"Fashion";3;3635;"10905";"CUST-46376";"App"
"UK-2026-101177";"2026-02-14";"North";"Delhi";"Cotton Kurta Set";"Fashion";2;1348;"2696";"CUST-25637";"App"
"UK-2026-104842";"2026-06-20";"West";"Ahmedabad";"Mixer Grinder 750W";"Home & Kitchen";1;3344;"3344";"CUST-97882";"App"
"UK-2026-101610";"2026-03-20";"East";"Bhubaneswar";"Makeup Brush Set";"Beauty";2;1295;"2590";"CUST-70323";"App"
"UK-2026-104031";"2026-06-21";"South";"Chennai";"Yoga Mat Pro";"Sports";1;1230;"1230";"CUST-79676";"Website"
"UK-2026-103624";"2026-05-16";"Central";"Nagpur";"Ionic Hair Dryer";"Beauty";1;1867;"1867";"CUST-31431";"Marketplace"
"UK-2026-102422";"2026-04-12";"Central";"Indore";"Foldable Treadmill T2";"Sports";1;25330;"25330";"CUST-29924";"App"
"UK-2026-101335";"2026-02-23";"North";"Chandigarh";"Makeup Brush Set";"Beauty";1;1354;"1354";"CUST-32208";"App"
"UK-2026-100922";"2026-02-20";"South";"Bengaluru";"Eau de Parfum 100ml";"Beauty";3;1985;"5955";"CUST-29493";"Website"
"UK-2026-104570";"2026-06-02";"North";"Delhi";"Cotton Kurta Set";"Fashion";4;1340;"5360";"CUST-20769";"Website"
"UK-2026-100840";"2026-02-18";"East";"Bhubaneswar";"Mixer Grinder 750W";"Home & Kitchen";1;3340;"3340";"CUST-33796";"App"
"UK-2026-103053";"2026-04-17";"Central";"Bhopal";"Cotton Kurta Set";"Fashion";1;1238;"1238";"CUST-23028";"App"
"UK-2026-102118";"2026-03-25";"West";"Surat";"Dinner Set 24pc";"Home & Kitchen";1;2444;"2444";"CUST-49206";"App"
"UK-2026-101094";"2026-02-15";"West";"Pune";"Ethnic Dupatta";"Fashion";1;512;"512";"CUST-63025";"App"
"UK-2026-103243";"2026-05-25";"Central";"Nagpur";"Cycling Helmet";"Sports";3;1629;"4887";"CUST-33772";"Website"
"UK-2026-101894";"2026-03-26";"East";"Guwahati";"Denim Jacket";"Fashion";2;2178;"4356";"CUST-94909";"App"
"UK-2026-100100";"2026-01-04";"South";"Bangalore";"Face Wash Combo";"Beauty";2;449;"898";"CUST-31788";"App"
"UK-2026-102285";"2026-04-03";"South";"Hyderabad";"Mixer Grinder 750W";"Home & Kitchen";1;3182;"3182";"CUST-70853";"Website"
"UK-2026-104370";"2026-06-22";"Central";"Raipur";"Denim Jacket";"Fashion";1;2135;"2135";"CUST-41920";"App"
"UK-2026-102537";"2026-04-04";"North";"Noida";"Wireless Earbuds Pro";"Electronics";3;2953;"8859";"CUST-40261";"Website"
"UK-2026-100743";"2026-02-24";"West";"Ahmedabad";"Running Sneakers";"Fashion";2;2881;"5762";"CUST-36150";"App"
"UK-2026-103604";"2026-05-03";"West";"Surat";"Denim Jacket";"Fashion";1;2209;"2209";"CUST-31033";"App"
"UK-2026-101422";"2026-02-05";"North";"New Delhi";"Leather Wallet";"Fashion";1;860;"860";"CUST-94605";"App"
"UK-2026-101321";"2026-02-17";"East";"Guwahati";"Leather Wallet";"Fashion";2;887;"1774";"CUST-80152";"Marketplace"
"UK-2026-103429";"2026-05-26";"West";"Ahmedabad";"Vitamin C Serum";"Beauty";2;731;"1462";"CUST-53387";"App"
"UK-2026-103398";"2026-05-11";"South";"Chennai";"Air Fryer 5L";"Home & Kitchen";2;5429;"10858";"CUST-52695";"Website"
"UK-2026-101510";"2026-03-31";"South";"Chennai";"Modern Wall Clock";"Home & Kitchen";1;778;"778";"CUST-69641";"Website"
"UK-2026-103950";"2026-05-19";"North";"Chandigarh";"Modern Wall Clock";"Home & Kitchen";1;812;"812";"CUST-80507";"App"
"UK-2026-101006";"2026-02-13";"East";"Patna";"Vitamin C Serum";"Beauty";1;669;"669";"CUST-59817";"App"
"UK-2026-100946";"2026-02-15";"West";"Ahmedabad";"Robot Vacuum R7";"Home & Kitchen";1;19904;"19904";"CUST-27537";"Website"
"UK-2026-102653";"2026-04-06";"East";"Guwahati";"Ultrabook Air 14";"Electronics";1;29636;"29636";"CUST-86942";"Marketplace"
"UK-2026-103343";"2026-05-29";"South";"Bengaluru";"Cotton Bedsheet Set";"Home & Kitchen";1;1420;"1420";"CUST-47308";"App"
"UK-2026-104428";"2026-06-01";"Central";"Nagpur";"Foldable Treadmill T2";"Sports";1;25219;"25219";"CUST-32277";"App"
"UK-2026-104777";"2026-06-24";"North";"Delhi";"Mixer Grinder 750W";"Home & Kitchen";1;3306;"3306";"CUST-15169";"App"
"UK-2026-104578";"2026-06-15";"South";"Hyderabad";"Eau de Parfum 100ml";"Beauty";1;1949;"1949";"CUST-29527";"Marketplace"
"UK-2026-104587";"2026-06-03";"South";"Hyderabad";"Robot Vacuum R7";"Home & Kitchen";1;18949;"18949";"CUST-21821";"Website"
"UK-2026-104090";"2026-06-16";"West";"Mumbai";"Electric Kettle 1.5L";"Home & Kitchen";4;1143;"4572";"CUST-40454";"Website"
"UK-2026-100434";"2026-01-19";"West";"Mumbai";"Running Sneakers";"Fashion";2;2783;"5566";"CUST-40562";"Website"
"UK-2026-104883";"2026-06-07";"South";"Hyderabad";"Slim Fit Jeans";"Fashion";3;1562;"4686";"CUST-89921";"Marketplace"
"UK-2026-101268";"2026-02-19";"South";"Bengaluru";"Leather Wallet";"Fashion";1;919;"919";"CUST-96870";"Website"
"UK-2026-102331";"2026-04-08";"Central";"Bhopal";"Bluetooth Speaker Mini";"Electronics";1;1473;"1473";"CUST-71066";"Marketplace"
"UK-2026-102378";"2026-04-30";"South";"Hyderabad";"Eau de Parfum 100ml";"Beauty";1;2039;"2039";"CUST-16732";"App"
"UK-2026-102137";"2026-03-14";"West";"Mumbai";"Eau de Parfum 100ml";"Beauty";1;1949;"1949";"CUST-34178";"App"
"UK-2026-102022";"2026-03-29";"South";"Kochi";"Slim Fit Jeans";"Fashion";1;1670;"1670";"CUST-65415";"App"
"UK-2026-103204";"2026-05-01";"West";"Ahmedabad";"Running Sneakers";"Fashion";2;2921;"5842";"CUST-67219";"Website"
"UK-2026-103706";"2026-05-27";"East";"Bhubaneswar";"Air Fryer 5L";"Home & Kitchen";2;5526;"11052";"CUST-20167";"Website"
"UK-2026-101917";"2026-03-25";"Central";"Raipur";"Mixer Grinder 750W";"Home & Kitchen";1;3455;"3455";"CUST-45291";"App"
"UK-2026-100735";"2026-02-22";"North";"Chandigarh";"Cotton Bedsheet Set";"Home & Kitchen";2;1444;"2888";"CUST-45324";"Website"
"UK-2026-100540";"2026-01-15";"South";"Bengaluru";"Non-Stick Cookware Set";"Home & Kitchen";2;2941;"5882";"CUST-33016";"App"
"UK-2026-102002";"2026-03-25";"South";"Kochi";"Bluetooth Speaker Mini";"Electronics";1;1425;"1425";"CUST-80722";"App"
"UK-2026-102040";"2026-03-28";"South";"Hyderabad";"Mixer Grinder 750W";"Home & Kitchen";4;3167;"12668";"CUST-87601";"App"
"UK-2026-102930";"2026-04-04";"Central";"Raipur";"Badminton Racket Set";"Sports";2;2422;"4844";"CUST-18730";"Website"
"UK-2026-102354";"2026-04-01";"West";"Mumbai";"Makeup Brush Set";"Beauty";1;1337;"1337";"CUST-78191";"App"
"UK-2026-103712";"2026-05-16";"South";"Kochi";"Sunscreen SPF50";"Beauty";2;553;"1106";"CUST-72290";"Website"
"UK-2026-103134";"2026-05-21";"South";"Chennai";"Yoga Mat Pro";"Sports";1;1239;"1239";"CUST-10255";"Marketplace"
"UK-2026-104291";"2026-06-27";"North";"Gurugram";"Cycling Helmet";"Sports";1;1626;"1626";"CUST-48383";"App"
"UK-2026-100858";"2026-02-04";"West";"Surat";"Air Fryer 5L";"Home & Kitchen";2;5672;"11344";"CUST-55421";"Marketplace"
"UK-2026-101658";"2026-03-04";"West";"Surat";"Modern Wall Clock";"Home & Kitchen";1;775;"775";"CUST-16887";"Website"
"UK-2026-102482";"2026-04-20";"North";"Chandigarh";"Ethnic Dupatta";"Fashion";1;517;"517";"CUST-24182";"App"
"UK-2026-103855";"2026-05-22";"West";"Pune";"Leather Wallet";"Fashion";4;898;"3592";"CUST-72408";"Website"
"UK-2026-102818";"2026-04-06";"South";"Kochi";"Mirrorless Camera Lite";"Electronics";2;28913;"57826";"CUST-77999";"App"
"UK-2026-104712";"2026-06-17";"East";"Kolkata";"Silk Saree";"Fashion";1;3575;"3575";"CUST-42542";"App"
"UK-2026-100591";"2026-01-11";"North";"Gurugram";"Ethnic Dupatta";"Fashion";2;521;"1042";"CUST-70479";"Website"
"UK-2026-100013";"2026-01-06";"West";"Ahmedabad";"Vitamin C Serum";"Beauty";1;718;"718";"CUST-35555";"Website"
"UK-2026-102776";"2026-04-24";"South";"kochi";"Ultrabook Air 14";"Electronics";1;30933;"30933";"CUST-53840";"App"
"UK-2026-104881";"2026-06-13";"West";"Pune";"Smart Watch X2";"Electronics";1;4650;"4650";"CUST-83865";"Marketplace"
"UK-2026-101122";"2026-02-27";"West";"Surat";"Leather Wallet";"Fashion";2;938;"1876";"CUST-54337";"Website"
"UK-2026-100347";"2026-01-10";"South";"Bengaluru";"Slim Fit Jeans";"Fashion";2;1601;"3202";"CUST-98437";"Website"
"UK-2026-102967";"2026-04-04";"Central";"Raipur";"Formal Shirt";"Fashion";1;1052;"1052";"CUST-95453";"Website"
"UK-2026-101003";"2026-02-10";"North";"Chandigarh";"43-inch Smart TV";"Electronics";2;27086;"54172";"CUST-15239";"Marketplace"
"UK-2026-104212";"2026-06-22";"North";"Delhi";"Vitamin C Serum";"Beauty";1;725;"725";"CUST-31788";"App"
"UK-2026-101650";"2026-03-16";"West";"Pune";"Modern Wall Clock";"Home & Kitchen";1;788;"788";"CUST-32884";"App"
"UK-2026-101124";"2026-02-20";"West";"Mumbai";"Ethnic Dupatta";"Fashion";2;502;"1004";"CUST-95553";"Website"
"UK-2026-101485";"2026-03-10";"South";"Kochi";"Mixer Grinder 750W";"Home & Kitchen";1;3373;"3373";"CUST-10200";"Website"
"UK-2026-101915";"2026-03-31";"South";"Chennai";"Cotton Kurta Set";"Fashion";2;1251;"2502";"CUST-94058";"Website"
"UK-2026-102519";"2026-04-27";"West";"Pune";"Cotton Kurta Set";"Fashion";1;1327;"1327";"CUST-59592";"App"
"UK-2026-101187";"2026-02-05";"South";"Hyderabad";"Vitamin C Serum";"Beauty";1;687;"687";"CUST-21821";"App"
"UK-2026-104438";"2026-06-09";"Central";"Bhopal";"Ethnic Dupatta";"Fashion";2;488;"976";"CUST-68023";"Website"
"UK-2026-104387";"2026-06-25";"East";"Bhubaneswar";"Wireless Earbuds Pro";"Electronics";2;3063;"6126";"CUST-27630";"Website"
"UK-2026-103367";"2026-05-21";"Central";"Indore";"Modern Wall Clock";"Home & Kitchen";1;834;"834";"CUST-49139";"Website"
"UK-2026-103693";"2026-05-13";"East";"Patna";"Denim Jacket";"Fashion";2;2092;"4184";"CUST-89921";"App"
"UK-2026-100695";"2026-01-05";"South";"Bengaluru";"Badminton Racket Set";"Sports";1;2474;"2474";"CUST-48871";"App"
"UK-2026-100663";"2026-01-07";"West";"Pune";"Noise-Cancelling Headphones";"Electronics";1;9154;"9154";"CUST-20748";"App"
"UK-2026-104357";"2026-06-01";"South";"Kochi";"Non-Stick Cookware Set";"Home & Kitchen";1;3031;"3031";"CUST-11384";"App"
"UK-2026-104145";"2026-06-14";"East";"Guwahati";"43-inch Smart TV";"Electronics";1;26093;"26093";"CUST-58375";"App"
"UK-2026-101036";"2026-02-02";"East";"Patna";"Mixer Grinder 750W";"Home & Kitchen";1;3207;"3207";"CUST-31101";"App"
"UK-2026-100987";"2026-02-22";"East";"Kolkata";"Cotton Kurta Set";"Fashion";1;1255;"1255";"CUST-72844";"App"
"UK-2026-102144";"2026-03-01";"East";"Bhubaneswar";"Cycling Helmet";"Sports";1;1663;"1663";"CUST-91822";"App"
"UK-2026-101809";"2026-03-05";"South";"Kochi";"Cotton Kurta Set";"Fashion";1;1323;"1323";"CUST-61700";"Website"
"UK-2026-104389";"2026-06-06";"West";"Pune";"Matte Lipstick Set";"Beauty";1;912;"912";"CUST-78090";"App"
"UK-2026-103311";"2026-05-23";"Central";"Raipur";"Dinner Set 24pc";"Home & Kitchen";1;2474;"2474.00";"CUST-13109";"App"
"UK-2026-103449";"2026-05-17";"South";"Hyderabad";"Bluetooth Speaker Mini";"Electronics";1;1427;"1427";"CUST-38569";"Marketplace"
"UK-2026-102797";"2026-04-22";"East";"Guwahati";"Mixer Grinder 750W";"Home & Kitchen";1;3401;"3401";"CUST-44086";"Marketplace"
"UK-2026-101704";"2026-03-31";"South";"Hyderabad";"Face Wash Combo";"Beauty";1;468;"468";"CUST-75686";"App"
"UK-2026-101902";"2026-03-04";"East";"Bhubaneswar";"Cotton Kurta Set";"Fashion";2;1266;"2532";"CUST-56942";"Marketplace"
"UK-2026-102598";"2026-04-25";"South";"Hyderabad";"Yoga Mat Pro";"Sports";1;1191;"1191";"CUST-56360";"Website"
"UK-2026-103564";"2026-05-28";"West";"Mumbai";"Non-Stick Cookware Set";"Home & Kitchen";1;2965;"2965";"CUST-11284";"App"
"UK-2026-103448";"2026-05-01";"South";"Chennai";"Bluetooth Speaker Mini";"Electronics";1;1463;"1463";"CUST-93025";"App"
"UK-2026-103300";"2026-05-02";"South";"Kochi";"Air Fryer 5L";"Home & Kitchen";2;5571;"11142";"CUST-56904";"Website"
"UK-2026-103773";"2026-05-16";"North";"Gurugram";"Ethnic Dupatta";"Fashion";1;515;"515";"CUST-94058";"Marketplace"
"UK-2026-102552";"2026-04-25";"West";"Mumbai";"Non-Stick Cookware Set";"Home & Kitchen";4;2959;"11836";"CUST-22637";"Website"
"UK-2026-102988";"2026-04-20";"West";"Surat";"Formal Shirt";"Fashion";1;1066;"1066";"CUST-15029";"App"
"UK-2026-103844";"2026-05-09";"East";"Patna";"Ethnic Dupatta";"Fashion";1;486;"486";"CUST-53807";"App"
"UK-2026-103845";"2026-05-25";"West";"Mumbai";"Electric Kettle 1.5L";"Home & Kitchen";1;1153;"1153";"CUST-88371";"Website"
"UK-2026-103842";"2026-05-22";"East";"Kolkata";"Leather Wallet";"Fashion";2;890;"1780";"CUST-19676";"Marketplace"
"UK-2026-103687";"2026-05-16";"West";"Surat";"Smart Watch X2";"Electronics";1;4720;"4720";"CUST-75988";"Website"
"UK-2026-100047";"2026-01-27";"North";"Delhi";"Ultrabook Air 14";"Electronics";1;29077;"29077";"CUST-54168";"Marketplace"
"UK-2026-101790";"2026-03-13";"South";"Chennai";"Ionic Hair Dryer";"Beauty";3;1928;"5784";"CUST-10882";"App"
"UK-2026-101443";"2026-02-19";"North";"Delhi";"Denim Jacket";"Fashion";1;2110;"2110";"CUST-37004";"Website"
"UK-2026-104774";"2026-06-06";"South";"Chennai";"Yoga Mat Pro";"Sports";1;1234;"1234";"CUST-78039";"Marketplace"
"UK-2026-101506";"2026-03-04";"South";"Hyderabad";"Football Size 5";"Sports";2;906;"1812";"CUST-63647";"Website"
"UK-2026-104353";"2026-06-19";"East";"Bhubaneswar";"Mirrorless Camera Lite";"Electronics";2;28211;"56422";"CUST-36790";"Marketplace"
"UK-2026-100323";"2026-01-22";"South";"Chennai";"Noise-Cancelling Headphones";"Electronics";1;8617;"8617";"CUST-66433";"App"
"UK-2026-104308";"2026-06-21";"North";"Noida";"Wireless Earbuds Pro";"Electronics";1;3001;"3001";"CUST-48329";"Marketplace"
"UK-2026-104728";"2026-06-14";"East";"Patna";"Leather Wallet";"Fashion";1;865;"865";"CUST-43365";"App"
"UK-2026-102966";"2026-04-08";"West";"Mumbai";"Wireless Earbuds Pro";"Electronics";1;3063;"3063";"CUST-45074";"Marketplace"
"UK-2026-103493";"2026-05-11";"South";"Chennai";"Slim Fit Jeans";"Fashion";1;1553;"1553";"CUST-93733";"Website"
"UK-2026-100313";"2026-01-19";"East";"Guwahati";"Leather Wallet";"Fashion";1;938;"938";"CUST-60343";"App"
"UK-2026-102346";"2026-04-28";"North";"Gurugram";"Silk Saree";"Fashion";1;3380;"3380";"CUST-57487";"Website"
"UK-2026-103193";"2026-05-13";"North";"Chandigarh";"Gym Gloves";"Sports";1;518;"518";"CUST-79905";"Marketplace"
"UK-2026-104259";"2026-06-20";"South";"Chennai";"Mirrorless Camera Lite";"Electronics";1;29416;"29416";"CUST-18244";"Marketplace"
"UK-2026-102355";"2026-04-19";"East";"Patna";"Ultrabook Air 14";"Electronics";1;30869;"30869";"CUST-15373";"Website"
"UK-2026-103894";"2026-05-09";"Central";"Nagpur";"Cycling Helmet";"Sports";1;1652;"1652";"CUST-47712";"App"
"UK-2026-103786";"2026-05-18";"North";"Noida";"Eau de Parfum 100ml";"Beauty";1;2017;"2017";"CUST-49028";"App"
"UK-2026-101007";"2026-02-10";"North";"Chandigarh";"Ultrabook Air 14";"Electronics";1;30042;"30042";"CUST-58023";"Website"
"UK-2026-102846";"2026-04-07";"South";"Hyderabad";"Mirrorless Camera Lite";"Electronics";1;27573;"27573";"CUST-83235";"App"
"UK-2026-100940";"2026-02-10";"West";"Pune";"Dinner Set 24pc";"Home & Kitchen";1;2514;"2514";"CUST-24504";"Website"
"UK-2026-102014";"2026-03-29";"North";"Chandigarh";"43-inch Smart TV";"Electronics";2;24760;"49520";"CUST-75114";"Marketplace"
"UK-2026-104558";"2026-06-24";"South";"Hyderabad";"Dinner Set 24pc";"Home & Kitchen";1;2491;"2491";"CUST-77291";"Marketplace"
"UK-2026-103078";"2026-04-07";"North";"Gurugram";"Ultrabook Air 14";"Electronics";1;31421;"31421";"CUST-19902";"App"
"UK-2026-103101";"2026-05-20";"North";"Chandigarh";"Mirrorless Camera Lite";"Electronics";1;29708;"29708";"CUST-50824";"Marketplace"
"UK-2026-101057";"2026-02-06";"South";"Kochi";"43-inch Smart TV";"Electronics";2;25390;"50780";"CUST-65228";"Website"
"UK-2026-100757";"2026-02-22";"Central";"Raipur";"Slim Fit Jeans";"Fashion";1;1569;"1569";"CUST-14581";"Website"
"UK-2026-103104";"2026-05-26";"South";"Chennai";"Running Sneakers";"Fashion";1;2908;"2908";"CUST-38688";"App"
"UK-2026-100576";"2026-01-26";"West";"Pune";"Cotton Bedsheet Set";"Home & Kitchen";2;1438;"2876";"CUST-65989";"App"
"UK-2026-104740";"2026-06-01";"South";"Chennai";"Formal Shirt";"Fashion";1;1096;"1096";"CUST-31833";"App"
"UK-2026-101871";"2026-03-07";"East";"Patna";"43-inch Smart TV";"Electronics";1;26328;"26328";"CUST-63266";"App"
"UK-2026-100077";"2026-01-08";"Central";"Bhopal";"Electric Kettle 1.5L";"Home & Kitchen";1;1068;"1068";"CUST-65721";"App"
"UK-2026-101388";"2026-02-21";"South";"Chennai";"Power Bank 20000mAh";"Electronics";1;1886;"1886";"CUST-58718";"App"
"UK-2026-103441";"2026-05-21";"South";"Hyderabad";"Smart Watch X2";"Electronics";2;4623;"9246";"CUST-64826";"Marketplace"
"UK-2026-101190";"2026-02-06";"South";"Bengaluru";"Silk Saree";"Fashion";1;3465;"3465";"CUST-32508";"Marketplace"
"UK-2026-102987";"2026-04-25";"East";"Kolkata";"Face Wash Combo";"Beauty";1;459;"459";"CUST-48510";"App"
"UK-2026-101725";"2026-03-30";"West";"Ahmedabad";"Smart Watch X2";"Electronics";1;4670;"4670";"CUST-32543";"Marketplace"
"UK-2026-102095";"2026-03-04";"North";"Chandigarh";"Smart Watch X2";"Electronics";4;4322;"17288";"CUST-12779";"Website"
"UK-2026-101598";"2026-03-17";"North";"Delhi";"Face Wash Combo";"Beauty";1;432;"432";"CUST-91822";"Website"
"UK-2026-102807";"2026-04-30";"South";"Bengaluru";"Denim Jacket";"Fashion";1;2298;"2298";"CUST-79176";"Website"
"UK-2026-100475";"2026-01-08";"South";"Hyderabad";"Power Bank 20000mAh";"Electronics";1;1837;"1837";"CUST-48462";"Website"
"UK-2026-102810";"2026-04-21";"East";"Bhubaneswar";"Ultrabook Air 14";"Electronics";2;29232;"58464";"CUST-13447";"App"
"UK-2026-104274";"2026-06-07";"South";"Hyderabad";"Air Fryer 5L";"Home & Kitchen";2;5483;"10966";"CUST-65784";"Website"
"UK-2026-102796";"2026-04-23";"South";"Hyderabad";"Modern Wall Clock";"Home & Kitchen";1;799;"799";"CUST-87840";"App"
"UK-2026-100611";"2026-01-19";"South";"Bengaluru";"Ultrabook Air 14";"Electronics";1;30750;"30750";"CUST-16076";"Website"
"UK-2026-102213";"2026-03-03";"South";"Kochi";"Mixer Grinder 750W";"Home & Kitchen";4;3416;"13664";"CUST-87829";"App"
"UK-2026-100818";"2026-02-05";"South";"Bengaluru";"Mirrorless Camera Lite";"Electronics";1;28846;"28846";"CUST-89513";"Marketplace"
"UK-2026-104830";"2026-06-01";"South";"Hyderabad";"Modern Wall Clock";"Home & Kitchen";1;787;"787";"CUST-19848";"App"
"UK-2026-102102";"2026-03-22";"North";"Chandigarh";"Non-Stick Cookware Set";"Home & Kitchen";1;2780;"2780";"CUST-93589";"App"
"UK-2026-100945";"2026-02-06";"North";"Delhi";"Ionic Hair Dryer";"Beauty";1;1848;"1848";"CUST-32208";"App"
"UK-2026-100174";"2026-01-12";"South";"Bengaluru";"Robot Vacuum R7";"Home & Kitchen";1;18822;"18822";"CUST-29272";"Marketplace"
"UK-2026-103090";"2026-04-21";"North";"Delhi";"Makeup Brush Set";"Beauty";1;1303;"1303";"CUST-34669";"App"
"UK-2026-103288";"2026-05-23";"East";"Patna";"Formal Shirt";"Fashion";1;1046;"1046";"CUST-12877";"App"
"UK-2026-102522";"2026-04-26";"South";"Hyderabad";"Gym Gloves";"Sports";1;474;"474";"CUST-14585";"App"
"UK-2026-101786";"2026-03-19";"Central";"Indore";"Smart Watch X2";"Electronics";1;4660;"4660";"CUST-59728";"App"
"UK-2026-103484";"2026-05-19";"Central";"Nagpur";"Running Sneakers";"Fashion";3;2842;"8526";"CUST-83235";"Marketplace"
"UK-2026-101066";"2026-02-25";"South";"Bengaluru";"Sunscreen SPF50";"Beauty";1;574;"574";"CUST-48867";"Website"
"UK-2026-100752";"2026-02-07";"North";"Gurugram";"Leather Wallet";"Fashion";2;926;"1852";"CUST-23521";"Website"
"UK-2026-100134";"2026-01-09";"South";"Chennai";"Matte Lipstick Set";"Beauty";2;903;"1806";"CUST-23181";"App"
"UK-2026-103480";"2026-05-31";"West";"Ahmedabad";"Cycling Helmet";"Sports";1;1583;"1583";"CUST-82500";"App"
"UK-2026-103163";"2026-05-27";"Central";"Raipur";"Silk Saree";"Fashion";3;3332;"9996";"CUST-67447";"Marketplace"
"UK-2026-101882";"2026-03-27";"South";"Chennai";"Yoga Mat Pro";"Sports";1;1226;"1226";"CUST-85856";"Marketplace"
"UK-2026-104768";"2026-06-05";"South";"Hyderabad";"Formal Shirt";"Fashion";1;1076;"1076";"CUST-55920";"App"
"UK-2026-103558";"2026-05-05";"North";"Noida";"Leather Wallet";"Fashion";4;929;"3716.00";"CUST-58732";"Marketplace"
"UK-2026-104767";"2026-06-22";"West";"Mumbai";"Modern Wall Clock";"Home & Kitchen";4;771;"3084";"CUST-39564";"App"
"UK-2026-104371";"2026-06-05";"West";"Pune";"Ionic Hair Dryer";"Beauty";1;1890;"1890";"CUST-29033";"App"
"UK-2026-104748";"2026-06-22";"Central";"Nagpur";"Football Size 5";"Sports";2;861;"1722";"CUST-11460";"App"
"UK-2026-102938";"2026-04-06";"South";"Madras";"Air Fryer 5L";"Home & Kitchen";1;5317;"5317";"CUST-81648";"Marketplace"
"UK-2026-104988";"2026-06-22";"South";"Bengaluru";"Robot Vacuum R7";"Home & Kitchen";2;18788;"37576";"CUST-40432";"Marketplace"
"UK-2026-100519";"2026-01-26";"East";"Patna";"Noise-Cancelling Headphones";"Electronics";1;9301;"9301";"CUST-88844";"Marketplace"
"UK-2026-100587";"2026-01-25";"South";"Kochi";"Badminton Racket Set";"Sports";2;2494;"4988";"CUST-26150";"App"
"UK-2026-103186";"2026-05-09";"North";"Chandigarh";"Wireless Earbuds Pro";"Electronics";2;3015;"6030";"CUST-31431";"Marketplace"
"UK-2026-100690";"2026-01-16";"West";"Mumbai";"Cotton Kurta Set";"Fashion";1;1274;"1274";"CUST-15169";"App"
"UK-2026-104384";"2026-06-28";"North";"Noida";"Eau de Parfum 100ml";"Beauty";1;1997;"1997";"CUST-35945";"App"
"UK-2026-101850";"2026-03-21";"South";"Hyderabad";"Football Size 5";"Sports";1;898;"898";"CUST-70925";"App"
"UK-2026-102466";"2026-04-14";"Central";"Raipur";"Noise-Cancelling Headphones";"Electronics";1;9049;"9049";"CUST-41249";"App"
"UK-2026-103787";"2026-05-05";"Central";"Nagpur";"Bluetooth Speaker Mini";"Electronics";1;1528;"1528";"CUST-65197";"Website"
"UK-2026-104171";"2026-06-24";"Central";"Bhopal";"Denim Jacket";"Fashion";1;2280;"2280";"CUST-50317";"Marketplace"
"UK-2026-100824";"2026-02-04";"North";"Gurugram";"Cycling Helmet";"Sports";2;1552;"3104";"CUST-85856";"App"
"UK-2026-101776";"2026-03-11";"North";"Gurugram";"Sunscreen SPF50";"Beauty";1;540;"540";"CUST-54301";"Website"
"UK-2026-102769";"2026-04-12";"North";"Chandigarh";"Modern Wall Clock";"Home & Kitchen";1;763;"763";"CUST-56360";"App"
"UK-2026-103757";"2026-05-24";"North";"Chandigarh";"Silk Saree";"Fashion";1;3496;"3496";"CUST-36920";"App"
"UK-2026-104592";"2026-06-08";"East";"Patna";"Silk Saree";"Fashion";2;3636;"7272";"CUST-10175";"Website"
"UK-2026-104999";"2026-06-30";"East";"Bhubaneswar";"Ethnic Dupatta";"Fashion";1;512;"512";"CUST-81638";"Marketplace"
"UK-2026-100984";"2026-02-28";"South";"Hyderabad";"Mixer Grinder 750W";"Home & Kitchen";1;3172;"3172";"CUST-55091";"App"
"UK-2026-102868";"2026-04-22";"South";"Hyderabad";"Makeup Brush Set";"Beauty";1;1287;"1287";"CUST-38569";"App"
"UK-2026-100329";"2026-01-22";"West";"Ahmedabad";"Wireless Earbuds Pro";"Electronics";1;3046;"3046";"CUST-66313";"App"
"UK-2026-100810";"2026-02-21";"South";"Chennai";"Football Size 5";"Sports";1;916;"916";"CUST-69985";"App"
"UK-2026-101462";"2026-03-24";"East";"Kolkata";"Foldable Treadmill T2";"Sports";1;25773;"25773";"CUST-58023";"App"
"UK-2026-100672";"2026-01-31";"West";"Pune";"Eau de Parfum 100ml";"Beauty";1;1902;"1902";"CUST-16076";"Website"
"UK-2026-101162";"2026-02-13";"East";"Bhubaneswar";"Noise-Cancelling Headphones";"Electronics";3;8846;"26538";"CUST-98648";"Website"
"UK-2026-102915";"2026-04-09";"Central";"Bhopal";"Gym Gloves";"Sports";2;513;"1026";"CUST-94909";"App"
"UK-2026-101805";"2026-03-08";"North";"Gurugram";"Leather Wallet";"Fashion";1;893;"893";"CUST-45170";"App"
"UK-2026-104540";"2026-06-10";"West";"Mumbai";"Wireless Earbuds Pro";"Electronics";1;3123;"3123";"CUST-87272";"Marketplace"
"UK-2026-100584";"2026-01-30";"South";"Chennai";"Bluetooth Speaker Mini";"Electronics";1;1554;"1554";"CUST-87326";"Website"
"UK-2026-103998";"2026-05-26";"Central";"Bhopal";"Smart Watch X2";"Electronics";2;4639;"9278";"CUST-68023";"Website"
"UK-2026-103358";"2026-05-23";"West";"Mumbai";"43-inch Smart TV";"Electronics";1;25892;"25892";"CUST-36790";"Marketplace"
"UK-2026-103375";"2026-05-29";"North";"Noida";"Air Fryer 5L";"Home & Kitchen";1;5676;"5676";"CUST-91739";"Website"
"UK-2026-100693";"2026-01-19";"North";"Chandigarh";"Cotton Bedsheet Set";"Home & Kitchen";1;1340;"1340";"CUST-50130";"Website"
"UK-2026-103703";"2026-05-29";"South";"Hyderabad";"Formal Shirt";"Fashion";1;1114;"1114";"CUST-13883";"App"
"UK-2026-104330";"2026-06-14";"Central";"Indore";"Running Sneakers";"Fashion";2;2714;"5428";"CUST-55633";"App"
"UK-2026-101481";"2026-03-10";"South";"Hyderabad";"Ultrabook Air 14";"Electronics";1;29949;"29949";"CUST-61958";"Website"
"UK-2026-101247";"2026-02-05";"North";"Delhi";"Ultrabook Air 14";"Electronics";1;29956;"29956";"CUST-62845";"Marketplace"
"UK-2026-103983";"2026-05-23";"North";"Noida";"Ionic Hair Dryer";"Beauty";1;1875;"1875";"CUST-90958";"App"
"UK-2026-103074";"2026-04-14";"South";"Bengaluru";"Dinner Set 24pc";"Home & Kitchen";2;2490;"4980";"CUST-92512";"Website"
"UK-2026-101012";"2026-02-19";"North";"Delhi";"Foldable Treadmill T2";"Sports";1;25712;"25712";"CUST-89231";"App"
"UK-2026-104081";"2026-06-19";"Central";"Nagpur";"Beard Grooming Kit";"Beauty";1;1040;"1040";"CUST-95453";"Website"
"UK-2026-102411";"2026-04-28";"Central";"Nagpur";"Cotton Bedsheet Set";"Home & Kitchen";1;1440;"1440";"CUST-66912";"App"
"UK-2026-104855";"2026-06-13";"West";"Surat";"Leather Wallet";"Fashion";1;930;"930";"CUST-18075";"App"
"UK-2026-101432";"2026-02-18";"East";"Kolkata";"Dinner Set 24pc";"Home & Kitchen";1;2394;"2394";"CUST-64437";"Website"
"UK-2026-100775";"2026-02-01";"Central";"Bhopal";"Silk Saree";"Fashion";1;3594;"3594";"CUST-17668";"Website"
"UK-2026-101463";"2026-03-14";"West";"Surat";"Denim Jacket";"Fashion";1;2170;"2170";"CUST-24141";"App"
"UK-2026-102894";"2026-04-27";"South";"Hyderabad";"Cotton Bedsheet Set";"Home & Kitchen";3;1347;"4041";"CUST-34042";"App"
"UK-2026-102362";"2026-04-21";"West";"Surat";"Dinner Set 24pc";"Home & Kitchen";2;2523;"5046";"CUST-11402";"App"
"UK-2026-104157";"2026-06-03";"West";"Pune";"Mirrorless Camera Lite";"Electronics";2;30000;"60000";"CUST-11501";"App"
"UK-2026-101339";"2026-02-17";"North";"Delhi";"Ionic Hair Dryer";"Beauty";1;1883;"1883";"CUST-63510";"Website"
"UK-2026-101999";"2026-03-21";"West";"Ahmedabad";"Formal Shirt";"Fashion";1;1073;"1073";"CUST-96707";"Website"
"UK-2026-102841";"2026-04-20";"Central";"Raipur";"Ethnic Dupatta";"Fashion";1;490;"490";"CUST-56942";"App"
"UK-2026-101946";"2026-03-18";"South";"Kochi";"Eau de Parfum 100ml";"Beauty";1;1975;"1975";"CUST-36565";"Marketplace"
"UK-2026-103374";"2026-05-04";"North";"Gurugram";"Robot Vacuum R7";"Home & Kitchen";3;18947;"56841";"CUST-31874";"App"
"UK-2026-102463";"2026-04-17";"North";"Delhi";"Silk Saree";"Fashion";1;3425;"3425";"CUST-82821";"Website"
"UK-2026-104223";"2026-06-16";"South";"Bengaluru";"Bluetooth Speaker Mini";"Electronics";1;1570;"1570";"CUST-39934";"Marketplace"
"UK-2026-102236";"2026-03-15";"South";"Bengaluru";"Beard Grooming Kit";"Beauty";1;1027;"1027";"CUST-25486";"Website"
"UK-2026-102913";"2026-04-30";"West";"Mumbai";"Mirrorless Camera Lite";"Electronics";1;30037;"30037";"CUST-74217";"Marketplace"
"UK-2026-101977";"2026-03-15";"East";"Kolkata";"running sneakers";"Fashion";1;2692;"2692";"CUST-57664";"App"
"UK-2026-104687";"2026-06-29";"West";"Mumbai";"Sunscreen SPF50";"Beauty";2;559;"1118";"CUST-80701";"Website"
"UK-2026-101326";"2026-02-03";"North";"Noida";"Running Sneakers";"Fashion";2;2807;"5614";"CUST-34193";"App"
"UK-2026-100917";"2026-02-13";"East";"Bhubaneswar";"Cotton Bedsheet Set";"Home & Kitchen";3;1456;"4368";"CUST-58889";"App"
"UK-2026-102644";"2026-04-06";"West";"Mumbai";"Mirrorless Camera Lite";"Electronics";1;27860;"27860";"CUST-58023";"App"
"UK-2026-103141";"2026-05-07";"South";"Bengaluru";"Power Bank 20000mAh";"Electronics";1;1813;"1813";"CUST-47202";"App"
"UK-2026-100544";"2026-01-13";"South";"Hyderabad";"Wireless Earbuds Pro";"Electronics";2;3130;"6260";"CUST-55693";"Marketplace"
"UK-2026-101433";"2026-02-14";"Central";"Raipur";"Wireless Earbuds Pro";"Electronics";1;3084;"3084";"CUST-23572";"Marketplace"
"UK-2026-102052";"2026-03-26";"North";"Chandigarh";"Vitamin C Serum";"Beauty";4;678;"2712";"CUST-59019";"Marketplace"
"UK-2026-104923";"2026-06-09";"West";"Surat";"Electric Kettle 1.5L";"Home & Kitchen";1;1141;"1141";"CUST-98873";"App"
"UK-2026-100887";"2026-02-23";"South";"Chennai";"Noise-Cancelling Headphones";"Electronics";4;9295;"37180";"CUST-11634";"Website"
"UK-2026-101572";"2026-03-18";"North";"Delhi";"Dinner Set 24pc";"Home & Kitchen";1;2390;"2390";"CUST-79674";"Website"
"UK-2026-101452";"2026-03-18";"Central";"Indore";"Cotton Kurta Set";"Fashion";1;1255;"1255";"CUST-90360";"App"
"UK-2026-100715";"2026-01-04";"North";"Delhi";"Modern Wall Clock";"Home & Kitchen";1;838;"838";"CUST-27286";"App"
"UK-2026-103200";"2026-05-05";"South";"Kochi";"Dinner Set 24pc";"Home & Kitchen";1;2459;"2459";"CUST-54625";"Website"
"UK-2026-102493";"2026-04-22";"Central";"Indore";"Yoga Mat Pro";"Sports";1;1212;"1212";"CUST-40728";"Marketplace"
"UK-2026-101430";"2026-02-18";"South";"Chennai";"Noise-Cancelling Headphones";"Electronics";1;9322;"9322";"CUST-91739";"Website"
"UK-2026-101830";"2026-03-23";"East";"Bhubaneswar";"Gym Gloves";"Sports";1;511;"511";"CUST-47640";"App"
"UK-2026-102429";"2026-04-10";"South";"Madras";"Yoga Mat Pro";"Sports";2;1249;"2498";"CUST-94058";"Marketplace"
"UK-2026-103724";"2026-05-12";"West";"Surat";"Leather Wallet";"Fashion";3;897;"2691";"CUST-61700";"Marketplace"
"UK-2026-103714";"2026-05-21";"Central";"Bhopal";"Cotton Bedsheet Set";"Home & Kitchen";1;1371;"1371";"CUST-97471";"Marketplace"
"UK-2026-102441";"2026-04-20";"North";"Gurugram";"Running Sneakers";"Fashion";1;2740;"2740";"CUST-95597";"Website"
"UK-2026-102541";"2026-04-18";"West";"Surat";"Dinner Set 24pc";"Home & Kitchen";2;2391;"4782";"CUST-16210";"App"
"UK-2026-102373";"2026-04-10";"Central";"Bhopal";"43-inch Smart TV";"Electronics";2;25134;"50268";"CUST-58950";"Website"
"UK-2026-104675";"2026-06-01";"South";"Chennai";"Sunscreen SPF50";"Beauty";2;523;"1046";"CUST-92859";"App"
"UK-2026-102921";"2026-04-28";"East";"Kolkata";"Vitamin C Serum";"Beauty";1;730;"730";"CUST-97491";"Website"
"UK-2026-101866";"2026-03-09";"South";"Chennai";"Cotton Kurta Set";"Fashion";1;1307;"1307";"CUST-89442";"App"
"UK-2026-103242";"2026-05-09";"North";"Delhi";"Non-Stick Cookware Set";"Home & Kitchen";1;2780;"2780";"CUST-73325";"Website"
"UK-2026-102580";"2026-04-29";"South";"Kochi";"Cotton Kurta Set";"Fashion";1;1342;"1342";"CUST-75917";"Website"
"UK-2026-101919";"2026-03-07";"South";"Kochi";"Cotton Kurta Set";"Fashion";1;1259;"1259";"CUST-67959";"App"
"UK-2026-100312";"2026-01-10";"South";"Hyderabad";"Cricket Bat English Willow";"Sports";1;9244;"9244";"CUST-74153";"Website"
"UK-2026-101944";"2026-03-22";"North";"Chandigarh";"Smart Watch X2";"Electronics";1;4546;"4546";"CUST-36920";"Marketplace"
"UK-2026-100427";"2026-01-11";"South";"Bengaluru";"Eau de Parfum 100ml";"Beauty";1;2055;"2055";"CUST-61336";"Website"
"UK-2026-102009";"2026-03-13";"South";"Bengaluru";"43-inch Smart TV";"Electronics";1;25967;"25967";"CUST-51869";"Website"
"UK-2026-100249";"2026-01-02";"South";"Chennai";"Football Size 5";"Sports";4;858;"3432";"CUST-41204";"Website"
"UK-2026-101557";"2026-03-03";"East";"Patna";"Wireless Earbuds Pro";"Electronics";1;2991;"2991";"CUST-70166";"App"
"UK-2026-101168";"2026-02-08";"West";"Pune";"Formal Shirt";"Fashion";3;1148;"3444";"CUST-55633";"App"
"UK-2026-100594";"2026-01-21";"West";"Ahmedabad";"Electric Kettle 1.5L";"Home & Kitchen";1;1056;"1056";"CUST-18701";"Website"
"UK-2026-104965";"2026-06-20";"Central";"Bhopal";"Electric Kettle 1.5L";"Home & Kitchen";3;1148;"3444";"CUST-19149";"Website"
"UK-2026-100907";"2026-02-13";"North";"Delhi";"Running Sneakers";"Fashion";2;2899;"5798";"CUST-77406";"App"
"UK-2026-103192";"2026-05-15";"North";"Noida";"Robot Vacuum R7";"Home & Kitchen";2;19759;"39518";"CUST-62925";"Website"
"UK-2026-103990";"2026-05-03";"South";"Bengaluru";"Non-Stick Cookware Set";"Home & Kitchen";1;3026;"3026";"CUST-14031";"Website"
"UK-2026-101783";"2026-03-21";"West";"Surat";"Denim Jacket";"Fashion";2;2262;"4524";"CUST-14327";"App"
"UK-2026-102464";"2026-04-29";"West";"Ahmedabad";"Noise-Cancelling Headphones";"Electronics";2;9114;"18228";"CUST-64477";"App"
"UK-2026-102149";"2026-03-11";"South";"Hyderabad";"Cricket Bat English Willow";"Sports";2;8668;"17336";"CUST-62732";"Website"
"UK-2026-100476";"2026-01-25";"South";"CHENNAI";"Cycling Helmet";"Sports";1;1588;"1588";"CUST-64946";"App"
"UK-2026-102514";"2026-04-11";"North";"Chandigarh";"43-inch Smart TV";"Electronics";1;26146;"26146";"CUST-87060";"Marketplace"
"UK-2026-104882";"2026-06-19";"South";"Kochi";"Leather Wallet";"Fashion";1;890;"890";"CUST-40273";"Marketplace"
"UK-2026-100583";"2026-01-21";"North";"Chandigarh";"Face Wash Combo";"Beauty";1;462;"462";"CUST-38137";"App"
"UK-2026-103501";"2026-05-13";"South";"Bengaluru";"Power Bank 20000mAh";"Electronics";1;1772;"1772.00";"CUST-64946";"Website"
"UK-2026-101004";"2026-02-11";"South";"Hyderabad";"Dinner Set 24pc";"Home & Kitchen";2;2442;"4884";"CUST-93992";"Marketplace"
"UK-2026-103202";"2026-05-20";"North";"Noida";"Ultrabook Air 14";"Electronics";2;29865;"59730";"CUST-67906";"Marketplace"
"UK-2026-102182";"2026-03-29";"Central";"Raipur";"Dinner Set 24pc";"Home & Kitchen";2;2567;"5134";"CUST-18730";"App"
"UK-2026-101736";"2026-03-12";"North";"Gurugram";"Wireless Earbuds Pro";"Electronics";1;2907;"2907";"CUST-61396";"App"
"UK-2026-104217";"2026-06-26";"South";"Bengaluru";"Ethnic Dupatta";"Fashion";1;487;"487";"CUST-59967";"App"
"UK-2026-103315";"2026-05-12";"West";"Ahmedabad";"Denim Jacket";"Fashion";1;2220;"2220";"CUST-70121";"Website"
"UK-2026-104611";"2026-06-23";"South";"Hyderabad";"Wireless Earbuds Pro";"Electronics";1;3097;"3097";"CUST-95643";"Marketplace"
"UK-2026-100165";"2026-01-30";"North";"Noida";"Foldable Treadmill T2";"Sports";1;25923;"25923";"CUST-18701";"Website"
"UK-2026-103253";"2026-05-08";"South";"Chennai";"Cotton Kurta Set";"Fashion";2;1341;"2682";"CUST-92390";"Website"
"UK-2026-104742";"2026-06-04";"South";"Hyderabad";"Bluetooth Speaker Mini";"Electronics";1;1481;"1481";"CUST-91360";"Marketplace"
"UK-2026-101319";"2026-02-19";"West";"Ahmedabad";"Mixer Grinder 750W";"Home & Kitchen";1;3434;"3434";"CUST-67196";"Website"
"UK-2026-100811";"2026-02-19";"South";"BLR";"Bluetooth Speaker Mini";"Electronics";1;1489;"1489";"CUST-22587";"App"
"UK-2026-104067";"2026-06-04";"North";"Delhi";"Smart Watch X2";"Electronics";1;4694;"4694";"CUST-90644";"Marketplace"
"UK-2026-100482";"2026-01-23";"South";"Hyderabad";"Badminton Racket Set";"Sports";1;2394;"2394";"CUST-40728";"App"
"UK-2026-101167";"2026-02-16";"South";"Kochi";"Denim Jacket";"Fashion";1;2296;"2296";"CUST-31833";"Marketplace"
"UK-2026-100109";"2026-01-28";"North";"Noida";"Smart Watch X2";"Electronics";1;4630;"4630";"CUST-85247";"Marketplace"
"UK-2026-104252";"2026-06-16";"North";"Chandigarh";"Foldable Treadmill T2";"Sports";2;24702;"49404";"CUST-93721";"Marketplace"
"UK-2026-100414";"2026-01-07";"West";"Pune";"Mirrorless Camera Lite";"Electronics";2;28050;"56100";"CUST-71133";"App"
"UK-2026-100496";"2026-01-05";"East";"Kolkata";"Ethnic Dupatta";"Fashion";1;496;"496";"CUST-25530";"App"
"UK-2026-101365";"2026-02-27";"North";"Noida";"Adjustable Dumbbells 15kg";"Sports";1;5121;"5121";"CUST-84465";"Website"
"UK-2026-102385";"2026-04-25";"South";"Hyderabad";"Leather Wallet";"Fashion";1;921;"921";"CUST-48329";"Marketplace"
"UK-2026-102762";"2026-04-29";"North";"Chandigarh";"Silk Saree";"Fashion";1;3361;"3361";"CUST-74422";"App"
"UK-2026-101130";"2026-02-22";"East";"Patna";"Football Size 5";"Sports";1;880;"880";"CUST-84213";"Website"
"UK-2026-101044";"2026-02-07";"North";"Gurugram";"Mixer Grinder 750W";"Home & Kitchen";1;3318;"3318";"CUST-80614";"Marketplace"
"UK-2026-102651";"2026-04-15";"South";"Hyderabad";"Cotton Kurta Set";"Fashion";2;1273;"2546";"CUST-55421";"App"
"UK-2026-104955";"2026-06-04";"North";"New Delhi";"Bluetooth Speaker Mini";"Electronics";1;1543;"1543";"CUST-72559";"Website"
"UK-2026-100327";"2026-01-31";"South";"Chennai";"Mirrorless Camera Lite";"Electronics";1;29969;"29969";"CUST-91848";"App"
"UK-2026-104995";"2026-06-15";"East";"Guwahati";"Bluetooth Speaker Mini";"Electronics";1;1539;"1539";"CUST-67582";"Website"
"UK-2026-100167";"2026-01-04";"Central";"Indore";"43-inch Smart TV";"Electronics";1;24952;"24952";"CUST-50032";"Marketplace"
"UK-2026-104231";"2026-06-30";"North";"Chandigarh";"Sunscreen SPF50";"Beauty";1;566;"566";"CUST-22294";"App"
"UK-2026-102611";"2026-04-10";"West";"Mumbai";"Slim Fit Jeans";"Fashion";1;1609;"1609";"CUST-37452";"Website"
"UK-2026-102962";"2026-04-29";"North";"Gurugram";"Air Fryer 5L";"Home & Kitchen";1;5582;"5582";"CUST-79817";"App"
"UK-2026-101489";"2026-03-13";"West";"Pune";"Beard Grooming Kit";"Beauty";1;963;"963";"CUST-36423";"Website"
"UK-2026-101287";"2026-02-01";"South";"Hyderabad";"Vitamin C Serum";"Beauty";1;731;"731";"CUST-59817";"App"
"UK-2026-104499";"2026-06-26";"West";"Pune";"Ethnic Dupatta";"Fashion";2;494;"988";"CUST-69095";"App"
"UK-2026-104481";"2026-06-17";"East";"Bhubaneswar";"Beard Grooming Kit";"Beauty";1;955;"955";"CUST-32235";"App"
"UK-2026-100589";"2026-01-24";"Central";"Bhopal";"Bluetooth Speaker Mini";"Electronics";2;1568;"3136";"CUST-58891";"App"
"UK-2026-101586";"2026-03-28";"West";"Ahmedabad";"Badminton Racket Set";"Sports";1;2448;"2448";"CUST-61337";"App"
"UK-2026-100386";"2026-01-08";"South";"Kochi";"Makeup Brush Set";"Beauty";1;1309;"1309";"CUST-78946";"Website"
"UK-2026-101782";"2026-03-01";"North";"Delhi";"Ionic Hair Dryer";"Beauty";2;1973;"3946.00";"CUST-52703";"App"
"UK-2026-102589";"2026-04-08";"South";"Kochi";"43-inch Smart TV";"Electronics";2;27223;"54446";"CUST-83235";"Website"
"UK-2026-103259";"2026-05-18";"South";"Hyderabad";"Vitamin C Serum";"Beauty";1;696;"696";"CUST-25184";"App"
"UK-2026-101519";"2026-03-03";"South";"Kochi";"Football Size 5";"Sports";2;915;"1830";"CUST-92859";"App"
"UK-2026-102311";"2026-04-10";"East";"Calcutta";"Noise-Cancelling Headphones";"Electronics";1;9024;"9024";"CUST-66865";"App"
"UK-2026-101604";"2026-03-20";"South";"Chennai";"Makeup Brush Set";"Beauty";2;1241;"2482";"CUST-51386";"App"
"UK-2026-101370";"2026-02-08";"South";"Hyderabad";"Sunscreen SPF50";"Beauty";2;559;"1118";"CUST-73054";"Website"
"UK-2026-104226";"2026-06-03";"East";"Patna";"Eau de Parfum 100ml";"Beauty";1;2019;"2019";"CUST-50133";"Website"
"UK-2026-103447";"2026-05-22";"Central";"Raipur";"Bluetooth Speaker Mini";"Electronics";1;1527;"1527";"CUST-34087";"Marketplace"
"UK-2026-104433";"2026-06-24";"North";"Chandigarh";"Wireless Earbuds Pro";"Electronics";1;3058;"3058";"CUST-51842";"App"
"UK-2026-104352";"2026-06-11";"South";"Bengaluru";"Football Size 5";"Sports";1;915;"915";"CUST-82015";"Website"
"UK-2026-103577";"2026-05-01";"South";"Chennai";"Ultrabook Air 14";"Electronics";1;31266;"31266";"CUST-93940";"Website"
"UK-2026-104616";"2026-06-08";"North";"Delhi";"Cricket Bat English Willow";"Sports";1;9016;"9016";"CUST-39935";"App"
"UK-2026-102736";"2026-04-18";"North";"Chandigarh";"Ethnic Dupatta";"Fashion";1;479;"479";"CUST-29493";"App"
"UK-2026-104034";"2026-06-08";"East";"Guwahati";"Smart Watch X2";"Electronics";2;4666;"9332";"CUST-33772";"Marketplace"
"UK-2026-104269";"2026-06-11";"West";"Mumbai";"Cotton Kurta Set";"Fashion";2;1275;"2550";"CUST-99637";"App"
"UK-2026-103250";"2026-05-01";"South";"Kochi";"Bluetooth Speaker Mini";"Electronics";1;1524;"1524";"CUST-43479";"Marketplace"
"UK-2026-101922";"2026-03-29";"Central";"Raipur";"Matte Lipstick Set";"Beauty";2;873;"1746";"CUST-42366";"Website"
"UK-2026-101011";"2026-02-19";"West";"Ahmedabad";"Cycling Helmet";"Sports";2;1577;"3154";"CUST-24227";"Marketplace"
"UK-2026-103978";"2026-05-15";"West";"Pune";"Ethnic Dupatta";"Fashion";1;486;"486";"CUST-67959";"App"
"UK-2026-104061";"2026-06-25";"West";"Surat";"Smart Watch X2";"Electronics";1;4376;"4376";"CUST-67482";"Website"
"UK-2026-100192";"2026-01-10";"East";"Patna";"43-inch smart tv";"Electronics";1;24725;"24725";"CUST-93583";"App"
"UK-2026-100943";"2026-02-09";"West";"Ahmedabad";"Makeup Brush Set";"Beauty";2;1264;"2528";"CUST-88545";"App"
"UK-2026-104167";"2026-06-25";"West";"Surat";"Ultrabook Air 14";"Electronics";2;28622;"57244";"CUST-78811";"App"
"UK-2026-100209";"2026-01-04";"West";"Surat";"Gym Gloves";"Sports";2;484;"968";"CUST-48113";"App"
"UK-2026-104972";"2026-06-02";"South";"Chennai";"Silk Saree";"Fashion";2;3647;"7294";"CUST-76106";"App"
"UK-2026-102267";"2026-04-12";"South";"Kochi";"Robot Vacuum R7";"Home & Kitchen";1;19371;"19371";"CUST-16732";"Website"
"UK-2026-101350";"2026-02-16";"Central";"Indore";"Bluetooth Speaker Mini";"Electronics";4;1481;"5924";"CUST-64826";"Website"
"UK-2026-100805";"2026-02-14";"East";"Kolkata";"43-inch Smart TV";"Electronics";2;25915;"51830";"CUST-80961";"Marketplace"
"UK-2026-100955";"2026-02-13";"East";"Patna";"43-inch smart tv";"Electronics";2;24725;"49450";"CUST-99939";"Website"
"UK-2026-104833";"2026-06-12";"South";"Hyderabad";"43-inch Smart TV";"Electronics";2;24774;"49548";"CUST-26785";"Marketplace"
"UK-2026-101628";"2026-03-05";"West";"Surat";"Air Fryer 5L";"Home & Kitchen";1;5547;"5547";"CUST-13883";"Website"
"UK-2026-100642";"2026-01-04";"North";"Noida";"Dinner Set 24pc";"Home & Kitchen";1;2469;"2469";"CUST-34600";"App"
"UK-2026-100189";"2026-01-12";"South";"Chennai";"Slim Fit Jeans";"Fashion";1;1620;"1620";"CUST-25966";"Website"
"UK-2026-100996";"2026-02-11";"South";"Kochi";"Cotton Bedsheet Set";"Home & Kitchen";1;1379;"1379";"CUST-65228";"App"
"UK-2026-102854";"2026-04-20";"West";"Mumbai";"Adjustable Dumbbells 15kg";"Sports";1;4937;"4937";"CUST-82084";"Website"
"UK-2026-100655";"2026-01-24";"East";"Patna";"Vitamin C Serum";"Beauty";3;675;"2025";"CUST-91822";"App"
"UK-2026-101818";"2026-03-07";"Central";"Nagpur";"Football Size 5";"Sports";1;926;"926";"CUST-12486";"App"
"UK-2026-100494";"2026-01-13";"North";"Delhi";"Non-Stick Cookware Set";"Home & Kitchen";2;2775;"5550";"CUST-43614";"Website"
"UK-2026-101918";"2026-03-08";"South";"Kochi";"Ultrabook Air 14";"Electronics";2;30849;"61698";"CUST-12622";"App"
"UK-2026-103190";"2026-05-24";"South";"Chennai";"Bluetooth Speaker Mini";"Electronics";1;1430;"1430.00";"CUST-48213";"Marketplace"
"UK-2026-104914";"2026-06-30";"South";"Hyderabad";"Wireless Earbuds Pro";"Electronics";1;2963;"2963";"CUST-11985";"Website"
"UK-2026-101911";"2026-03-21";"West";"Ahmedabad";"Cotton Bedsheet Set";"Home & Kitchen";1;1442;"1442";"CUST-16451";"Marketplace"
"UK-2026-100722";"2026-02-23";"South";"Bengaluru";"Formal Shirt";"Fashion";1;1069;"1069";"CUST-58470";"App"
"UK-2026-104922";"2026-06-01";"South";"Hyderabad";"Air Fryer 5L";"Home & Kitchen";1;5630;"5630";"CUST-66585";"Website"
"UK-2026-100149";"2026-01-14";"South";"Kochi";"Foldable Treadmill T2";"Sports";1;24461;"24461";"CUST-24182";"Marketplace"
"UK-2026-104752";"2026-06-04";"East";"Guwahati";"43-inch Smart TV";"Electronics";2;26502;"53004";"CUST-19109";"App"
"UK-2026-103400";"2026-05-08";"South";"Kochi";"Air Fryer 5L";"Home & Kitchen";2;5695;"11390";"CUST-87829";"App"
"UK-2026-100915";"2026-02-10";"South";"Chennai";"Makeup Brush Set";"Beauty";2;1242;"2484";"CUST-48510";"Website"
"UK-2026-103385";"2026-05-10";"Central";"Nagpur";"Cycling Helmet";"Sports";1;1661;"1661";"CUST-90596";"App"
"UK-2026-102027";"2026-03-31";"Central";"Raipur";"Leather Wallet";"Fashion";1;913;"913";"CUST-85905";"Website"
"UK-2026-102787";"2026-04-09";"South";"Chennai";"Air Fryer 5L";"Home & Kitchen";1;5390;"5390";"CUST-45096";"Website"
"UK-2026-103590";"2026-05-06";"South";"Bengaluru";"Air Fryer 5L";"Home & Kitchen";1;5560;"5560";"CUST-76693";"Marketplace"
"UK-2026-103824";"2026-05-31";"Central";"Nagpur";"Matte Lipstick Set";"Beauty";1;936;"936";"CUST-22571";"Website"
"UK-2026-104103";"2026-06-26";"West";"Pune";"Matte Lipstick Set";"Beauty";2;929;"1858";"CUST-33166";"App"
"UK-2026-103496";"2026-05-06";"South";"Kochi";"Football Size 5";"Sports";1;898;"898";"CUST-27420";"App"
"UK-2026-103416";"2026-05-20";"West";"Pune";"Formal Shirt";"Fashion";1;1139;"1139";"CUST-97931";"Website"
"UK-2026-102465";"2026-04-26";"South";"Kochi";"Dinner Set 24pc";"Home & Kitchen";1;2553;"2553";"CUST-35544";"App"
"UK-2026-102231";"2026-03-10";"South";"Kochi";"Electric Kettle 1.5L";"Home & Kitchen";1;1151;"1151";"CUST-38961";"App"
"UK-2026-104828";"2026-06-20";"North";"Chandigarh";"Robot Vacuum R7";"Home & Kitchen";4;18521;"74084";"CUST-78196";"Website"
"UK-2026-100744";"2026-02-28";"Central";"Raipur";"Yoga Mat Pro";"Sports";1;1237;"1237";"CUST-35792";"Marketplace"
"UK-2026-101230";"2026-02-24";"East";"Patna";"Air Fryer 5L";"Home & Kitchen";1;5741;"5741";"CUST-76139";"Website"
"UK-2026-104884";"2026-06-16";"South";"Bangalore";"Football Size 5";"Sports";1;874;"874";"CUST-18075";"App"
"UK-2026-104721";"2026-06-14";"South";"Kochi";"Ethnic Dupatta";"Fashion";1;493;"493";"CUST-34724";"Website"
"UK-2026-104208";"2026-06-26";"West";"Mumbai";"Badminton Racket Set";"Sports";2;2500;"5000";"CUST-29365";"App"
"UK-2026-100199";"2026-01-26";"North";"Chandigarh";"Air Fryer 5L";"Home & Kitchen";2;5462;"10924";"CUST-86137";"App"
"UK-2026-102663";"2026-04-05";"South";"Chennai";"Ionic Hair Dryer";"Beauty";1;1853;"1853";"CUST-14585";"Marketplace"
"UK-2026-104591";"2026-06-19";"West";"Pune";"Leather Wallet";"Fashion";1;931;"931";"CUST-75840";"Marketplace"
"UK-2026-101892";"2026-03-03";"South";"Bengaluru";"Dinner Set 24pc";"Home & Kitchen";2;2515;"5030";"CUST-36283";"App"
"UK-2026-103519";"2026-05-06";"West";"Ahmedabad";"Slim Fit Jeans";"Fashion";1;1654;"1654";"CUST-30533";"Website"
"UK-2026-101087";"2026-02-08";"East";"Bhubaneswar";"Noise-Cancelling Headphones";"Electronics";1;8755;"8755";"CUST-38137";"Website"
"UK-2026-101771";"2026-03-01";"South";"Kochi";"43-inch Smart TV";"Electronics";1;25250;"25250";"CUST-34744";"App"
"UK-2026-104905";"2026-06-10";"North";"Noida";"Beard Grooming Kit";"Beauty";2;1044;"2088";"CUST-58431";"Website"
"UK-2026-104851";"2026-06-27";"West";"Pune";"Adjustable Dumbbells 15kg";"Sports";1;4799;"4799";"CUST-44429";"Marketplace"
"UK-2026-102540";"2026-04-30";"South";"Chennai";"Air Fryer 5L";"Home & Kitchen";1;5303;"5303";"CUST-67447";"App"
"UK-2026-104575";"2026-06-02";"South";"Hyderabad";"adjustable dumbbells 15kg";"Sports";2;5030;"10060";"CUST-63925";"App"
"UK-2026-101896";"2026-03-29";"Central";"Indore";"Robot Vacuum R7";"Home & Kitchen";1;19303;"19303";"CUST-29365";"Website"
"UK-2026-100102";"2026-01-02";"East";"Guwahati";"Wireless Earbuds Pro";"Electronics";1;3069;"3069";"CUST-96093";"Website"
"UK-2026-102461";"2026-04-15";"Central";"Indore";"Badminton Racket Set";"Sports";2;2509;"5018";"CUST-45549";"Website"
"UK-2026-101965";"2026-03-06";"South";"Chennai";"Cotton Bedsheet Set";"Home & Kitchen";2;1350;"2700";"CUST-43614";"Marketplace"
"UK-2026-102207";"2026-03-30";"North";"Gurugram";"Football Size 5";"Sports";1;909;"909";"CUST-18388";"Marketplace"
"UK-2026-100450";"2026-01-13";"South";"Hyderabad";"Cotton Bedsheet Set";"Home & Kitchen";1;1440;"1440";"CUST-62513";"App"
"UK-2026-101895";"2026-03-04";"West";"Surat";"Cotton Kurta Set";"Fashion";1;1350;"1350";"CUST-55747";"Website"
"UK-2026-100674";"2026-01-05";"South";"Kochi";"Matte Lipstick Set";"Beauty";1;940;"940";"CUST-33931";"Marketplace"
"UK-2026-101270";"2026-02-15";"North";"Gurugram";"Vitamin C Serum";"Beauty";1;723;"723";"CUST-19676";"Marketplace"
"UK-2026-104295";"2026-06-19";"West";"Mumbai";"Cotton Kurta Set";"Fashion";1;1284;"1284";"CUST-62845";"App"
"UK-2026-100756";"2026-02-18";"East";"Guwahati";"Eau de Parfum 100ml";"Beauty";1;1938;"1938";"CUST-19494";"App"
"UK-2026-102893";"2026-04-30";"South";"Bengaluru";"Ethnic Dupatta";"Fashion";1;477;"477";"CUST-95522";"App"
"UK-2026-100087";"2026-01-15";"North";"Delhi";"Makeup Brush Set";"Beauty";2;1319;"2638";"CUST-75418";"App"
"UK-2026-102961";"2026-04-11";"West";"Mumbai";"Bluetooth Speaker Mini";"Electronics";2;1538;"3076";"CUST-79947";"App"
"UK-2026-102774";"2026-04-18";"South";"Bengaluru";"Mixer Grinder 750W";"Home & Kitchen";1;3138;"3138";"CUST-44429";"Website"
"UK-2026-102472";"2026-04-05";"West";"Mumbai";"Cycling Helmet";"Sports";1;1614;"1614";"CUST-44429";"App"
"UK-2026-102205";"2026-03-12";"South";"Bengaluru";"43-inch Smart TV";"Electronics";1;25491;"25491";"CUST-36790";"Website"
"UK-2026-101671";"2026-03-25";"Central";"Nagpur";"CYCLING HELMET";"Sports";1;1522;"1522";"CUST-91140";"Marketplace"
"UK-2026-104947";"2026-06-01";"South";"Hyderabad";"Robot Vacuum R7";"Home & Kitchen";1;18848;"18848";"CUST-29216";"App"
"UK-2026-104918";"2026-06-19";"North";"Delhi";"Adjustable Dumbbells 15kg";"Sports";1;4766;"4766";"CUST-48085";"App"
"UK-2026-102804";"2026-04-24";"North";"Noida";"Football Size 5";"Sports";1;887;"887";"CUST-62502";"Marketplace"
"UK-2026-101634";"2026-03-09";"West";"Ahmedabad";"Robot Vacuum R7";"Home & Kitchen";2;18880;"37760";"CUST-83825";"App"
"UK-2026-103580";"2026-05-06";"Central";"Nagpur";"Yoga Mat Pro";"Sports";2;1234;"2468";"CUST-16079";"Marketplace"
"UK-2026-103678";"2026-05-23";"South";"Chennai";"Denim Jacket";"Fashion";1;2161;"2161";"CUST-34178";"App"
"UK-2026-104515";"2026-06-11";"East";"Kolkata";"Electric Kettle 1.5L";"Home & Kitchen";1;1152;"1152";"CUST-49206";"App"
"UK-2026-104879";"2026-06-19";"North";"Delhi";"Noise-Cancelling Headphones";"Electronics";1;9044;"9044";"CUST-84379";"Marketplace"
"UK-2026-100197";"2026-01-25";"South";"Hyderabad";"Sunscreen SPF50";"Beauty";1;566;"566";"CUST-29105";"Website"
"UK-2026-100025";"2026-01-07";"South";"Bengaluru";"Formal Shirt";"Fashion";1;1097;"1097";"CUST-35550";"App"
"UK-2026-101559";"2026-03-21";"South";"Bengaluru";"Cricket Bat English Willow";"Sports";2;9036;"18072";"CUST-71148";"Marketplace"
"UK-2026-102729";"2026-04-05";"South";"Bengaluru";"Cotton Kurta Set";"Fashion";2;1270;"2540";"CUST-23572";"Marketplace"
"UK-2026-102003";"2026-03-23";"North";"Delhi";"Cotton Bedsheet Set";"Home & Kitchen";1;1443;"1443";"CUST-59026";"Website"
"UK-2026-104795";"2026-06-28";"East";"Bhubaneswar";"Ethnic Dupatta";"Fashion";1;496;"496";"CUST-62517";"App"
"UK-2026-100660";"2026-01-03";"North";"New Delhi";"Slim Fit Jeans";"Fashion";1;1528;"1528";"CUST-96182";"Website"
"UK-2026-103278";"2026-05-22";"South";"Bengaluru";"Vitamin C Serum";"Beauty";2;720;"1440";"CUST-46257";"Website"
"UK-2026-104317";"2026-06-07";"North";"Delhi";"Mirrorless Camera Lite";"Electronics";1;30294;"30294";"CUST-85856";"Marketplace"
"UK-2026-101385";"2026-02-06";"North";"Delhi";"Face Wash Combo";"Beauty";2;447;"894";"CUST-37635";"Marketplace"
"UK-2026-102971";"2026-04-25";"East";"Patna";"Gym Gloves";"Sports";1;502;"502";"CUST-59658";"Marketplace"
"UK-2026-103743";"2026-05-03";"South";"Hyderabad";"Ethnic Dupatta";"Fashion";1;478;"478";"CUST-14722";"App"
"UK-2026-104902";"2026-06-08";"Central";"Raipur";"Adjustable Dumbbells 15kg";"Sports";1;5135;"5135";"CUST-98462";"Website"
"UK-2026-102954";"2026-04-20";"North";"Delhi";"43-inch Smart TV";"Electronics";2;26676;"53352";"CUST-83782";"App"
"UK-2026-102785";"2026-04-11";"West";"Ahmedabad";"43-inch Smart TV";"Electronics";1;24738;"24738";"CUST-28764";"Marketplace"
"UK-2026-104115";"2026-06-27";"North";"Chandigarh";"Silk Saree";"Fashion";2;3520;"7040";"CUST-67719";"App"
"UK-2026-101088";"2026-02-21";"South";"Hyderabad";"Non-Stick Cookware Set";"Home & Kitchen";1;2844;"2844";"CUST-34115";"App"
"UK-2026-100019";"2026-01-01";"South";"Hyderabad";"Silk Saree";"Fashion";2;3509;"7018.00";"CUST-67196";"Marketplace"
"UK-2026-100902";"2026-02-06";"North";"Gurugram";"Ultrabook Air 14";"Electronics";1;29147;"29147";"CUST-72138";"App"
"UK-2026-100173";"2026-01-28";"North";"Noida";"Denim Jacket";"Fashion";1;2169;"2169";"CUST-14967";"App"
"UK-2026-102781";"2026-04-25";"West";"Mumbai";"Mirrorless Camera Lite";"Electronics";3;28308;"84924";"CUST-96054";"Website"
"UK-2026-104284";"2026-06-12";"South";"Hyderabad";"Ultrabook Air 14";"Electronics";1;30129;"30129";"CUST-82174";"Marketplace"
"UK-2026-101808";"2026-03-14";"North";"Chandigarh";"Ultrabook Air 14";"Electronics";1;31207;"31207";"CUST-21961";"Website"
"UK-2026-102033";"2026-03-31";"East";"Guwahati";"Makeup Brush Set";"Beauty";1;1340;"1340";"CUST-32711";"Website"
"UK-2026-100661";"2026-01-01";"North";"Noida";"Modern Wall Clock";"Home & Kitchen";1;763;"763";"CUST-33520";"App"
"UK-2026-101173";"2026-02-06";"East";"Kolkata";"Smart Watch X2";"Electronics";1;4593;"4593";"CUST-91591";"Marketplace"
"UK-2026-102984";"2026-04-17";"North";"Noida";"Noise-Cancelling Headphones";"Electronics";1;8609;"8609";"CUST-31307";"App"
"UK-2026-101215";"2026-02-02";"Central";"Bhopal";"Wireless Earbuds Pro";"Electronics";2;2881;"5762";"CUST-91591";"Website"
"UK-2026-101478";"2026-03-13";"Central";"Nagpur";"Noise-Cancelling Headphones";"Electronics";1;8819;"8819";"CUST-12192";"Marketplace"
"UK-2026-101356";"2026-02-19";"South";"Kochi";"Formal Shirt";"Fashion";1;1073;"1073";"CUST-54642";"Website"
"UK-2026-103835";"2026-05-12";"North";"Chandigarh";"Dinner Set 24pc";"Home & Kitchen";1;2448;"2448";"CUST-10893";"Website"
"UK-2026-103354";"2026-05-14";"Central";"Indore";"Matte Lipstick Set";"Beauty";2;868;"1736";"CUST-35817";"App"
"UK-2026-103744";"2026-05-31";"West";"Surat";"Eau de Parfum 100ml";"Beauty";1;1963;"1963";"CUST-22667";"Marketplace"
"UK-2026-100908";"2026-02-22";"East";"Kolkata";"Cotton Bedsheet Set";"Home & Kitchen";1;1403;"1403";"CUST-95633";"Website"
"UK-2026-102933";"2026-04-20";"North";"Chandigarh";"Mirrorless Camera Lite";"Electronics";2;30217;"60434";"CUST-71217";"Marketplace"
"UK-2026-103407";"2026-05-08";"South";"Hyderabad";"Power Bank 20000mAh";"Electronics";2;1811;"3622";"CUST-20011";"App"
"UK-2026-100749";"2026-02-19";"Central";"Indore";"Air Fryer 5L";"Home & Kitchen";1;5583;"5583";"CUST-95261";"App"
"UK-2026-101083";"2026-02-18";"South";"Kochi";"Leather Wallet";"Fashion";1;938;"938";"CUST-69685";"App"
"UK-2026-103355";"2026-05-19";"West";"Pune";"Smart Watch X2";"Electronics";2;4497;"8994";"CUST-13398";"App"
"UK-2026-103282";"2026-05-29";"South";"Chennai";"Beard Grooming Kit";"Beauty";1;1012;"1012";"CUST-48510";"App"
"UK-2026-100486";"2026-01-09";"North";"Delhi";"Air Fryer 5L";"Home & Kitchen";1;5725;"5725";"CUST-26860";"Website"
"UK-2026-104692";"2026-06-11";"West";"Ahmedabad";"Wireless Earbuds Pro";"Electronics";1;2952;"2952";"CUST-23406";"App"
"UK-2026-103884";"2026-05-26";"East";"Guwahati";"Bluetooth Speaker Mini";"Electronics";1;1456;"1456";"CUST-14093";"Marketplace"
"UK-2026-102910";"2026-04-19";"North";"Gurugram";"Foldable Treadmill T2";"Sports";1;25665;"25665";"CUST-97730";"Website"
"UK-2026-102497";"2026-04-04";"South";"Hyderabad";"43-inch Smart TV";"Electronics";1;25800;"25800";"CUST-92859";"Website"
"UK-2026-104773";"2026-06-10";"North";"Gurugram";"Wireless Earbuds Pro";"Electronics";2;3016;"6032";"CUST-45131";"App"
"UK-2026-102996";"2026-04-24";"East";"Kolkata";"Gym Gloves";"Sports";1;494;"494";"CUST-39190";"Website"
"UK-2026-104657";"2026-06-01";"North";"Noida";"Formal Shirt";"Fashion";1;1116;"1116";"CUST-65513";"App"
"UK-2026-101716";"2026-03-16";"North";"Chandigarh";"Noise-Cancelling Headphones";"Electronics";2;9033;"18066";"CUST-83402";"App"
"UK-2026-101159";"2026-02-17";"South";"Kochi";"Noise-Cancelling Headphones";"Electronics";2;8733;"17466";"CUST-95553";"Website"
"UK-2026-100658";"2026-01-06";"West";"Pune";"Gym Gloves";"Sports";1;491;"491";"CUST-44575";"Website"
"UK-2026-100763";"2026-02-13";"North";"Gurugram";"Power Bank 20000mAh";"Electronics";1;1738;"1738";"CUST-82145";"Website"
"UK-2026-104735";"2026-06-10";"West";"Pune";"Eau de Parfum 100ml";"Beauty";1;2060;"2060";"CUST-23181";"App"
"UK-2026-100337";"2026-01-24";"Central";"Raipur";"Bluetooth Speaker Mini";"Electronics";1;1509;"1509";"CUST-20211";"App"
"UK-2026-102281";"2026-04-07";"East";"Bhubaneswar";"Mixer Grinder 750W";"Home & Kitchen";1;3348;"3348";"CUST-46248";"App"
"UK-2026-100706";"2026-01-06";"North";"Gurugram";"Electric Kettle 1.5L";"Home & Kitchen";1;1097;"1097";"CUST-15373";"App"
"UK-2026-104891";"2026-06-29";"South";"Kochi";"Cotton Bedsheet Set";"Home & Kitchen";2;1341;"2682";"CUST-89525";"Marketplace"
"UK-2026-101238";"2026-02-03";"South";"Bengaluru";"Air Fryer 5L";"Home & Kitchen";1;5555;"5555";"CUST-67018";"Website"
"UK-2026-101266";"2026-02-27";"North";"Delhi";"Slim Fit Jeans";"Fashion";1;1669;"1669";"CUST-74581";"App"
"UK-2026-101959";"2026-03-26";"North";"Delhi";"Non-Stick Cookware Set";"Home & Kitchen";1;2964;"2964";"CUST-97882";"App"
"UK-2026-104296";"2026-06-19";"West";"Ahmedabad";"Face Wash Combo";"Beauty";1;433;"433";"CUST-93268";"App"
"UK-2026-104511";"2026-06-25";"East";"Guwahati";"Smart Watch X2";"Electronics";1;4583;"4583";"CUST-34002";"Website"
"UK-2026-102765";"2026-04-01";"North";"Noida";"Ultrabook Air 14";"Electronics";1;29223;"29223";"CUST-35962";"Website"
"UK-2026-102171";"2026-03-17";"North";"Gurugram";"Air Fryer 5L";"Home & Kitchen";1;5691;"5691";"CUST-86988";"Website"
"UK-2026-101030";"2026-02-20";"Central";"Indore";"Formal Shirt";"Fashion";2;1098;"2196";"CUST-14093";"Website"
"UK-2026-100411";"2026-01-17";"East";"Kolkata";"Dinner Set 24pc";"Home & Kitchen";1;2462;"2462";"CUST-39330";"App"
"UK-2026-104057";"2026-06-04";"West";"Ahmedabad";"Power Bank 20000mAh";"Electronics";1;1830;"1830";"CUST-47061";"App"
"UK-2026-104996";"2026-06-08";"West";"Surat";"Power Bank 20000mAh";"Electronics";1;1847;"1847";"CUST-62731";"Marketplace"
"UK-2026-102283";"2026-04-27";"Central";"Raipur";"Noise-Cancelling Headphones";"Electronics";3;8757;"26271";"CUST-47557";"App"
"UK-2026-102590";"2026-04-28";"South";"Bengaluru";"Leather Wallet";"Fashion";1;895;"895";"CUST-24260";"App"
"UK-2026-102197";"2026-03-25";"Central";"Raipur";"Adjustable Dumbbells 15kg";"Sports";2;4777;"9554";"CUST-29756";"App"
"UK-2026-104990";"2026-06-07";"East";"Guwahati";"Ethnic Dupatta";"Fashion";1;487;"487";"CUST-21821";"Website"
"UK-2026-103251";"2026-05-22";"Central";"Nagpur";"Modern Wall Clock";"Home & Kitchen";1;814;"814";"CUST-79034";"Website"
"UK-2026-104640";"2026-06-11";"East";"Bhubaneswar";"Mirrorless Camera Lite";"Electronics";1;28689;"28689";"CUST-79034";"Marketplace"
"UK-2026-100117";"2026-01-16";"South";"Kochi";"Cotton Bedsheet Set";"Home & Kitchen";1;1342;"1342";"CUST-31093";"Website"
"UK-2026-100259";"2026-01-11";"East";"Calcutta";"Bluetooth Speaker Mini";"Electronics";1;1440;"1440";"CUST-95636";"App"
"UK-2026-101294";"2026-02-14";"West";"Ahmedabad";"Silk Saree";"Fashion";1;3667;"3667";"CUST-52034";"App"
"UK-2026-100863";"2026-02-02";"West";"Ahmedabad";"Power Bank 20000mAh";"Electronics";2;1872;"3744";"CUST-48248";"Website"
"UK-2026-104056";"2026-06-26";"North";"Chandigarh";"Gym Gloves";"Sports";2;496;"992";"CUST-31551";"App"
"UK-2026-100622";"2026-01-08";"North";"Noida";"Slim Fit Jeans";"Fashion";1;1674;"1674";"CUST-42942";"Website"
"UK-2026-102957";"2026-04-03";"West";"Mumbai";"Electric Kettle 1.5L";"Home & Kitchen";3;1127;"3381";"CUST-28018";"Marketplace"
"UK-2026-100794";"2026-02-10";"South";"Kochi";"Gym Gloves";"Sports";1;520;"520";"CUST-53888";"Website"
"UK-2026-100103";"2026-01-13";"Central";"Indore";"Leather Wallet";"Fashion";1;925;"925";"CUST-14093";"Website"
"UK-2026-104050";"2026-06-18";"South";"Bengaluru";"Ethnic Dupatta";"Fashion";1;504;"504";"CUST-94568";"App"
"UK-2026-101643";"2026-03-07";"Central";"Nagpur";"Football Size 5";"Sports";1;866;"866";"CUST-51770";"App"
"UK-2026-102586";"2026-04-19";"South";"Hyderabad";"Badminton Racket Set";"Sports";1;2581;"2581";"CUST-67840";"Website"
"UK-2026-103344";"2026-05-08";"South";"Madras";"Running Sneakers";"Fashion";1;2891;"2891";"CUST-94774";"Website"
"UK-2026-101483";"2026-03-17";"North";"Chandigarh";"Mirrorless Camera Lite";"Electronics";1;28908;"28908";"CUST-22637";"App"
"UK-2026-104410";"2026-06-06";"South";"Hyderabad";"Ultrabook Air 14";"Electronics";1;29606;"29606";"CUST-68449";"App"
"UK-2026-101952";"2026-03-28";"South";"Bengaluru";"Formal Shirt";"Fashion";1;1048;"1048";"CUST-66870";"App"
"UK-2026-101863";"2026-03-31";"West";"Ahmedabad";"Ethnic Dupatta";"Fashion";1;501;"501";"CUST-93130";"Marketplace"
"UK-2026-100924";"2026-02-02";"North";"Noida";"FORMAL SHIRT";"Fashion";1;1118;"1118";"CUST-50032";"Website"
"UK-2026-104649";"2026-06-01";"Central";"Bhopal";"Yoga Mat Pro";"Sports";2;1227;"2454";"CUST-65092";"Website"
"UK-2026-100911";"2026-02-14";"South";"Chennai";"Football Size 5";"Sports";1;909;"909";"CUST-25865";"App"
"UK-2026-101979";"2026-03-19";"East";"Patna";"Leather Wallet";"Fashion";1;875;"875";"CUST-52226";"Marketplace"
"UK-2026-101207";"2026-02-12";"North";"Chandigarh";"Ethnic Dupatta";"Fashion";1;475;"475";"CUST-92956";"Marketplace"
"UK-2026-103365";"2026-05-08";"Central";"Raipur";"Beard Grooming Kit";"Beauty";2;949;"1898";"CUST-71884";"Website"
"UK-2026-100525";"2026-01-24";"North";"Chandigarh";"Power Bank 20000mAh";"Electronics";2;1813;"3626.00";"CUST-29493";"App"
"UK-2026-101249";"2026-02-03";"North";"Delhi";"Formal Shirt";"Fashion";2;1133;"2266";"CUST-36776";"Website"
"UK-2026-101581";"2026-03-09";"Central";"Bhopal";"Denim Jacket";"Fashion";1;2202;"2202";"CUST-42651";"App"
"UK-2026-100649";"2026-01-25";"South";"Hyderabad";"Modern Wall Clock";"Home & Kitchen";1;833;"833";"CUST-58569";"App"
"UK-2026-102139";"2026-03-10";"Central";"Bhopal";"43-inch Smart TV";"Electronics";1;26698;"26698";"CUST-31874";"App"
"UK-2026-102289";"2026-04-07";"North";"Delhi";"Robot Vacuum R7";"Home & Kitchen";1;19614;"19614";"CUST-26159";"Website"
"UK-2026-103582";"2026-05-11";"South";"Kochi";"Non-Stick Cookware Set";"Home & Kitchen";1;2972;"2972";"CUST-50142";"Website"
"UK-2026-102084";"2026-03-11";"Central";"Bhopal";"Ionic Hair Dryer";"Beauty";1;1889;"1889";"CUST-57270";"App"
"UK-2026-103245";"2026-05-18";"North";"Delhi";"Mirrorless Camera Lite";"Electronics";1;29568;"29568";"CUST-67885";"Marketplace"
"UK-2026-103492";"2026-05-06";"South";"BLR";"Air Fryer 5L";"Home & Kitchen";1;5641;"5641";"CUST-32314";"Website"
"UK-2026-102339";"2026-04-15";"North";"Gurugram";"Eau de Parfum 100ml";"Beauty";1;2015;"2015";"CUST-95116";"Website"
"UK-2026-103413";"2026-05-15";"South";"Hyderabad";"Matte Lipstick Set";"Beauty";1;904;"904";"CUST-79620";"App"
"UK-2026-101345";"2026-02-10";"East";"Bhubaneswar";"Robot Vacuum R7";"Home & Kitchen";1;19051;"19051";"CUST-97648";"App"
"UK-2026-102202";"2026-03-13";"Central";"Indore";"Noise-Cancelling Headphones";"Electronics";2;9274;"18548";"CUST-88970";"App"
"UK-2026-104487";"2026-06-05";"South";"Kochi";"Slim Fit Jeans";"Fashion";3;1570;"4710";"CUST-15239";"App"
"UK-2026-104528";"2026-06-20";"North";"Gurugram";"Foldable Treadmill T2";"Sports";1;25232;"25232";"CUST-81041";"Website"
"UK-2026-104665";"2026-06-30";"South";"Kochi";"Gym Gloves";"Sports";1;509;"509";"CUST-83724";"Website"
"UK-2026-101673";"2026-03-15";"North";"Noida";"Noise-Cancelling Headphones";"Electronics";1;8960;"8960";"CUST-44086";"Website"
"UK-2026-101050";"2026-02-15";"North";"Noida";"Denim Jacket";"Fashion";1;2105;"2105";"CUST-39190";"Website"
"UK-2026-101812";"2026-03-08";"West";"Ahmedabad";"Gym Gloves";"Sports";2;506;"1012";"CUST-28764";"Website"
"UK-2026-102220";"2026-03-22";"Central";"Bhopal";"Football Size 5";"Sports";1;890;"890";"CUST-26236";"App"
"UK-2026-103252";"2026-05-21";"North";"Delhi";"Denim Jacket";"Fashion";4;2249;"8996";"CUST-42689";"Marketplace"
"UK-2026-101070";"2026-02-18";"North";"delhi";"Badminton Racket Set";"Sports";1;2596;"2596";"CUST-22664";"Website"
"UK-2026-102900";"2026-04-20";"South";"Kochi";"Denim Jacket";"Fashion";1;2285;"2285";"CUST-80507";"Website"
"UK-2026-101899";"2026-03-30";"North";"Delhi";"Running Sneakers";"Fashion";1;2837;"2837";"CUST-30133";"App"
"UK-2026-101819";"2026-03-26";"South";"Chennai";"Formal Shirt";"Fashion";1;1097;"1097";"CUST-68876";"Marketplace"
"UK-2026-102994";"2026-04-04";"South";"Hyderabad";"Mixer Grinder 750W";"Home & Kitchen";2;3159;"6318";"CUST-12192";"App"
"UK-2026-100828";"2026-02-04";"West";"Mumbai";"Cotton Kurta Set";"Fashion";3;1268;"3804";"CUST-12779";"App"
"UK-2026-103961";"2026-05-30";"West";"Ahmedabad";"Ultrabook Air 14";"Electronics";2;29472;"58944";"CUST-61230";"Website"
"UK-2026-100470";"2026-01-05";"North";"Delhi";"Mixer Grinder 750W";"Home & Kitchen";1;3267;"3267";"CUST-59857";"Website"
"UK-2026-103419";"2026-05-20";"East";"Bhubaneswar";"Running Sneakers";"Fashion";1;2700;"2700";"CUST-32508";"Website"
"UK-2026-100957";"2026-02-22";"North";"Chandigarh";"Makeup Brush Set";"Beauty";1;1310;"1310";"CUST-72290";"Website"
"UK-2026-104386";"2026-06-11";"South";"Chennai";"Cotton Kurta Set";"Fashion";1;1295;"1295";"CUST-91028";"Website"
"UK-2026-101220";"2026-02-22";"South";"Kochi";"Power Bank 20000mAh";"Electronics";1;1868;"1868";"CUST-59817";"App"
"UK-2026-104577";"2026-06-29";"Central";"Bhopal";"Face Wash Combo";"Beauty";1;433;"433";"CUST-45665";"Marketplace"
"UK-2026-101583";"2026-03-25";"Central";"Bhopal";"Non-Stick Cookware Set";"Home & Kitchen";1;2787;"2787";"CUST-28854";"Website"
"UK-2026-104091";"2026-06-07";"North";"Gurugram";"Mixer Grinder 750W";"Home & Kitchen";1;3310;"3310";"CUST-59857";"Website"
"UK-2026-103042";"2026-04-16";"South";"Hyderabad";"Noise-Cancelling Headphones";"Electronics";3;8875;"26625";"CUST-73814";"Marketplace"
"UK-2026-103510";"2026-05-06";"North";"Delhi";"Ultrabook Air 14";"Electronics";2;29523;"59046";"CUST-79537";"Marketplace"
"UK-2026-103067";"2026-04-29";"West";"Pune";"Air Fryer 5L";"Home & Kitchen";1;5454;"5454";"CUST-37749";"App"
"UK-2026-102778";"2026-04-12";"South";"Kochi";"Ethnic Dupatta";"Fashion";1;512;"512";"CUST-51386";"App"
"UK-2026-104222";"2026-06-20";"West";"Pune";"Matte Lipstick Set";"Beauty";2;917;"1834";"CUST-59180";"App"
"UK-2026-100561";"2026-01-27";"South";"Hyderabad";"Running Sneakers";"Fashion";1;2866;"2866";"CUST-89486";"Website"
"UK-2026-102877";"2026-04-21";"North";"Gurugram";"Wireless Earbuds Pro";"Electronics";1;3092;"3092";"CUST-58000";"App"
"UK-2026-100968";"2026-02-04";"South";"Kochi";"Robot Vacuum R7";"Home & Kitchen";1;18488;"18488";"CUST-12622";"App"
"UK-2026-104926";"2026-06-29";"South";"Chennai";"Eau de Parfum 100ml";"Beauty";1;1925;"1925";"CUST-10901";"App"
"UK-2026-103811";"2026-05-12";"South";"Chennai";"Non-Stick Cookware Set";"Home & Kitchen";3;2772;"8316";"CUST-50317";"Website"
"UK-2026-100400";"2026-01-11";"South";"Kochi";"Robot Vacuum R7";"Home & Kitchen";1;19771;"19771";"CUST-16165";"Marketplace"
"UK-2026-100055";"2026-01-20";"West";"Ahmedabad";"Cotton Bedsheet Set";"Home & Kitchen";2;1337;"2674";"CUST-40410";"Website"
"UK-2026-103309";"2026-05-13";"South";"Bengaluru";"Wireless Earbuds Pro";"Electronics";1;3001;"3001";"CUST-95739";"Marketplace"
"UK-2026-100585";"2026-01-12";"East";"Kolkata";"Slim Fit Jeans";"Fashion";2;1553;"3106";"CUST-81709";"Marketplace"
"UK-2026-103913";"2026-05-27";"East";"Patna";"Sunscreen SPF50";"Beauty";4;541;"2164";"CUST-67754";"Website"
"UK-2026-101694";"2026-03-15";"East";"Patna";"Ionic Hair Dryer";"Beauty";1;1887;"1887";"CUST-19611";"Website"
"UK-2026-101897";"2026-03-11";"North";"Chandigarh";"Leather Wallet";"Fashion";1;923;"923";"CUST-10255";"App"
"UK-2026-100266";"2026-01-18";"East";"Bhubaneswar";"Yoga Mat Pro";"Sports";1;1203;"1203";"CUST-66801";"App"
"UK-2026-104546";"2026-06-20";"West";"Ahmedabad";"Sunscreen SPF50";"Beauty";1;576;"576";"CUST-13354";"App"
"UK-2026-101479";"2026-03-13";"South";"Chennai";"Eau de Parfum 100ml";"Beauty";1;2003;"2003";"CUST-18127";"App"
"UK-2026-104695";"2026-06-06";"South";"Kochi";"Power Bank 20000mAh";"Electronics";2;1749;"3498";"CUST-61958";"Marketplace"
"UK-2026-100264";"2026-01-08";"North";"Gurugram";"Ionic Hair Dryer";"Beauty";1;1909;"1909";"CUST-60926";"App"
"UK-2026-102824";"2026-04-01";"South";"Hyderabad";"Ethnic Dupatta";"Fashion";1;482;"482";"CUST-86015";"App"
"UK-2026-103668";"2026-05-25";"South";"Chennai";"Air Fryer 5L";"Home & Kitchen";2;5576;"11152";"CUST-70720";"App"
"UK-2026-100777";"2026-02-19";"North";"Gurugram";"Smart Watch X2";"Electronics";2;4343;"8686";"CUST-58263";"Website"
"UK-2026-100437";"2026-01-28";"West";"Pune";"Adjustable Dumbbells 15kg";"Sports";3;4918;"14754";"CUST-45790";"Website"
"UK-2026-104143";"2026-06-02";"North";"Delhi";"air fryer 5l";"Home & Kitchen";1;5379;"5379";"CUST-15731";"App"
"UK-2026-100268";"2026-01-06";"North";"Chandigarh";"Cycling Helmet";"Sports";1;1627;"1627";"CUST-25821";"Website"
"UK-2026-102430";"2026-04-15";"West";"Ahmedabad";"Air Fryer 5L";"Home & Kitchen";4;5339;"21356";"CUST-67809";"App"
"UK-2026-104997";"2026-06-12";"West";"Pune";"Yoga Mat Pro";"Sports";1;1183;"1183";"CUST-10882";"App"
"UK-2026-101705";"2026-03-08";"East";"Guwahati";"Bluetooth Speaker Mini";"Electronics";2;1553;"3106";"CUST-76695";"Website"
"UK-2026-100950";"2026-02-02";"North";"Noida";"Air Fryer 5L";"Home & Kitchen";1;5619;"5619";"CUST-98099";"App"
"UK-2026-101649";"2026-03-31";"West";"Pune";"Mixer Grinder 750W";"Home & Kitchen";2;3289;"6578";"CUST-82145";"Website"
"UK-2026-104625";"2026-06-15";"Central";"Indore";"Electric Kettle 1.5L";"Home & Kitchen";2;1063;"2126";"CUST-57270";"App"
"UK-2026-104538";"2026-06-02";"North";"Delhi";"Foldable Treadmill T2";"Sports";1;25330;"25330";"CUST-73685";"Website"
"UK-2026-100603";"2026-01-05";"East";"Kolkata";"Cotton Bedsheet Set";"Home & Kitchen";1;1342;"1342";"CUST-39935";"Website"
"UK-2026-103960";"2026-05-24";"West";"Ahmedabad";"Badminton Racket Set";"Sports";1;2457;"2457";"CUST-79537";"Website"
"UK-2026-104901";"2026-06-13";"Central";"Bhopal";"Mirrorless Camera Lite";"Electronics";1;29359;"29359";"CUST-46227";"Website"
"UK-2026-102251";"2026-04-15";"East";"Guwahati";"Wireless Earbuds Pro";"Electronics";1;3144;"3144";"CUST-59933";"Marketplace"
"UK-2026-104366";"2026-06-10";"South";"Chennai";"Wireless Earbuds Pro";"Electronics";1;3117;"3117";"CUST-25372";"App"
"UK-2026-100600";"2026-01-17";"East";"Patna";"Vitamin C Serum";"Beauty";1;720;"720";"CUST-35579";"Marketplace"
"UK-2026-101515";"2026-03-13";"Central";"Bhopal";"Cotton Kurta Set";"Fashion";1;1348;"1348";"CUST-93917";"App"
"UK-2026-101780";"2026-03-14";"West";"Mumbai";"Adjustable Dumbbells 15kg";"Sports";1;4934;"4934";"CUST-23710";"Website"
"UK-2026-101932";"2026-03-10";"West";"Ahmedabad";"Modern Wall Clock";"Home & Kitchen";1;793;"793";"CUST-19502";"App"
"UK-2026-104445";"2026-06-21";"Central";"Nagpur";"Beard Grooming Kit";"Beauty";1;1042;"1042";"CUST-31535";"Website"
"UK-2026-100333";"2026-01-11";"West";"Ahmedabad";"Mixer Grinder 750W";"Home & Kitchen";1;3397;"3397";"CUST-64969";"App"
"UK-2026-102538";"2026-04-10";"East";"Bhubaneswar";"Wireless Earbuds Pro";"Electronics";1;3102;"3102";"CUST-32884";"App"
"UK-2026-102715";"2026-04-21";"North";"Noida";"Air Fryer 5L";"Home & Kitchen";1;5458;"5458";"CUST-46136";"Website"
"UK-2026-102198";"2026-03-20";"West";"Surat";"Power Bank 20000mAh";"Electronics";1;1737;"1737";"CUST-79608";"Website"
"UK-2026-103062";"2026-04-29";"South";"Bengaluru";"Foldable Treadmill T2";"Sports";3;24727;"74181";"CUST-99637";"App"
"UK-2026-100479";"2026-01-21";"West";"Pune";"Ultrabook Air 14";"Electronics";2;29325;"58650";"CUST-86096";"App"
"UK-2026-100128";"2026-01-09";"East";"Bhubaneswar";"Slim Fit Jeans";"Fashion";1;1641;"1641";"CUST-33260";"App"
"UK-2026-101200";"2026-02-06";"North";"Chandigarh";"Formal Shirt";"Fashion";1;1126;"1126";"CUST-24964";"App"
"UK-2026-100238";"2026-01-16";"West";"Mumbai";"Ethnic Dupatta";"Fashion";2;494;"988";"CUST-14581";"App"
"UK-2026-104489";"2026-06-11";"North";"Chandigarh";"Bluetooth Speaker Mini";"Electronics";1;1567;"1567";"CUST-14327";"Marketplace"
"UK-2026-100336";"2026-01-25";"South";"Hyderabad";"Modern Wall Clock";"Home & Kitchen";1;770;"770";"CUST-29303";"App"
"UK-2026-101955";"2026-03-29";"West";"Pune";"Yoga Mat Pro";"Sports";1;1212;"1212";"CUST-29924";"Website"
"UK-2026-103745";"2026-05-12";"North";"Chandigarh";"Wireless Earbuds Pro";"Electronics";3;2871;"8613";"CUST-66848";"Marketplace"
"UK-2026-104244";"2026-06-20";"Central";"Indore";"Eau de Parfum 100ml";"Beauty";2;2030;"4060";"CUST-33222";"App"
"UK-2026-100343";"2026-01-18";"East";"Bhubaneswar";"Denim Jacket";"Fashion";1;2215;"2215";"CUST-60997";"Website"
"UK-2026-101687";"2026-03-22";"South";"Bengaluru";"Gym Gloves";"Sports";1;488;"488";"CUST-35279";"Website"
"UK-2026-100007";"2026-01-23";"East";"Bhubaneswar";"Football Size 5";"Sports";1;887;"887";"CUST-44237";"Website"
"UK-2026-102510";"2026-04-08";"West";"Pune";"Makeup Brush Set";"Beauty";2;1316;"2632";"CUST-35550";"Marketplace"
"UK-2026-100870";"2026-02-22";"North";"Noida";"Bluetooth Speaker Mini";"Electronics";1;1436;"1436";"CUST-66912";"Website"
"UK-2026-100559";"2026-01-11";"North";"Chandigarh";"Non-Stick Cookware Set";"Home & Kitchen";2;2821;"5642";"CUST-49133";"App"
"UK-2026-104825";"2026-06-23";"South";"Kochi";"Gym Gloves";"Sports";1;507;"507";"CUST-33016";"App"
"UK-2026-102754";"2026-04-06";"West";"Surat";"Badminton Racket Set";"Sports";1;2623;"2623";"CUST-55421";"App"
"UK-2026-101989";"2026-03-21";"South";"Chennai";"Robot Vacuum R7";"Home & Kitchen";4;19292;"77168";"CUST-76745";"Website"
"UK-2026-103123";"2026-05-17";"Central";"Raipur";"Sunscreen SPF50";"Beauty";1;572;"572";"CUST-30335";"App"
"UK-2026-103097";"2026-05-13";"East";"Guwahati";"Leather Wallet";"Fashion";1;896;"896";"CUST-59596";"App"
"UK-2026-100832";"2026-02-25";"North";"Gurugram";"Noise-Cancelling Headphones";"Electronics";1;9096;"9096";"CUST-48893";"Website"
"UK-2026-103341";"2026-05-09";"Central";"Bhopal";"Vitamin C Serum";"Beauty";1;696;"696";"CUST-91960";"Marketplace"
"UK-2026-102303";"2026-04-13";"Central";"Nagpur";"Bluetooth Speaker Mini";"Electronics";1;1447;"1447";"CUST-82176";"Marketplace"
"UK-2026-103401";"2026-05-30";"Central";"Indore";"Denim Jacket";"Fashion";2;2286;"4572";"CUST-44762";"App"
"UK-2026-104643";"2026-06-27";"North";"Chandigarh";"Mirrorless Camera Lite";"Electronics";1;28065;"28065";"CUST-16037";"Marketplace"
"UK-2026-100554";"2026-01-04";"South";"Bengaluru";"BEARD GROOMING KIT";"Beauty";1;1007;"1007";"CUST-49686";"App"
"UK-2026-103936";"2026-05-23";"North";"Noida";"Denim Jacket";"Fashion";1;2304;"2304";"CUST-36815";"App"
"UK-2026-104457";"2026-06-05";"North";"Gurugram";"Mirrorless Camera Lite";"Electronics";1;29148;"29148";"CUST-30533";"Marketplace"
"UK-2026-103951";"2026-05-12";"West";"Pune";"Noise-Cancelling Headphones";"Electronics";1;8901;"8901";"CUST-16732";"Marketplace"
"UK-2026-101103";"2026-02-25";"East";"Patna";"Cotton Kurta Set";"Fashion";1;1285;"1285";"CUST-41920";"Website"
"UK-2026-103387";"2026-05-19";"South";"Hyderabad";"Bluetooth Speaker Mini";"Electronics";2;1533;"3066";"CUST-42060";"App"
"UK-2026-102851";"2026-04-08";"East";"Patna";"Face Wash Combo";"Beauty";3;446;"1338";"CUST-91738";"Marketplace"
"UK-2026-102446";"2026-04-29";"South";"Chennai";"Vitamin C Serum";"Beauty";2;682;"1364";"CUST-23349";"Website"
"UK-2026-101491";"2026-03-12";"West";"Bombay";"Silk Saree";"Fashion";2;3346;"6692";"CUST-16210";"App"
"UK-2026-100762";"2026-02-02";"Central";"Raipur";"Adjustable Dumbbells 15kg";"Sports";1;5151;"5151";"CUST-60367";"Website"
"UK-2026-100524";"2026-01-07";"South";"Hyderabad";"Electric Kettle 1.5L";"Home & Kitchen";3;1138;"3414";"CUST-21611";"Website"
"UK-2026-102698";"2026-04-14";"South";"Bengaluru";"Running Sneakers";"Fashion";4;2822;"11288";"CUST-79537";"Website"
"UK-2026-104114";"2026-06-25";"West";"Mumbai";"Formal Shirt";"Fashion";1;1139;"1139";"CUST-41920";"App"
"UK-2026-104818";"2026-06-18";"South";"Kochi";"Wireless Earbuds Pro";"Electronics";1;3074;"3074";"CUST-98648";"Marketplace"
"UK-2026-103940";"2026-05-09";"North";"Delhi";"Yoga Mat Pro";"Sports";2;1256;"2512";"CUST-54678";"Website"
"UK-2026-102809";"2026-04-08";"Central";"Raipur";"Cotton Kurta Set";"Fashion";1;1320;"1320";"CUST-31080";"Website"
"UK-2026-104850";"2026-06-29";"South";"Chennai";"Electric Kettle 1.5L";"Home & Kitchen";2;1144;"2288";"CUST-17985";"App"
"UK-2026-100446";"2026-01-13";"West";"Pune";"Mixer Grinder 750W";"Home & Kitchen";1;3422;"3422";"CUST-31551";"App"
"UK-2026-102964";"2026-04-09";"Central";"Nagpur";"Silk Saree";"Fashion";1;3399;"3399";"CUST-98795";"Website"
"UK-2026-101765";"2026-03-10";"Central";"Raipur";"Ultrabook Air 14";"Electronics";1;30587;"30587";"CUST-87421";"Website"
"UK-2026-104667";"2026-06-29";"East";"Patna";"43-inch Smart TV";"Electronics";2;25041;"50082";"CUST-60343";"Marketplace"
"UK-2026-104178";"2026-06-09";"West";"Surat";"Air Fryer 5L";"Home & Kitchen";4;5278;"21112";"CUST-99008";"Marketplace"
"UK-2026-102143";"2026-03-26";"North";"Chandigarh";"Adjustable Dumbbells 15kg";"Sports";2;5216;"10432";"CUST-34193";"App"
"UK-2026-101001";"2026-02-15";"West";"Mumbai";"Smart Watch X2";"Electronics";2;4617;"9234";"CUST-73612";"Website"
"UK-2026-102973";"2026-04-15";"North";"Delhi";"Ionic Hair Dryer";"Beauty";2;1880;"3760";"CUST-25387";"App"
"UK-2026-102089";"2026-03-29";"West";"Ahmedabad";"Noise-Cancelling Headphones";"Electronics";1;9056;"9056";"CUST-97084";"Website"
"UK-2026-103187";"2026-05-25";"North";"Delhi";"Wireless Earbuds Pro";"Electronics";1;3004;"3004";"CUST-16732";"App"
"UK-2026-102462";"2026-04-16";"North";"Chandigarh";"Running Sneakers";"Fashion";1;2907;"2907";"CUST-95275";"App"
"UK-2026-103565";"2026-05-18";"North";"Delhi";"Slim Fit Jeans";"Fashion";1;1649;"1649";"CUST-28018";"Website"
"UK-2026-101589";"2026-03-29";"South";"Bengaluru";"Cycling Helmet";"Sports";1;1656;"1656";"CUST-42689";"App"
"UK-2026-103837";"2026-05-26";"West";"Pune";"Face Wash Combo";"Beauty";1;433;"433";"CUST-78196";"Website"
"UK-2026-100216";"2026-01-22";"West";"Surat";"Eau de Parfum 100ml";"Beauty";1;1989;"1989";"CUST-47202";"Marketplace"
"UK-2026-100864";"2026-02-21";"North";"Noida";"Bluetooth Speaker Mini";"Electronics";4;1528;"6112";"CUST-68825";"App"
"UK-2026-103779";"2026-05-19";"North";"Noida";"Non-Stick Cookware Set";"Home & Kitchen";1;2852;"2852";"CUST-35414";"Website"
"UK-2026-104970";"2026-06-03";"East";"Bhubaneswar";"Beard Grooming Kit";"Beauty";1;1045;"1045";"CUST-84882";"Marketplace"
"UK-2026-100528";"2026-01-28";"West";"Pune";"Mirrorless Camera Lite";"Electronics";2;29421;"58842";"CUST-94916";"Marketplace"
"UK-2026-101855";"2026-03-10";"West";"Mumbai";"Modern Wall Clock";"Home & Kitchen";1;813;"813";"CUST-95430";"Website"
"UK-2026-103156";"2026-05-25";"South";"Chennai";"Air Fryer 5L";"Home & Kitchen";1;5286;"5286";"CUST-13180";"App"
"UK-2026-101111";"2026-02-16";"South";"Chennai";"Football Size 5";"Sports";4;914;"3656";"CUST-66848";"Website"
"UK-2026-103262";"2026-05-08";"North";"Gurugram";"Ionic Hair Dryer";"Beauty";1;1966;"1966";"CUST-19257";"Website"
"UK-2026-103902";"2026-05-29";"East";"Bhubaneswar";"Wireless Earbuds Pro";"Electronics";1;3124;"3124";"CUST-16871";"App"
"UK-2026-100598";"2026-01-10";"South";"Hyderabad";"Silk Saree";"Fashion";1;3521;"3521";"CUST-50105";"App"
"UK-2026-104701";"2026-06-05";"North";"Gurugram";"Eau de Parfum 100ml";"Beauty";1;1920;"1920";"CUST-12192";"App"
"UK-2026-103406";"2026-05-24";"South";"Hyderabad";"Robot Vacuum R7";"Home & Kitchen";2;19783;"39566";"CUST-96054";"Marketplace"
"UK-2026-100612";"2026-01-27";"South";"Bengaluru";"Wireless Earbuds Pro";"Electronics";2;2969;"5938";"CUST-79674";"Marketplace"
"UK-2026-100038";"2026-01-05";"South";"Chennai";"Denim Jacket";"Fashion";3;2142;"6426";"CUST-79034";"Website"
"UK-2026-103866";"2026-05-08";"East";"Kolkata";"43-inch Smart TV";"Electronics";2;25937;"51874";"CUST-45324";"App"
"UK-2026-103485";"2026-05-31";"South";"Kochi";"Modern Wall Clock";"Home & Kitchen";1;816;"816";"CUST-30632";"App"
"UK-2026-104314";"2026-06-23";"Central";"Nagpur";"Wireless Earbuds Pro";"Electronics";1;3054;"3054";"CUST-41538";"Website"
"UK-2026-104520";"2026-06-11";"South";"Kochi";"ULTRABOOK AIR 14";"Electronics";1;29150;"29150";"CUST-23521";"App"
"UK-2026-100720";"2026-01-27";"West";"Pune";"Power Bank 20000mAh";"Electronics";1;1770;"1770";"CUST-74681";"App"
"UK-2026-104924";"2026-06-23";"East";"Bhubaneswar";"Mirrorless Camera Lite";"Electronics";1;29215;"29215";"CUST-16552";"Marketplace"
"UK-2026-101916";"2026-03-21";"North";"Delhi";"Denim Jacket";"Fashion";2;2261;"4522";"CUST-91739";"Website"
"UK-2026-103339";"2026-05-02";"West";"Pune";"Robot Vacuum R7";"Home & Kitchen";1;19784;"19784";"CUST-71353";"Website"
"UK-2026-104337";"2026-06-23";"North";"Delhi";"Noise-Cancelling Headphones";"Electronics";2;8770;"17540";"CUST-44531";"Marketplace"
"UK-2026-104456";"2026-06-07";"North";"Gurugram";"Slim Fit Jeans";"Fashion";2;1554;"3108";"CUST-97846";"App"
"UK-2026-104930";"2026-06-17";"Central";"Indore";"Slim Fit Jeans";"Fashion";1;1667;"1667";"CUST-28620";"Website"
"UK-2026-101851";"2026-03-09";"West";"Pune";"Leather Wallet";"Fashion";1;900;"900";"CUST-66113";"App"
"UK-2026-100846";"2026-02-19";"North";"Noida";"Foldable Treadmill T2";"Sports";1;23891;"23891";"CUST-39244";"App"
"UK-2026-102312";"2026-04-12";"West";"Bombay";"Slim Fit Jeans";"Fashion";1;1638;"1638";"CUST-74562";"App"
"UK-2026-104304";"2026-06-06";"East";"Guwahati";"Denim Jacket";"Fashion";2;2295;"4590";"CUST-91211";"Marketplace"
"UK-2026-101660";"2026-03-10";"East";"Patna";"Mirrorless Camera Lite";"Electronics";1;30272;"30272";"CUST-79094";"App"
"UK-2026-100929";"2026-02-04";"North";"New Delhi";"Wireless Earbuds Pro";"Electronics";2;2989;"5978";"CUST-97748";"Website"
"UK-2026-100939";"2026-02-01";"South";"BLR";"Gym Gloves";"Sports";1;521;"521";"CUST-63004";"Marketplace"
"UK-2026-104550";"2026-06-13";"South";"Cochin";"Bluetooth Speaker Mini";"Electronics";1;1492;"1492";"CUST-32805";"Website"
"UK-2026-104662";"2026-06-22";"South";"Chennai";"Silk Saree";"Fashion";1;3411;"3411";"CUST-30632";"Website"
"UK-2026-103110";"2026-05-31";"Central";"Raipur";"Modern Wall Clock";"Home & Kitchen";1;769;"769";"CUST-54393";"Marketplace"
"UK-2026-101447";"2026-02-16";"North";"Chandigarh";"Mixer Grinder 750W";"Home & Kitchen";1;3440;"3440";"CUST-94172";"Website"
"UK-2026-101027";"2026-02-08";"West";"Mumbai";"Cotton Kurta Set";"Fashion";1;1247;"1247";"CUST-79632";"App"
"UK-2026-100449";"2026-01-17";"East";"Kolkata";"Bluetooth Speaker Mini";"Electronics";2;1517;"3034";"CUST-18417";"Website"
"UK-2026-101051";"2026-02-26";"East";"Kolkata";"Ultrabook Air 14";"Electronics";1;28913;"28913";"CUST-76409";"Website"
"UK-2026-104900";"2026-06-04";"North";"Chandigarh";"Non-Stick Cookware Set";"Home & Kitchen";2;2962;"5924";"CUST-14581";"Website"
"UK-2026-102794";"2026-04-05";"South";"Chennai";"Makeup Brush Set";"Beauty";1;1331;"1331";"CUST-24081";"App"
"UK-2026-103537";"2026-05-30";"East";"Patna";"Face Wash Combo";"Beauty";1;430;"430";"CUST-17533";"Website"
"UK-2026-104503";"2026-06-25";"East";"Guwahati";"Bluetooth Speaker Mini";"Electronics";1;1544;"1544";"CUST-20011";"App"
"UK-2026-104707";"2026-06-18";"West";"Mumbai";"Smart Watch X2";"Electronics";1;4467;"4467";"CUST-55039";"Marketplace"
"UK-2026-100048";"2026-01-02";"South";"Kochi";"Wireless Earbuds Pro";"Electronics";1;2854;"2854";"CUST-77582";"Marketplace"
"UK-2026-101792";"2026-03-28";"North";"Noida";"Vitamin C Serum";"Beauty";2;730;"1460";"CUST-18730";"Website"
"UK-2026-103736";"2026-05-03";"North";"Delhi";"Ethnic Dupatta";"Fashion";2;486;"972";"CUST-14581";"Website"
"UK-2026-102721";"2026-04-21";"West";"Mumbai";"Running Sneakers";"Fashion";2;2850;"5700";"CUST-29136";"Website"
"UK-2026-100643";"2026-01-07";"South";"Chennai";"Electric Kettle 1.5L";"Home & Kitchen";1;1099;"1099.00";"CUST-11460";"App"
"UK-2026-100784";"2026-02-26";"North";"Gurugram";"Cycling Helmet";"Sports";1;1581;"1581";"CUST-32112";"App"
"UK-2026-100560";"2026-01-17";"West";"Mumbai";"Face Wash Combo";"Beauty";2;450;"900";"CUST-65607";"App"
"UK-2026-100119";"2026-01-24";"North";"Gurugram";"Running Sneakers";"Fashion";2;2771;"5542";"CUST-62524";"App"
"UK-2026-104237";"2026-06-02";"South";"Kochi";"Ethnic Dupatta";"Fashion";2;516;"1032";"CUST-45196";"Marketplace"
"UK-2026-104582";"2026-06-04";"Central";"Raipur";"Yoga Mat Pro";"Sports";1;1176;"1176";"CUST-56904";"Marketplace"
"UK-2026-103948";"2026-05-30";"East";"Guwahati";"Adjustable Dumbbells 15kg";"Sports";1;4939;"4939";"CUST-27277";"App"
"UK-2026-100444";"2026-01-20";"North";"Gurugram";"Mixer Grinder 750W";"Home & Kitchen";1;3221;"3221";"CUST-66400";"Website"
"UK-2026-100725";"2026-02-04";"East";"Kolkata";"Smart Watch X2";"Electronics";4;4464;"17856";"CUST-16645";"App"
"UK-2026-102398";"2026-04-15";"North";"Delhi";"Mirrorless Camera Lite";"Electronics";2;29122;"58244";"CUST-97770";"Marketplace"
"UK-2026-101502";"2026-03-01";"North";"Delhi";"Denim Jacket";"Fashion";1;2256;"2256";"CUST-69547";"Website"
"UK-2026-103124";"2026-05-14";"Central";"Raipur";"Makeup Brush Set";"Beauty";1;1361;"1361";"CUST-34753";"App"
"UK-2026-103377";"2026-05-14";"West";"Pune";"Eau de Parfum 100ml";"Beauty";2;1933;"3866";"CUST-70121";"App"
"UK-2026-104812";"2026-06-13";"West";"Bombay";"Wireless Earbuds Pro";"Electronics";1;2901;"2901";"CUST-79176";"Marketplace"
"UK-2026-104839";"2026-06-14";"South";"Hyderabad";"Noise-Cancelling Headphones";"Electronics";4;8815;"35260";"CUST-55690";"Website"
"UK-2026-101993";"2026-03-31";"West";"Surat";"Mixer Grinder 750W";"Home & Kitchen";1;3153;"3153";"CUST-79176";"Website"
"UK-2026-102827";"2026-04-18";"West";"Pune";"Eau de Parfum 100ml";"Beauty";1;2045;"2045";"CUST-29273";"Website"
"UK-2026-103112";"2026-05-21";"East";"Patna";"Dinner Set 24pc";"Home & Kitchen";1;2501;"2501";"CUST-39363";"Marketplace"
"UK-2026-103317";"2026-05-13";"West";"Ahmedabad";"Smart Watch X2";"Electronics";1;4460;"4460";"CUST-54678";"Website"
"UK-2026-100397";"2026-01-24";"Central";"Bhopal";"Cricket Bat English Willow";"Sports";1;9077;"9077";"CUST-94559";"App"
"UK-2026-104070";"2026-06-01";"Central";"Raipur";"Leather Wallet";"Fashion";1;856;"856";"CUST-33166";"App"
"UK-2026-101505";"2026-03-20";"North";"Chandigarh";"Formal Shirt";"Fashion";1;1102;"1102";"CUST-92956";"Marketplace"
"UK-2026-104200";"2026-06-08";"South";"Chennai";"Smart Watch X2";"Electronics";2;4505;"9010";"CUST-78090";"Marketplace"
"UK-2026-101730";"2026-03-25";"East";"Bhubaneswar";"Formal Shirt";"Fashion";1;1115;"1115";"CUST-62732";"Website"
"UK-2026-102189";"2026-03-09";"North";"Delhi";"43-inch Smart TV";"Electronics";1;27180;"27180";"CUST-20769";"Marketplace"
"UK-2026-102270";"2026-04-22";"North";"Delhi";"Power Bank 20000mAh";"Electronics";2;1766;"3532";"CUST-99114";"Marketplace"
"UK-2026-101019";"2026-02-14";"South";"Bengaluru";"Mixer Grinder 750W";"Home & Kitchen";1;3462;"3462";"CUST-95116";"App"
"UK-2026-100457";"2026-01-08";"North";"Gurugram";"Silk Saree";"Fashion";1;3370;"3370";"CUST-61700";"App"
"UK-2026-101877";"2026-03-09";"South";"Chennai";"Power Bank 20000mAh";"Electronics";2;1731;"3462";"CUST-18075";"App"
"UK-2026-104877";"2026-06-25";"North";"Delhi";"Non-Stick Cookware Set";"Home & Kitchen";1;2945;"2945";"CUST-89669";"App"
"UK-2026-103658";"2026-05-05";"South";"Kochi";"Mirrorless Camera Lite";"Electronics";2;28882;"57764";"CUST-37122";"App"
"UK-2026-104065";"2026-06-09";"South";"Bengaluru";"Bluetooth Speaker Mini";"Electronics";4;1538;"6152";"CUST-93268";"Website"
"UK-2026-100878";"2026-02-12";"South";"Chennai";"Smart Watch X2";"Electronics";2;4496;"8992";"CUST-38571";"App"
"UK-2026-100335";"2026-01-21";"North";"Gurugram";"Vitamin C Serum";"Beauty";2;676;"1352";"CUST-25900";"Website"
"UK-2026-104425";"2026-06-21";"South";"Hyderabad";"Mixer Grinder 750W";"Home & Kitchen";1;3198;"3198";"CUST-42363";"App"
"UK-2026-101679";"2026-03-09";"South";"Bengaluru";"Mirrorless Camera Lite";"Electronics";1;29250;"29250";"CUST-67906";"App"
"UK-2026-101816";"2026-03-13";"North";"Delhi";"43-inch Smart TV";"Electronics";2;24892;"49784";"CUST-17668";"Marketplace"
"UK-2026-103099";"2026-05-16";"Central";"Indore";"Gym Gloves";"Sports";1;482;"482";"CUST-65092";"App"
"UK-2026-101523";"2026-03-22";"South";"Hyderabad";"Bluetooth Speaker Mini";"Electronics";1;1509;"1509";"CUST-25835";"Website"
"UK-2026-102697";"2026-04-21";"South";"Chennai";"Makeup Brush Set";"Beauty";1;1283;"1283";"CUST-60004";"App"
"UK-2026-101986";"2026-03-29";"West";"Mumbai";"Air Fryer 5L";"Home & Kitchen";1;5558;"5558";"CUST-87827";"App"
"UK-2026-103553";"2026-05-14";"East";"Kolkata";"Formal Shirt";"Fashion";1;1085;"1085";"CUST-80218";"App"
"UK-2026-103652";"2026-05-04";"West";"Pune";"Dinner Set 24pc";"Home & Kitchen";1;2451;"2451";"CUST-71217";"Marketplace"
"UK-2026-101784";"2026-03-21";"West";"Mumbai";"Mirrorless Camera Lite";"Electronics";1;27590;"27590";"CUST-11985";"App"
"UK-2026-102956";"2026-04-19";"West";"Pune";"Face Wash Combo";"Beauty";1;436;"436";"CUST-55810";"App"
"UK-2026-102038";"2026-03-26";"North";"Chandigarh";"Yoga Mat Pro";"Sports";1;1249;"1249";"CUST-14485";"Marketplace"
"UK-2026-100318";"2026-01-05";"South";"Bengaluru";"Cycling Helmet";"Sports";1;1678;"1678";"CUST-74290";"Website"
"UK-2026-100951";"2026-02-06";"South";"Chennai";"Silk Saree";"Fashion";1;3381;"3381";"CUST-89979";"App"
"UK-2026-103813";"2026-05-06";"North";"Noida";"Bluetooth Speaker Mini";"Electronics";1;1510;"1510";"CUST-48329";"Website"
"UK-2026-103610";"2026-05-21";"West";"Surat";"Badminton Racket Set";"Sports";3;2587;"7761";"CUST-23485";"App"
"UK-2026-101726";"2026-03-16";"North";"Delhi";"Electric Kettle 1.5L";"Home & Kitchen";4;1124;"4496";"CUST-52349";"App"
"UK-2026-104234";"2026-06-03";"South";"Hyderabad";"Electric Kettle 1.5L";"Home & Kitchen";1;1065;"1065";"CUST-20704";"Marketplace"
"UK-2026-101042";"2026-02-25";"Central";"Nagpur";"Eau de Parfum 100ml";"Beauty";1;2009;"2009";"CUST-48510";"App"
"UK-2026-104783";"2026-06-26";"North";"Delhi";"Electric Kettle 1.5L";"Home & Kitchen";1;1090;"1090";"CUST-16552";"Marketplace"
"UK-2026-101494";"2026-03-09";"Central";"Indore";"Matte Lipstick Set";"Beauty";1;864;"864";"CUST-69685";"App"
"UK-2026-101834";"2026-03-27";"West";"Ahmedabad";"Ethnic Dupatta";"Fashion";1;490;"490";"CUST-32817";"Website"
"UK-2026-100944";"2026-02-01";"South";"Chennai";"Vitamin C Serum";"Beauty";1;728;"728";"CUST-63266";"Website"
"UK-2026-104910";"2026-06-17";"East";"Kolkata";"Running Sneakers";"Fashion";1;2737;"2737";"CUST-87797";"Marketplace"
"UK-2026-100967";"2026-02-20";"North";"Gurugram";"Matte Lipstick Set";"Beauty";3;897;"2691";"CUST-77471";"App"
"UK-2026-103673";"2026-05-28";"West";"Pune";"Cycling Helmet";"Sports";1;1589;"1589";"CUST-16698";"Website"
"UK-2026-103479";"2026-05-23";"South";"Hyderabad";"Cycling Helmet";"Sports";1;1657;"1657";"CUST-76499";"Website"
"UK-2026-104416";"2026-06-21";"South";"Chennai";"Running Sneakers";"Fashion";1;2731;"2731";"CUST-79467";"App"
"UK-2026-104725";"2026-06-05";"South";"Kochi";"Makeup Brush Set";"Beauty";2;1316;"2632";"CUST-70536";"App"
"UK-2026-102209";"2026-03-21";"West";"Pune";"Cricket Bat English Willow";"Sports";1;9214;"9214";"CUST-33796";"App"
"UK-2026-101218";"2026-02-28";"South";"Chennai";"Dinner Set 24pc";"Home & Kitchen";3;2573;"7719";"CUST-95495";"Website"
"UK-2026-104424";"2026-06-12";"Central";"Nagpur";"Bluetooth Speaker Mini";"Electronics";1;1574;"1574";"CUST-70144";"Website"
"UK-2026-100789";"2026-02-13";"North";"Chandigarh";"Leather Wallet";"Fashion";1;889;"889";"CUST-98310";"App"
"UK-2026-101597";"2026-03-14";"South";"Hyderabad";"Beard Grooming Kit";"Beauty";1;961;"961";"CUST-84567";"Marketplace"
"UK-2026-104058";"2026-06-09";"South";"Bengaluru";"Mirrorless Camera Lite";"Electronics";1;28464;"28464";"CUST-47743";"Marketplace"
"UK-2026-104009";"2026-05-29";"Central";"Indore";"Electric Kettle 1.5L";"Home & Kitchen";1;1088;"1088";"CUST-52247";"Marketplace"
"UK-2026-102290";"2026-04-18";"East";"Kolkata";"Mirrorless Camera Lite";"Electronics";1;29096;"29096";"CUST-41204";"App"
"UK-2026-102902";"2026-04-24";"South";"Hyderabad";"Beard Grooming Kit";"Beauty";2;995;"1990";"CUST-56464";"App"
"UK-2026-104843";"2026-06-17";"South";"Hyderabad";"Wireless Earbuds Pro";"Electronics";1;2954;"2954";"CUST-85247";"App"
"UK-2026-100876";"2026-02-27";"North";"Delhi";"Mixer Grinder 750W";"Home & Kitchen";1;3306;"3306";"CUST-45665";"Website"
"UK-2026-101607";"2026-03-08";"Central";"Raipur";"Ethnic Dupatta";"Fashion";2;490;"980";"CUST-68544";"App"
"UK-2026-103158";"2026-05-03";"South";"Bengaluru";"Ethnic Dupatta";"Fashion";2;497;"994";"CUST-59933";"Website"
"UK-2026-103760";"2026-05-09";"West";"Surat";"Leather Wallet";"Fashion";2;903;"1806";"CUST-76773";"Marketplace"
"UK-2026-104289";"2026-06-22";"East";"Bhubaneswar";"Vitamin C Serum";"Beauty";1;731;"731";"CUST-33222";"Marketplace"
"UK-2026-104841";"2026-06-10";"North";"Noida";"Noise-Cancelling Headphones";"Electronics";2;8643;"17286";"CUST-82015";"Marketplace"
"UK-2026-102887";"2026-04-22";"South";"Hyderabad";"Denim Jacket";"Fashion";2;2307;"4614";"CUST-19006";"Website"
"UK-2026-100578";"2026-01-16";"East";"Guwahati";"Noise-Cancelling Headphones";"Electronics";1;8832;"8832";"CUST-22651";"Marketplace"
"UK-2026-103050";"2026-04-10";"East";"Patna";"Formal Shirt";"Fashion";1;1083;"1083";"CUST-33019";"Website"
"UK-2026-103263";"2026-05-29";"Central";"Bhopal";"CRICKET BAT ENGLISH WILLOW";"Sports";1;9061;"9061";"CUST-98319";"App"
"UK-2026-101587";"2026-03-30";"West";"Surat";"Face Wash Combo";"Beauty";1;428;"428";"CUST-49316";"Website"
"UK-2026-102436";"2026-04-16";"East";"Bhubaneswar";"Smart Watch X2";"Electronics";1;4568;"4568";"CUST-57583";"App"
"UK-2026-102155";"2026-03-17";"East";"Patna";"Cotton Bedsheet Set";"Home & Kitchen";2;1395;"2790";"CUST-82887";"Website"
"UK-2026-104676";"2026-06-05";"North";"Chandigarh";"Noise-Cancelling Headphones";"Electronics";3;9350;"28050";"CUST-15580";"App"
"UK-2026-104008";"2026-05-03";"East";"Kolkata";"Wireless Earbuds Pro";"Electronics";1;3046;"3046";"CUST-56671";"App"
"UK-2026-103045";"2026-04-18";"South";"Kochi";"Wireless Earbuds Pro";"Electronics";2;3082;"6164";"CUST-28705";"Marketplace"
"UK-2026-102526";"2026-04-29";"South";"Bengaluru";"Ultrabook Air 14";"Electronics";1;31379;"31379";"CUST-28987";"Website"
"UK-2026-100288";"2026-01-13";"North";"Chandigarh";"Leather Wallet";"Fashion";1;878;"878";"CUST-49714";"Marketplace"
"UK-2026-103992";"2026-05-30";"East";"Bhubaneswar";"Cotton Kurta Set";"Fashion";1;1327;"1327";"CUST-48336";"App"
"UK-2026-100564";"2026-01-02";"West";"Mumbai";"Vitamin C Serum";"Beauty";1;703;"703";"CUST-15482";"App"
"UK-2026-104666";"2026-06-04";"North";"Delhi";"Bluetooth Speaker Mini";"Electronics";3;1492;"4476";"CUST-40562";"App"
"UK-2026-100893";"2026-02-28";"Central";"Indore";"Adjustable Dumbbells 15kg";"Sports";1;5244;"5244";"CUST-55633";"Website"
"UK-2026-102023";"2026-03-07";"South";"Kochi";"Yoga Mat Pro";"Sports";1;1143;"1143";"CUST-16732";"Marketplace"
"UK-2026-104944";"2026-06-22";"West";"Surat";"Adjustable Dumbbells 15kg";"Sports";1;4784;"4784";"CUST-19848";"App"
"UK-2026-104889";"2026-06-28";"Central";"Indore";"Wireless Earbuds Pro";"Electronics";1;3048;"3048";"CUST-18006";"Marketplace"
"UK-2026-101016";"2026-02-28";"South";"Bengaluru";"Smart Watch X2";"Electronics";1;4368;"4368";"CUST-73054";"Marketplace"
"UK-2026-102104";"2026-03-12";"East";"Kolkata";"Electric Kettle 1.5L";"Home & Kitchen";1;1097;"1097";"CUST-18730";"App"
"UK-2026-102235";"2026-03-15";"South";"Kochi";"Eau de Parfum 100ml";"Beauty";2;2052;"4104";"CUST-46448";"Website"
"UK-2026-101678";"2026-03-04";"West";"Mumbai";"Mixer Grinder 750W";"Home & Kitchen";1;3322;"3322";"CUST-47392";"Website"
"UK-2026-101315";"2026-02-27";"West";"Surat";"Running Sneakers";"Fashion";1;2886;"2886";"CUST-44658";"App"
"UK-2026-104921";"2026-06-01";"South";"Kochi";"Badminton Racket Set";"Sports";1;2432;"2432";"CUST-98561";"App"
"UK-2026-100419";"2026-01-01";"West";"Surat";"Cotton Bedsheet Set";"Home & Kitchen";1;1423;"1423";"CUST-12568";"Website"
"UK-2026-102036";"2026-03-08";"West";"Pune";"Football Size 5";"Sports";1;881;"881";"CUST-81517";"App"
"UK-2026-102536";"2026-04-29";"Central";"Bhopal";"Smart Watch X2";"Electronics";1;4545;"4545.00";"CUST-26150";"App"
"UK-2026-103115";"2026-05-15";"South";"Cochin";"Noise-Cancelling Headphones";"Electronics";1;9259;"9259";"CUST-26860";"App"
"UK-2026-103729";"2026-05-15";"West";"Mumbai";"Leather Wallet";"Fashion";2;885;"1770";"CUST-78811";"Website"
"UK-2026-104076";"2026-06-11";"South";"Hyderabad";"Smart Watch X2";"Electronics";1;4567;"4567";"CUST-51452";"Website"
"UK-2026-101279";"2026-02-20";"North";"Delhi";"Power Bank 20000mAh";"Electronics";1;1771;"1771";"CUST-83782";"App"
"UK-2026-101612";"2026-03-03";"South";"Chennai";"Smart Watch X2";"Electronics";1;4459;"4459";"CUST-84260";"Website"
"UK-2026-103533";"2026-05-17";"South";"Chennai";"Power Bank 20000mAh";"Electronics";1;1877;"1877";"CUST-46376";"App"
"UK-2026-101956";"2026-03-19";"West";"Pune";"Noise-Cancelling Headphones";"Electronics";2;9035;"18070";"CUST-80701";"Website"
"UK-2026-103883";"2026-05-29";"South";"Hyderabad";"Mixer Grinder 750W";"Home & Kitchen";1;3154;"3154";"CUST-32940";"App"
"UK-2026-101632";"2026-03-24";"North";"Noida";"Ultrabook Air 14";"Electronics";1;30146;"30146";"CUST-92859";"Marketplace"
"UK-2026-101362";"2026-02-17";"South";"Kochi";"Badminton Racket Set";"Sports";1;2405;"2405";"CUST-44633";"Website"
"UK-2026-101744";"2026-03-23";"Central";"Nagpur";"Cotton Kurta Set";"Fashion";2;1337;"2674";"CUST-85723";"App"
"UK-2026-100958";"2026-02-05";"Central";"Raipur";"Electric Kettle 1.5L";"Home & Kitchen";1;1088;"1088";"CUST-91906";"App"
"UK-2026-101788";"2026-03-18";"East";"Patna";"Beard Grooming Kit";"Beauty";2;976;"1952";"CUST-79743";"App"
"UK-2026-104261";"2026-06-01";"North";"Noida";"Power Bank 20000mAh";"Electronics";1;1738;"1738";"CUST-82174";"App"
"UK-2026-100452";"2026-01-22";"South";"Bengaluru";"Wireless Earbuds Pro";"Electronics";2;3053;"6106";"CUST-96302";"Marketplace"
"UK-2026-100572";"2026-01-21";"West";"Mumbai";"Matte Lipstick Set";"Beauty";2;888;"1776";"CUST-91848";"Website"
"UK-2026-103889";"2026-05-11";"West";"Ahmedabad";"Sunscreen SPF50";"Beauty";2;534;"1068";"CUST-62117";"Marketplace"
"UK-2026-101756";"2026-03-15";"East";"Guwahati";"Silk Saree";"Fashion";1;3377;"3377";"CUST-61823";"Website"
"UK-2026-103425";"2026-05-14";"South";"Bengaluru";"Cotton Kurta Set";"Fashion";1;1234;"1234";"CUST-26785";"Website"
"UK-2026-100738";"2026-02-11";"Central";"Indore";"Cotton Kurta Set";"Fashion";2;1334;"2668";"CUST-10350";"Marketplace"
"UK-2026-104077";"2026-06-18";"South";"Chennai";"Electric Kettle 1.5L";"Home & Kitchen";1;1141;"1141";"CUST-40053";"Marketplace"
"UK-2026-102423";"2026-04-05";"South";"Kochi";"Leather Wallet";"Fashion";1;900;"900";"CUST-51044";"App"
"UK-2026-104168";"2026-06-10";"South";"Bengaluru";"Makeup Brush Set";"Beauty";1;1348;"1348";"CUST-44237";"Website"
"UK-2026-102544";"2026-04-20";"South";"Bengaluru";"Yoga Mat Pro";"Sports";1;1182;"1182";"CUST-89016";"Website"
"UK-2026-102865";"2026-04-25";"South";"Bengaluru";"Mirrorless Camera Lite";"Electronics";1;29682;"29682";"CUST-68893";"Website"
"UK-2026-101974";"2026-03-27";"North";"Noida";"Running Sneakers";"Fashion";1;2842;"2842";"CUST-58081";"App"
"UK-2026-101185";"2026-02-09";"North";"Noida";"Smart Watch X2";"Electronics";1;4407;"4407";"CUST-80614";"Website"
"UK-2026-102795";"2026-04-04";"North";"Noida";"Mirrorless Camera Lite";"Electronics";1;29788;"29788";"CUST-27527";"App"
"UK-2026-103234";"2026-05-18";"South";"Chennai";"Eau de Parfum 100ml";"Beauty";1;2095;"2095";"CUST-56942";"Website"
"UK-2026-100385";"2026-01-10";"South";"Bengaluru";"Face Wash Combo";"Beauty";2;431;"862";"CUST-16645";"Website"
"UK-2026-100534";"2026-01-05";"Central";"Nagpur";"Air Fryer 5L";"Home & Kitchen";2;5615;"11230";"CUST-78941";"App"
"UK-2026-100319";"2026-01-15";"West";"Bombay";"Slim Fit Jeans";"Fashion";3;1564;"4692";"CUST-58730";"Marketplace"
"UK-2026-104266";"2026-06-23";"South";"Bengaluru";"Denim Jacket";"Fashion";1;2224;"2224";"CUST-48336";"Website"
"UK-2026-101906";"2026-03-26";"East";"Guwahati";"Matte Lipstick Set";"Beauty";1;943;"943";"CUST-60834";"App"
"UK-2026-100906";"2026-02-04";"South";"Bengaluru";"Badminton Racket Set";"Sports";1;2503;"2503";"CUST-50317";"App"
"UK-2026-103819";"2026-05-24";"South";"Hyderabad";"Modern Wall Clock";"Home & Kitchen";4;832;"3328";"CUST-97730";"App"
"UK-2026-102259";"2026-04-13";"North";"Gurugram";"Yoga Mat Pro";"Sports";2;1190;"2380";"CUST-66244";"Marketplace"
"UK-2026-101372";"2026-02-16";"West";"Pune";"Cotton Bedsheet Set";"Home & Kitchen";1;1453;"1453";"CUST-45074";"Website"
"UK-2026-103216";"2026-05-10";"East";"Bhubaneswar";"Wireless Earbuds Pro";"Electronics";1;2862;"2862";"CUST-50858";"Marketplace"
"UK-2026-102056";"2026-03-06";"Central";"Bhopal";"Smart Watch X2";"Electronics";1;4552;"4552";"CUST-52138";"App"
"UK-2026-102775";"2026-04-04";"South";"Hyderabad";"Running Sneakers";"Fashion";4;2677;"10708";"CUST-46894";"App"
"UK-2026-102351";"2026-04-19";"West";"Mumbai";"Bluetooth Speaker Mini";"Electronics";2;1518;"3036";"CUST-97914";"App"
"UK-2026-103497";"2026-05-10";"North";"Delhi";"Formal Shirt";"Fashion";1;1101;"1101";"CUST-11460";"Marketplace"
"UK-2026-102306";"2026-04-27";"North";"Noida";"Ultrabook Air 14";"Electronics";1;30739;"30739";"CUST-33793";"Marketplace"
"UK-2026-101015";"2026-02-14";"South";"Chennai";"Wireless Earbuds Pro";"Electronics";1;2858;"2858";"CUST-86964";"App"
"UK-2026-100705";"2026-01-15";"East";"Guwahati";"Makeup Brush Set";"Beauty";1;1314;"1314";"CUST-41739";"App"
"UK-2026-102673";"2026-04-15";"East";"Bhubaneswar";"Badminton Racket Set";"Sports";1;2379;"2379";"CUST-14031";"Website"
"UK-2026-103175";"2026-05-11";"South";"Hyderabad";"Ethnic Dupatta";"Fashion";1;500;"500";"CUST-85367";"App"
"UK-2026-103027";"2026-04-20";"East";"Kolkata";"Noise-Cancelling Headphones";"Electronics";2;9119;"18238";"CUST-49664";"Marketplace"
"UK-2026-102053";"2026-03-04";"North";"Noida";"Leather Wallet";"Fashion";1;899;"899";"CUST-72283";"Marketplace"
"UK-2026-102595";"2026-04-02";"East";"Kolkata";"Running Sneakers";"Fashion";1;2775;"2775";"CUST-35279";"App"
"UK-2026-101360";"2026-02-10";"West";"Mumbai";"Smart Watch X2";"Electronics";1;4388;"4388";"CUST-71133";"Website"
"UK-2026-101987";"2026-03-01";"Central";"Raipur";"Beard Grooming Kit";"Beauty";1;962;"962";"CUST-68717";"App"
"UK-2026-104834";"2026-06-26";"North";"Noida";"Dinner Set 24pc";"Home & Kitchen";2;2494;"4988";"CUST-52329";"Website"
"UK-2026-105000";"2026-06-18";"North";"Noida";"Bluetooth Speaker Mini";"Electronics";1;1452;"1452";"CUST-25508";"Website"
"UK-2026-102471";"2026-04-26";"East";"Calcutta";"Gym Gloves";"Sports";1;513;"513";"CUST-70998";"Marketplace"
"UK-2026-103338";"2026-05-02";"North";"Noida";"Formal Shirt";"Fashion";1;1135;"1135";"CUST-88942";"App"
"UK-2026-102338";"2026-04-11";"South";"Chennai";"Non-Stick Cookware Set";"Home & Kitchen";1;2964;"2964";"CUST-77579";"App"
"UK-2026-102291";"2026-04-22";"North";"Delhi";"Robot Vacuum R7";"Home & Kitchen";2;19760;"39520";"CUST-75686";"App"
"UK-2026-103675";"2026-05-15";"South";"Bengaluru";"Eau de Parfum 100ml";"Beauty";1;2083;"2083";"CUST-79467";"App"
"UK-2026-102298";"2026-04-27";"South";"Bengaluru";"Running Sneakers";"Fashion";1;2738;"2738";"CUST-58984";"App"
"UK-2026-101759";"2026-03-17";"East";"Bhubaneswar";"Cycling Helmet";"Sports";2;1678;"3356";"CUST-72559";"Website"
"UK-2026-101718";"2026-03-18";"East";"Kolkata";"Face Wash Combo";"Beauty";1;451;"451";"CUST-98795";"App"
"UK-2026-102391";"2026-04-29";"South";"Chennai";"Ultrabook Air 14";"Electronics";1;29005;"29005";"CUST-97109";"Website"
"UK-2026-104613";"2026-06-23";"North";"Chandigarh";"Dinner Set 24pc";"Home & Kitchen";2;2419;"4838";"CUST-60710";"Website"
"UK-2026-100206";"2026-01-23";"West";"Mumbai";"Yoga Mat Pro";"Sports";3;1183;"3549";"CUST-70921";"Marketplace"
"UK-2026-103012";"2026-04-22";"West";"Pune";"Power Bank 20000mAh";"Electronics";1;1824;"1824";"CUST-25966";"App"
"UK-2026-101540";"2026-03-26";"South";"Bengaluru";"Mixer Grinder 750W";"Home & Kitchen";1;3229;"3229";"CUST-19149";"Website"
"UK-2026-103212";"2026-05-25";"Central";"Indore";"Badminton Racket Set";"Sports";1;2424;"2424";"CUST-48871";"Website"
"UK-2026-101077";"2026-02-07";"Central";"Bhopal";"Wireless Earbuds Pro";"Electronics";1;2973;"2973";"CUST-66838";"Website"
"UK-2026-103704";"2026-05-07";"North";"Gurugram";"Matte Lipstick Set";"Beauty";1;870;"870";"CUST-24885";"Website"
"UK-2026-104305";"2026-06-25";"West";"Ahmedabad";"Smart Watch X2";"Electronics";1;4521;"4521";"CUST-45324";"Website"
"UK-2026-104982";"2026-06-30";"South";"Bengaluru";"Cricket Bat English Willow";"Sports";1;9058;"9058";"CUST-30443";"Website"
"UK-2026-102772";"2026-04-10";"Central";"Nagpur";"Cotton Kurta Set";"Fashion";1;1308;"1308";"CUST-32235";"App"
"UK-2026-100379";"2026-01-17";"South";"Hyderabad";"Gym Gloves";"Sports";2;511;"1022";"CUST-22641";"App"
"UK-2026-100522";"2026-01-08";"North";"Delhi";"Non-Stick Cookware Set";"Home & Kitchen";3;2984;"8952";"CUST-11849";"Website"
"UK-2026-103051";"2026-04-15";"North";"Gurugram";"Cycling Helmet";"Sports";4;1538;"6152";"CUST-55575";"Website"
"UK-2026-104638";"2026-06-06";"Central";"Bhopal";"Silk Saree";"Fashion";1;3362;"3362";"CUST-78618";"Website"
"UK-2026-103482";"2026-05-15";"West";"Pune";"Running Sneakers";"Fashion";1;2798;"2798";"CUST-47308";"Marketplace"
"UK-2026-103030";"2026-04-15";"South";"Kochi";"running sneakers";"Fashion";2;2812;"5624";"CUST-34958";"App"
"UK-2026-100352";"2026-01-09";"North";"Noida";"Mixer Grinder 750W";"Home & Kitchen";1;3445;"3445";"CUST-66247";"Website"
"UK-2026-103247";"2026-05-20";"South";"Chennai";"Slim Fit Jeans";"Fashion";1;1643;"1643";"CUST-20704";"App"
"UK-2026-102045";"2026-03-06";"South";"Bengaluru";"Ultrabook Air 14";"Electronics";1;30163;"30163.00";"CUST-16871";"Website"
"UK-2026-103731";"2026-05-26";"East";"Bhubaneswar";"Silk Saree";"Fashion";2;3633;"7266";"CUST-52922";"Marketplace"
"UK-2026-104254";"2026-06-30";"North";"Chandigarh";"Makeup Brush Set";"Beauty";1;1279;"1279";"CUST-44762";"App"
"UK-2026-100668";"2026-01-13";"North";"Delhi";"Ultrabook Air 14";"Electronics";4;30714;"122856";"CUST-62502";"App"
"UK-2026-104714";"2026-06-13";"West";"Pune";"Electric Kettle 1.5L";"Home & Kitchen";1;1139;"1139";"CUST-36283";"Website"
"UK-2026-100208";"2026-01-15";"East";"Patna";"Badminton Racket Set";"Sports";1;2579;"2579";"CUST-59857";"Website"
"UK-2026-102864";"2026-04-04";"East";"Bhubaneswar";"Robot Vacuum R7";"Home & Kitchen";1;18748;"18748";"CUST-88545";"App"
"UK-2026-100626";"2026-01-12";"Central";"Raipur";"Mixer Grinder 750W";"Home & Kitchen";1;3364;"3364";"CUST-78079";"Website"
"UK-2026-103674";"2026-05-28";"North";"Delhi";"Badminton Racket Set";"Sports";2;2437;"4874";"CUST-78196";"App"
"UK-2026-103805";"2026-05-08";"South";"Bengaluru";"Foldable Treadmill T2";"Sports";2;24468;"48936";"CUST-29033";"Website"
"UK-2026-104985";"2026-06-12";"North";"Gurugram";"Wireless Earbuds Pro";"Electronics";1;3027;"3027";"CUST-45768";"Marketplace"
"UK-2026-104655";"2026-06-15";"South";"Kochi";"43-inch Smart TV";"Electronics";1;25781;"25781";"CUST-57583";"Marketplace"
"UK-2026-100018";"2026-01-16";"North";"Chandigarh";"Cycling Helmet";"Sports";1;1556;"1556";"CUST-95305";"Website"
"UK-2026-104465";"2026-06-13";"South";"Cochin";"Non-Stick Cookware Set";"Home & Kitchen";1;2848;"2848";"CUST-93940";"App"
"UK-2026-101346";"2026-02-08";"East";"Bhubaneswar";"Cycling Helmet";"Sports";1;1611;"1611";"CUST-50671";"Website"
"UK-2026-104118";"2026-06-27";"East";"Guwahati";"43-inch Smart TV";"Electronics";1;25711;"25711";"CUST-24236";"Marketplace"
"UK-2026-100631";"2026-01-04";"South";"Kochi";"Leather Wallet";"Fashion";1;880;"880";"CUST-62421";"App"
"UK-2026-102292";"2026-04-03";"North";"Delhi";"Air Fryer 5L";"Home & Kitchen";2;5564;"11128";"CUST-36428";"App"
"UK-2026-101975";"2026-03-31";"East";"Kolkata";"Football Size 5";"Sports";1;897;"897";"CUST-66801";"Marketplace"
"UK-2026-103332";"2026-05-23";"Central";"Raipur";"Smart Watch X2";"Electronics";1;4548;"4548";"CUST-31431";"App"
"UK-2026-101672";"2026-03-02";"South";"Bengaluru";"Dinner Set 24pc";"Home & Kitchen";1;2501;"2501";"CUST-76040";"App"
"UK-2026-103054";"2026-04-04";"East";"Guwahati";"Noise-Cancelling Headphones";"Electronics";1;9091;"9091";"CUST-58263";"Website"
"UK-2026-103296";"2026-05-03";"Central";"Raipur";"Football Size 5";"Sports";1;894;"894";"CUST-98741";"Website"
"UK-2026-103709";"2026-05-18";"South";"Kochi";"Gym Gloves";"Sports";1;514;"514";"CUST-76415";"App"
"UK-2026-103890";"2026-05-05";"East";"Patna";"Leather Wallet";"Fashion";1;898;"898";"CUST-62310";"Marketplace"
"UK-2026-103411";"2026-05-09";"Central";"Nagpur";"Power Bank 20000mAh";"Electronics";1;1739;"1739";"CUST-35517";"App"
"UK-2026-101181";"2026-02-21";"East";"Bhubaneswar";"Power Bank 20000mAh";"Electronics";1;1875;"1875";"CUST-80152";"Website"
"UK-2026-100860";"2026-02-25";"South";"Bengaluru";"Silk Saree";"Fashion";2;3583;"7166";"CUST-70479";"Website"
"UK-2026-101112";"2026-02-14";"North";"GURUGRAM";"Ethnic Dupatta";"Fashion";2;507;"1014";"CUST-22667";"App"
"UK-2026-102815";"2026-04-01";"North";"Noida";"Formal Shirt";"Fashion";1;1060;"1060";"CUST-62845";"App"
"UK-2026-100991";"2026-02-01";"South";"Hyderabad";"Slim Fit Jeans";"Fashion";1;1545;"1545";"CUST-70660";"App"
"UK-2026-102229";"2026-03-14";"North";"Chandigarh";"Yoga Mat Pro";"Sports";1;1233;"1233";"CUST-59289";"App"
"UK-2026-102513";"2026-04-11";"North";"Gurugram";"43-inch Smart TV";"Electronics";2;25782;"51564";"CUST-40344";"Marketplace"
"UK-2026-102010";"2026-03-17";"South";"Kochi";"Running Sneakers";"Fashion";1;2875;"2875";"CUST-85383";"App"
"UK-2026-104991";"2026-06-25";"South";"Chennai";"Mirrorless Camera Lite";"Electronics";3;30287;"90861";"CUST-85383";"Marketplace"
"UK-2026-104405";"2026-06-24";"North";"Noida";"Vitamin C Serum";"Beauty";1;711;"711";"CUST-21980";"App"
"UK-2026-104006";"2026-05-25";"East";"Guwahati";"Gym Gloves";"Sports";4;482;"1928";"CUST-82821";"App"
"UK-2026-101364";"2026-02-12";"North";"Delhi";"Football Size 5";"Sports";1;920;"920";"CUST-95927";"App"
"UK-2026-103469";"2026-05-16";"North";"Noida";"Bluetooth Speaker Mini";"Electronics";1;1529;"1529";"CUST-45907";"Marketplace"
"UK-2026-102232";"2026-03-13";"West";"Surat";"Smart Watch X2";"Electronics";1;4561;"4561";"CUST-67035";"App"
"UK-2026-101488";"2026-03-18";"South";"Hyderabad";"Electric Kettle 1.5L";"Home & Kitchen";1;1065;"1065";"CUST-27630";"App"
"UK-2026-102492";"2026-04-13";"West";"Surat";"Cycling Helmet";"Sports";1;1626;"1626.00";"CUST-39934";"App"
"UK-2026-103847";"2026-05-23";"West";"Surat";"Foldable Treadmill T2";"Sports";1;24543;"24543";"CUST-60710";"Marketplace"
"UK-2026-101588";"2026-03-07";"West";"Ahmedabad";"Wireless Earbuds Pro";"Electronics";4;3025;"12100";"CUST-25637";"App"
"UK-2026-102909";"2026-04-02";"West";"Surat";"Face Wash Combo";"Beauty";1;440;"440";"CUST-74907";"Website"
"UK-2026-102555";"2026-04-10";"West";"Surat";"Ultrabook Air 14";"Electronics";1;29588;"29588";"CUST-60926";"Marketplace"
"UK-2026-100694";"2026-01-31";"South";"Hyderabad";"Denim Jacket";"Fashion";1;2212;"2212";"CUST-59820";"App"
"UK-2026-104129";"2026-06-15";"North";"Noida";"Electric Kettle 1.5L";"Home & Kitchen";1;1077;"1077";"CUST-65607";"Website"
"UK-2026-101605";"2026-03-23";"North";"Chandigarh";"Yoga Mat Pro";"Sports";2;1196;"2392";"CUST-59817";"App"
"UK-2026-103320";"2026-05-28";"North";"Chandigarh";"Smart Watch X2";"Electronics";1;4494;"4494";"CUST-16958";"Marketplace"
"UK-2026-101702";"2026-03-09";"West";"Ahmedabad";"Electric Kettle 1.5L";"Home & Kitchen";3;1131;"3393";"CUST-33793";"App"
"UK-2026-103196";"2026-05-26";"North";"Delhi";"Electric Kettle 1.5L";"Home & Kitchen";1;1053;"1053";"CUST-36373";"Website"
"UK-2026-102478";"2026-04-08";"South";"Kochi";"Ionic Hair Dryer";"Beauty";1;1883;"1883";"CUST-41106";"App"
"UK-2026-100740";"2026-02-28";"South";"Hyderabad";"Noise-Cancelling Headphones";"Electronics";1;8748;"8748";"CUST-77406";"App"
"UK-2026-103210";"2026-05-28";"South";"Chennai";"Running Sneakers";"Fashion";1;2749;"2749";"CUST-61909";"App"
"UK-2026-102279";"2026-04-16";"South";"Chennai";"Formal Shirt";"Fashion";1;1056;"1056";"CUST-57937";"Website"
"UK-2026-101214";"2026-02-08";"North";"Chandigarh";"Smart Watch X2";"Electronics";1;4328;"4328";"CUST-24043";"Website"
"UK-2026-103206";"2026-05-11";"South";"Kochi";"Non-Stick Cookware Set";"Home & Kitchen";1;2826;"2826";"CUST-71464";"Marketplace"
"UK-2026-103869";"2026-05-14";"Central";"Bhopal";"Noise-Cancelling Headphones";"Electronics";1;8999;"8999";"CUST-35618";"Website"
"UK-2026-102271";"2026-04-05";"South";"Hyderabad";"Modern Wall Clock";"Home & Kitchen";4;831;"3324";"CUST-45196";"App"
"UK-2026-104935";"2026-06-25";"West";"Pune";"Cotton Bedsheet Set";"Home & Kitchen";1;1346;"1346";"CUST-52247";"App"
"UK-2026-101104";"2026-02-05";"North";"Noida";"Modern Wall Clock";"Home & Kitchen";1;817;"817";"CUST-59019";"App"
"UK-2026-104581";"2026-06-17";"Central";"Raipur";"Mixer Grinder 750W";"Home & Kitchen";1;3156;"3156";"CUST-78719";"App"
"UK-2026-104754";"2026-06-24";"South";"Chennai";"43-inch Smart TV";"Electronics";1;26321;"26321";"CUST-13369";"Marketplace"
"UK-2026-104294";"2026-06-19";"West";"Pune";"Formal Shirt";"Fashion";2;1060;"2120";"CUST-18439";"App"
"UK-2026-104566";"2026-06-15";"East";"Patna";"43-inch Smart TV";"Electronics";1;26401;"26401";"CUST-80722";"Marketplace"
"UK-2026-102688";"2026-04-29";"West";"Ahmedabad";"Cricket Bat English Willow";"Sports";1;8730;"8730";"CUST-76555";"App"
"UK-2026-102404";"2026-04-10";"Central";"Nagpur";"Ultrabook Air 14";"Electronics";1;29500;"29500";"CUST-28854";"Marketplace"
"UK-2026-103417";"2026-05-09";"East";"Patna";"Mirrorless Camera Lite";"Electronics";3;28889;"86667";"CUST-55174";"App"
"UK-2026-102024";"2026-03-07";"North";"Gurugram";"Sunscreen SPF50";"Beauty";1;567;"567";"CUST-52248";"Marketplace"
"UK-2026-104674";"2026-06-14";"South";"Bengaluru";"Leather Wallet";"Fashion";1;927;"927";"CUST-35579";"App"
"UK-2026-103821";"2026-05-29";"East";"Guwahati";"43-inch Smart TV";"Electronics";2;25332;"50664";"CUST-20867";"Website"
"UK-2026-101210";"2026-02-11";"West";"Mumbai";"Face Wash Combo";"Beauty";2;440;"880";"CUST-66244";"App"
"UK-2026-104131";"2026-06-10";"Central";"Bhopal";"Bluetooth Speaker Mini";"Electronics";2;1446;"2892";"CUST-14093";"Website"
"UK-2026-101667";"2026-03-17";"North";"Gurugram";"Cotton Kurta Set";"Fashion";1;1277;"1277";"CUST-95643";"Marketplace"
"UK-2026-102226";"2026-03-21";"South";"Bengaluru";"Bluetooth Speaker Mini";"Electronics";1;1460;"1460";"CUST-55537";"App"
"UK-2026-100709";"2026-01-20";"West";"Ahmedabad";"Eau de Parfum 100ml";"Beauty";1;1940;"1940";"CUST-38963";"App"
"UK-2026-102262";"2026-04-02";"South";"Bengaluru";"Mirrorless Camera Lite";"Electronics";1;27698;"27698";"CUST-52474";"App"
"UK-2026-103431";"2026-05-23";"Central";"Raipur";"Air Fryer 5L";"Home & Kitchen";2;5561;"11122";"CUST-44465";"App"
"UK-2026-100539";"2026-01-01";"West";"Ahmedabad";"Mixer Grinder 750W";"Home & Kitchen";2;3409;"6818";"CUST-61522";"App"
"UK-2026-102043";"2026-03-18";"West";"Pune";"Sunscreen SPF50";"Beauty";4;537;"2148";"CUST-23613";"App"
"UK-2026-104856";"2026-06-09";"East";"Patna";"Adjustable Dumbbells 15kg";"Sports";1;4932;"4932";"CUST-18006";"App"
"UK-2026-100897";"2026-02-12";"North";"Delhi";"Silk Saree";"Fashion";1;3660;"3660";"CUST-17985";"Website"
"UK-2026-100599";"2026-01-27";"West";"Pune";"Formal Shirt";"Fashion";3;1128;"3384";"CUST-26061";"Website"
"UK-2026-103987";"2026-05-15";"South";"Chennai";"Silk Saree";"Fashion";1;3351;"3351";"CUST-69131";"Website"
"UK-2026-103728";"2026-05-01";"North";"Delhi";"Denim Jacket";"Fashion";1;2098;"2098";"CUST-75114";"Website"
"UK-2026-104594";"2026-06-06";"West";"Surat";"Non-Stick Cookware Set";"Home & Kitchen";1;3026;"3026";"CUST-17216";"Website"
"UK-2026-100680";"2026-01-03";"Central";"Indore";"Bluetooth Speaker Mini";"Electronics";1;1524;"1524";"CUST-17159";"Website"
"UK-2026-103800";"2026-05-14";"North";"Chandigarh";"Electric Kettle 1.5L";"Home & Kitchen";3;1115;"3345";"CUST-90603";"Website"
"UK-2026-104908";"2026-06-24";"West";"Surat";"Bluetooth Speaker Mini";"Electronics";1;1531;"1531";"CUST-27277";"Website"
"UK-2026-100146";"2026-01-27";"North";"Delhi";"Noise-Cancelling Headphones";"Electronics";1;9327;"9327";"CUST-50348";"App"
"UK-2026-100138";"2026-01-21";"South";"Bengaluru";"Sunscreen SPF50";"Beauty";1;562;"562";"CUST-91738";"Website"
"UK-2026-103691";"2026-05-27";"North";"Delhi";"Mirrorless Camera Lite";"Electronics";1;29006;"29006";"CUST-58891";"Website"
"UK-2026-102826";"2026-04-01";"East";"Guwahati";"Mirrorless Camera Lite";"Electronics";2;28524;"57048";"CUST-88915";"Marketplace"
"UK-2026-103903";"2026-05-20";"North";"Gurugram";"Beard Grooming Kit";"Beauty";2;990;"1980";"CUST-89513";"Website"
"UK-2026-101985";"2026-03-16";"North";"Gurugram";"Yoga Mat Pro";"Sports";2;1216;"2432";"CUST-73685";"Marketplace"
"UK-2026-104374";"2026-06-27";"North";"Gurugram";"Cricket Bat English Willow";"Sports";1;9039;"9039";"CUST-72464";"App"
"UK-2026-101056";"2026-02-28";"North";"Noida";"Denim Jacket";"Fashion";1;2132;"2132";"CUST-22989";"Website"
"UK-2026-102812";"2026-04-24";"South";"Kochi";"Dinner Set 24pc";"Home & Kitchen";1;2469;"2469";"CUST-72445";"Website"
"UK-2026-100135";"2026-01-26";"South";"Kochi";"Silk Saree";"Fashion";4;3392;"13568";"CUST-39934";"App"
"UK-2026-103131";"2026-05-16";"Central";"Nagpur";"Slim Fit Jeans";"Fashion";1;1595;"1595";"CUST-56464";"Marketplace"
"UK-2026-101054";"2026-02-19";"West";"Ahmedabad";"Leather Wallet";"Fashion";2;870;"1740";"CUST-25637";"App"
"UK-2026-101577";"2026-03-24";"West";"Mumbai";"Face Wash Combo";"Beauty";1;439;"439";"CUST-28590";"Website"
"UK-2026-101097";"2026-02-02";"South";"Hyderabad";"Mirrorless Camera Lite";"Electronics";1;29546;"29546";"CUST-14924";"Website"
"UK-2026-102636";"2026-04-01";"South";"Kochi";"Noise-Cancelling Headphones";"Electronics";1;8899;"8899";"CUST-74153";"App"
"UK-2026-100222";"2026-01-29";"South";"Chennai";"Modern Wall Clock";"Home & Kitchen";1;803;"803";"CUST-32508";"App"
"UK-2026-104437";"2026-06-11";"Central";"Indore";"43-inch Smart TV";"Electronics";2;26199;"52398";"CUST-23521";"Marketplace"
"UK-2026-103477";"2026-05-30";"West";"Surat";"Mirrorless Camera Lite";"Electronics";2;29820;"59640";"CUST-24182";"Website"
"UK-2026-104154";"2026-06-27";"North";"Delhi";"Robot Vacuum R7";"Home & Kitchen";1;18475;"18475";"CUST-75864";"Website"
"UK-2026-101067";"2026-02-04";"North";"GGN";"Bluetooth Speaker Mini";"Electronics";1;1469;"1469";"CUST-55389";"Website"
"UK-2026-102110";"2026-03-22";"East";"Bhubaneswar";"Ultrabook Air 14";"Electronics";1;29743;"29743";"CUST-17156";"Marketplace"
"UK-2026-101925";"2026-03-01";"North";"Delhi";"Ethnic Dupatta";"Fashion";3;505;"1515";"CUST-77021";"App"
"UK-2026-102438";"2026-04-22";"North";"Delhi";"Cotton Kurta Set";"Fashion";2;1283;"2566";"CUST-73615";"App"
"UK-2026-100645";"2026-01-17";"West";"Pune";"Matte Lipstick Set";"Beauty";1;915;"915";"CUST-78090";"App"
"UK-2026-102039";"2026-03-30";"South";"Bengaluru";"Slim Fit Jeans";"Fashion";1;1571;"1571";"CUST-49105";"App"
"UK-2026-104483";"2026-06-27";"Central";"Raipur";"43-inch Smart TV";"Electronics";1;25978;"25978";"CUST-26150";"Marketplace"
"UK-2026-103664";"2026-05-26";"Central";"Bhopal";"Silk Saree";"Fashion";1;3381;"3381";"CUST-49103";"Website"
"UK-2026-103310";"2026-05-17";"West";"Surat";"Smart Watch X2";"Electronics";1;4611;"4611";"CUST-52894";"Marketplace"
"UK-2026-101833";"2026-03-16";"North";"Chandigarh";"Air Fryer 5L";"Home & Kitchen";2;5417;"10834";"CUST-42969";"App"
"UK-2026-101629";"2026-03-05";"Central";"Nagpur";"Ethnic Dupatta";"Fashion";1;492;"492";"CUST-22637";"Website"
"UK-2026-102295";"2026-04-23";"Central";"Bhopal";"Vitamin C Serum";"Beauty";1;676;"676";"CUST-30596";"Marketplace"
"UK-2026-104264";"2026-06-23";"West";"Mumbai";"Dinner Set 24pc";"Home & Kitchen";1;2444;"2444";"CUST-54642";"App"
"UK-2026-101248";"2026-02-20";"North";"Chandigarh";"Cotton Kurta Set";"Fashion";1;1253;"1253";"CUST-26611";"Marketplace"
"UK-2026-102798";"2026-04-10";"North";"Chandigarh";"Ionic Hair Dryer";"Beauty";1;1927;"1927";"CUST-97109";"Website"
"UK-2026-101378";"2026-02-07";"Central";"Raipur";"Smart Watch X2";"Electronics";2;4642;"9284";"CUST-99008";"Website"
"UK-2026-103290";"2026-05-24";"South";"Hyderabad";"Yoga Mat Pro";"Sports";1;1144;"1144";"CUST-89045";"App"
"UK-2026-100934";"2026-02-25";"Central";"Nagpur";"Cricket Bat English Willow";"Sports";4;9034;"36136";"CUST-25835";"App"
